2.601763105
0.768698796 1.212158693 -0.781275079 -1.072165782 0.958768823 -1.425722332 1.212541024
-5.676850333 -5.342795951 16.422551510 -0.318345549 -100.000000000 100.000000000 100.000000000
78.823256692 -9.077624077 -132.008831327 -208.659769089 382.813818062 500.000000000 500.000000000
0.718494013 1.180741710 -1.475960648 -1.055405783 -1.958762112 -1.694413390 -0.331860517

2.603808678
0.784624323 1.213856889 -0.886118828 -1.064772809 1.366572673 -1.425722332 1.212541024
2.484689412 2.033670223 -14.756472391 4.805679952 100.000000000 -100.000000000 -100.000000000
-32.314969254 30.053678347 142.985210307 63.548088933 -248.329787790 -500.000000000 -500.000000000
0.718737757 1.180652145 -1.476016195 -1.055793382 -1.958857232 -1.694360712 -0.332000702

2.604816106
0.769014152 1.210343617 -0.865640270 -1.020936553 1.489223673 -1.842388999 0.795874357
-3.746441110 -0.843185187 4.914853797 10.520701527 29.436239792 -100.000000000 -100.000000000
-56.282444842 -43.993878879 236.139711078 -95.215656314 -500.000000000 500.000000000 500.000000000
0.718867195 1.180604540 -1.476045724 -1.055999356 -1.958907789 -1.694332709 -0.332075286

2.605800094
0.753096609 1.189044862 -0.808541678 -1.024307627 1.209441333 -1.425722332 1.212541024
-3.820210250 -5.111701142 13.703662303 -0.809057783 -67.147761424 100.000000000 100.000000000
69.914126564 13.889796000 -159.337621308 -213.920310822 -500.000000000 500.000000000 500.000000000
0.718995602 1.180557284 -1.476075032 -1.056203791 -1.958957978 -1.694304901 -0.332149376

2.606798166
0.750693527 1.164462096 -0.791173928 -1.077231778 0.792774667 -1.009055666 1.629207691
-0.576739553 -5.899863977 4.168259777 -12.701796220 -100.000000000 100.000000000 100.000000000
72.994104322 101.385264972 -340.826581470 12.991539260 500.000000000 -500.000000000 -500.000000000
0.719124030 1.180509992 -1.476104372 -1.056408351 -1.959008201 -1.694277077 -0.332223571

2.607803276
0.751815721 1.153940484 -0.787271876 -1.095275059 1.203519522 -1.425722332 1.212541024
0.269326448 -2.525186866 0.936492665 -4.330387375 98.578765261 -100.000000000 -100.000000000
8.377841271 119.602069205 -151.858239886 256.118267119 500.000000000 -500.000000000 -500.000000000
0.719252540 1.180462640 -1.476133745 -1.056613146 -1.959058491 -1.694249207 -0.332297914

2.608817355
0.751815721 1.153940484 -0.787271876 -1.095275059 1.203519522 -1.425722332 1.212541024
0.269326448 -2.525186866 0.936492665 -4.330387375 98.578765261 -100.000000000 -100.000000000
8.377841271 119.602069205 -151.858239886 256.118267119 500.000000000 -500.000000000 -500.000000000
0.719252540 1.180462640 -1.476133745 -1.056613146 -1.959058491 -1.694249207 -0.332297914

2.610271262
0.751815721 1.153940484 -0.787271876 -1.095275059 1.203519522 -1.425722332 1.212541024
0.269326448 -2.525186866 0.936492665 -4.330387375 98.578765261 -100.000000000 -100.000000000
8.377841271 119.602069205 -151.858239886 256.118267119 500.000000000 -500.000000000 -500.000000000
0.719252540 1.180462640 -1.476133745 -1.056613146 -1.959058491 -1.694249207 -0.332297914

2.610782669
0.751815721 1.153940484 -0.787271876 -1.095275059 1.203519522 -1.425722332 1.212541024
0.269326448 -2.525186866 0.936492665 -4.330387375 98.578765261 -100.000000000 -100.000000000
8.377841271 119.602069205 -151.858239886 256.118267119 500.000000000 -500.000000000 -500.000000000
0.719382739 1.180414638 -1.476163532 -1.056820727 -1.959109468 -1.694220957 -0.332373330

2.611807826
0.747520357 1.158592372 -0.797484051 -1.057404147 1.620186188 -1.842388999 0.795874357
-1.030887387 1.116453202 -2.450921972 9.089018797 100.000000000 -100.000000000 -100.000000000
17.830150229 -20.156493227 -18.855500042 -181.763779903 -500.000000000 500.000000000 500.000000000
0.719768752 1.180272141 -1.476251959 -1.057436763 -1.959260798 -1.694137065 -0.332597515

2.612756981
0.747520357 1.158592372 -0.797484051 -1.057404147 1.620186188 -1.842388999 0.795874357
-1.030887387 1.116453202 -2.450921972 9.089018797 100.000000000 -100.000000000 -100.000000000
17.842587244 -20.161087191 -18.858351424 -181.783637556 -500.000000000 500.000000000 500.000000000
0.719768752 1.180272141 -1.476251959 -1.057436763 -1.959260798 -1.694137065 -0.332597515

2.613927668
0.749151789 1.156866133 -0.815251554 -1.060384670 1.649995651 -1.425722332 1.212541024
0.391543731 -0.414297320 -4.264200819 -0.715325396 7.154271030 100.000000000 100.000000000
17.856042932 -20.166060656 -18.861437864 -181.805132657 -500.000000000 500.000000000 500.000000000
0.719903309 1.180222406 -1.476282824 -1.057651714 -1.959313617 -1.694107774 -0.332675870

2.614799871
0.758095508 1.143196159 -0.828985820 -1.120909699 1.233328984 -1.009055666 1.629207691
2.146492482 -3.280793890 -3.296223791 -14.526006979 -100.000000000 100.000000000 100.000000000
-10.739062721 10.615411469 19.177064400 14.553174982 -500.000000000 -500.000000000 -500.000000000
0.720069908 1.180160784 -1.476321074 -1.057917999 -1.959379058 -1.694071481 -0.332773031

2.615803368
0.774708122 1.126729146 -0.870154283 -1.216595886 0.816662318 -0.592388999 2.045874357
3.987027485 -3.952083052 -9.880431211 -22.964685025 -100.000000000 100.000000000 100.000000000
-46.722064666 69.308511335 1.188573964 296.802765931 500.000000000 -500.000000000 -500.000000000
0.720173357 1.180122494 -1.476344838 -1.058083435 -1.959419723 -1.694048923 -0.332833448

2.617131536
0.774708122 1.126729146 -0.870154283 -1.216595886 0.816662318 -0.592388999 2.045874357
3.987027485 -3.952083052 -9.880431211 -22.964685025 -100.000000000 100.000000000 100.000000000
-46.722064666 69.308511335 1.188573964 296.802765931 500.000000000 -500.000000000 -500.000000000
0.720306121 1.180073327 -1.476375361 -1.058295841 -1.959471937 -1.694019957 -0.332911076

2.617874370
0.776341970 1.114420598 -0.864544665 -1.264235587 1.233328984 -1.009055666 1.629207691
0.392123393 -2.954051613 1.346308380 -11.433528077 100.000000000 -100.000000000 -100.000000000
-85.180749847 84.376079141 136.986516407 475.123704999 500.000000000 -500.000000000 -500.000000000
0.720542202 1.179985820 -1.476429696 -1.058673804 -1.959564864 -1.693968399 -0.333049373

2.618827986
0.776341970 1.114420598 -0.864544665 -1.264235587 1.233328984 -1.009055666 1.629207691
0.392123393 -2.954051613 1.346308380 -11.433528077 100.000000000 -100.000000000 -100.000000000
-13.422444629 65.637554515 -88.114670682 249.226739845 -500.000000000 500.000000000 500.000000000
0.720665654 1.179940021 -1.476458136 -1.058871582 -1.959613499 -1.693941410 -0.333121824

2.619917485
0.776341970 1.114420598 -0.864544665 -1.264235587 1.233328984 -1.009055666 1.629207691
0.392123393 -2.954051613 1.346308380 -11.433528077 100.000000000 -100.000000000 -100.000000000
-13.410099456 65.632974617 -88.117514763 249.206962002 -500.000000000 500.000000000 500.000000000
0.720665654 1.179940021 -1.476458136 -1.058871582 -1.959613499 -1.693941410 -0.333121824

2.620778721
0.756703492 1.106587944 -0.819809228 -1.242865435 1.649995651 -1.425722332 1.212541024
-4.713234663 -1.879836962 10.736504921 5.128836432 100.000000000 -100.000000000 -100.000000000
-13.410099456 65.632974617 -88.117514763 249.206962002 -500.000000000 500.000000000 500.000000000
0.720796811 1.179891333 -1.476488369 -1.059081809 -1.959665205 -1.693912709 -0.333198900

2.622045590
0.743430915 1.099307882 -0.797139629 -1.255416369 1.452984419 -1.009055666 1.629207691
-3.185418432 -1.747214813 5.440703669 -3.012224248 -47.282695744 100.000000000 100.000000000
90.674025164 44.927078127 -280.398012528 -84.198366103 -500.000000000 500.000000000 500.000000000
0.720922310 1.179844715 -1.476517317 -1.059283066 -1.959714711 -1.693885226 -0.333272747

2.622808579
0.743430915 1.099307882 -0.797139629 -1.255416369 1.452984419 -1.009055666 1.629207691
-3.185418432 -1.747214813 5.440703669 -3.012224248 -47.282695744 100.000000000 100.000000000
61.471751535 42.992685456 -176.755130496 79.834962614 500.000000000 -500.000000000 -500.000000000
0.721175900 1.179750433 -1.476575881 -1.059690020 -1.959814831 -1.693829641 -0.333422251

2.623806176
0.743430915 1.099307882 -0.797139629 -1.255416369 1.452984419 -1.009055666 1.629207691
-3.185418432 -1.747214813 5.440703669 -3.012224248 -47.282695744 100.000000000 100.000000000
61.482867092 42.988551361 -176.757698610 79.817119905 500.000000000 -500.000000000 -500.000000000
0.721303258 1.179703038 -1.476605323 -1.059894551 -1.959865162 -1.693801691 -0.333497482

2.624775983
0.745493677 1.099569256 -0.836965788 -1.323036629 1.452984419 -1.009055666 1.629207691
-0.546537190 0.556957020 -1.739392984 -3.531610074 100.000000000 -100.000000000 -100.000000000
-23.478767977 18.129990400 91.689003885 278.787748803 500.000000000 -500.000000000 -500.000000000
0.721441281 1.179651640 -1.476637250 -1.060116321 -1.959919743 -1.693771374 -0.333579125

2.625799987
0.728088595 1.105668839 -0.818617488 -1.280333620 1.869651086 -1.425722332 1.212541024
-4.177219713 1.463899897 4.403592189 10.248722101 100.000000000 -100.000000000 -100.000000000
8.525504134 -3.130901915 -29.179286436 96.924232243 -500.000000000 500.000000000 500.000000000
0.721568471 1.179604247 -1.476666695 -1.060320788 -1.959970071 -1.693743418 -0.333654460

2.626784720
0.716276140 1.105975784 -0.804603984 -1.282918122 1.655061862 -1.009055666 1.629207691
-2.834989342 0.073667001 3.363240811 -0.620280406 -51.501413550 100.000000000 100.000000000
82.892381804 -21.884457138 -153.876764533 -182.973158772 -500.000000000 500.000000000 500.000000000
0.721709477 1.179551670 -1.476699364 -1.060547580 -1.960025902 -1.693712401 -0.333738094

2.627763588
0.718215405 1.105072886 -0.822625070 -1.334527563 1.238395196 -0.592388999 2.045874357
0.465423761 -0.216695650 -4.325060491 -12.386265906 -100.000000000 100.000000000 100.000000000
57.243120608 5.884248564 -134.474354226 34.642662276 500.000000000 -500.000000000 -500.000000000
0.721834455 1.179505040 -1.476728339 -1.060748696 -1.960075420 -1.693684887 -0.333812322

2.628892004
0.712733685 1.107225841 -0.817208111 -1.344414577 1.655061862 -1.009055666 1.629207691
-1.315612841 0.516709149 1.300070125 -2.372883285 100.000000000 -100.000000000 -100.000000000
-8.946570220 11.777128363 21.090882845 275.103204803 500.000000000 -500.000000000 -500.000000000
0.721834455 1.179505040 -1.476728339 -1.060748696 -1.960075420 -1.693684887 -0.333812322

2.631362523
0.712733685 1.107225841 -0.817208111 -1.344414577 1.655061862 -1.009055666 1.629207691
-1.315612841 0.516709149 1.300070125 -2.372883285 100.000000000 -100.000000000 -100.000000000
-8.946570220 11.777128363 21.090882845 275.103204803 500.000000000 -500.000000000 -500.000000000
0.721971108 1.179454021 -1.476760048 -1.060968706 -1.960129595 -1.693654784 -0.333893591

2.631781981
0.712733685 1.107225841 -0.817208111 -1.344414577 1.655061862 -1.009055666 1.629207691
-1.315612841 0.516709149 1.300070125 -2.372883285 100.000000000 -100.000000000 -100.000000000
27.222333822 -3.106263081 -91.953425367 75.824253748 -500.000000000 500.000000000 500.000000000
0.722150404 1.179387029 -1.476801686 -1.061257547 -1.960200732 -1.693615247 -0.334000394

2.632777074
0.685632117 1.119551274 -0.789441613 -1.295761345 1.856026970 -1.009055666 1.629207691
-2.554558084 0.649882555 3.494906970 0.108399271 -51.768374084 100.000000000 100.000000000
81.601574506 -39.916716255 -130.664976570 -207.900647107 -500.000000000 500.000000000 500.000000000
0.722450043 1.179274940 -1.476871358 -1.061740705 -1.960319759 -1.693549074 -0.334179323

2.633746690
0.681401789 1.120372343 -0.787987621 -1.331912039 1.439360304 -0.592388999 2.045874357
-1.015278720 0.197056629 0.348958073 -8.676166488 -100.000000000 100.000000000 100.000000000
81.601574506 -39.916716255 -130.664976570 -207.900647107 -500.000000000 500.000000000 500.000000000
0.722577148 1.179227343 -1.476900946 -1.061945826 -1.960370302 -1.693520966 -0.334255390

2.634809502
0.681401789 1.120372343 -0.787987621 -1.331912039 1.439360304 -0.592388999 2.045874357
-1.015278720 0.197056629 0.348958073 -8.676166488 -100.000000000 100.000000000 100.000000000
54.760771718 -7.020725181 -138.638279772 21.253729182 500.000000000 -500.000000000 -500.000000000
0.722710224 1.179177478 -1.476931952 -1.062160687 -1.960423251 -1.693491522 -0.334335135

2.635777920
0.671460588 1.125838565 -0.774402524 -1.322637321 1.856026970 -1.009055666 1.629207691
-2.385888387 1.311893318 3.260423489 2.225932130 100.000000000 -100.000000000 -100.000000000
24.436417833 1.939380939 -75.873594500 200.498464919 500.000000000 -500.000000000 -500.000000000
0.722831116 1.179132150 -1.476960137 -1.062355974 -1.960471383 -1.693464751 -0.334407674

2.636807470
0.645179218 1.180892910 -0.827229073 -1.147854216 2.689360304 -1.842388999 0.795874357
-2.962374524 8.989332654 -12.122203651 26.621547060 100.000000000 -100.000000000 -100.000000000
73.433949258 -80.904726032 -58.900658718 -286.885829224 -500.000000000 500.000000000 500.000000000
0.722957629 1.179084686 -1.476989655 -1.062560434 -1.960521782 -1.693436717 -0.334483680

2.637811605
0.645179218 1.180892910 -0.827229073 -1.147854216 2.689360304 -1.842388999 0.795874357
-2.962374524 8.989332654 -12.122203651 26.621547060 100.000000000 -100.000000000 -100.000000000
67.025331492 -179.967475558 177.468014859 -500.000000000 -500.000000000 500.000000000 500.000000000
0.723084810 1.179036940 -1.477019348 -1.062766079 -1.960572480 -1.693408512 -0.334560189

2.638806481
0.633103143 1.195842588 -0.831772371 -1.095115221 2.677902854 -1.425722332 1.212541024
-2.898258094 3.587922728 -1.090391347 12.657358767 -2.749787872 100.000000000 100.000000000
66.963328585 -73.439019371 -42.716870795 -249.912261108 -408.851775959 -500.000000000 -500.000000000
0.723212631 1.178988924 -1.477049211 -1.062972860 -1.960623465 -1.693380141 -0.334637184

2.650795142
0.643056152 1.183167799 -0.776468724 -1.145489983 2.299532255 -1.009055666 1.629207691
4.769907332 -0.446317386 -8.770512372 -13.949886722 -38.892948135 100.000000000 100.000000000
-87.268589884 8.465535386 105.325491427 287.064719177 351.797812327 -500.000000000 -500.000000000
0.724351719 1.178559676 -1.477316284 -1.064820135 -1.961079248 -1.693126365 -0.335327809

2.652073153
0.637119791 1.174350096 -0.733604435 -1.156076157 1.882865589 -1.425722332 1.212541024
-1.424726432 -2.116248770 10.287429421 -2.540681828 -100.000000000 -100.000000000 -100.000000000
-87.268589884 8.465535386 105.325491427 287.064719177 351.797812327 -500.000000000 -500.000000000
0.724723252 1.178419140 -1.477403766 -1.065424432 -1.961228467 -1.693043216 -0.335554825

2.652790631
0.561662851 1.147820538 -0.477345635 -1.107047445 1.302825410 -2.259055666 0.379207691
-10.658888803 -1.800077568 32.155453583 10.928753633 -39.209643023 -100.000000000 -100.000000000
160.899313016 93.642981215 -500.000000000 -8.077630798 500.000000000 500.000000000 500.000000000
0.724985051 1.178319954 -1.477465516 -1.065850777 -1.961333781 -1.692984510 -0.335715314

2.653838697
0.567628012 1.159710666 -0.498341806 -1.075848988 1.719492076 -1.842388999 0.795874357
1.431638688 2.853630620 -5.039080916 7.487629737 100.000000000 100.000000000 100.000000000
160.899313016 93.642981215 -500.000000000 -8.077630798 500.000000000 500.000000000 500.000000000
0.724985051 1.178319954 -1.477465516 -1.065850777 -1.961333781 -1.692984510 -0.335715314

2.654834454
0.567628012 1.159710666 -0.498341806 -1.075848988 1.719492076 -1.842388999 0.795874357
1.431638688 2.853630620 -5.039080916 7.487629737 100.000000000 100.000000000 100.000000000
229.509996036 39.051492952 -500.000000000 -214.455405807 457.776941418 500.000000000 500.000000000
0.724985051 1.178319954 -1.477465516 -1.065850777 -1.961333781 -1.692984510 -0.335715314

2.655828948
0.709075584 1.223037730 -0.981577020 -1.141740650 2.552825410 -1.009055666 1.629207691
21.519810837 9.447749737 -73.631165386 -16.477028108 100.000000000 100.000000000 100.000000000
-237.994596545 -115.550130710 500.000000000 -12.537027907 -500.000000000 -500.000000000 -500.000000000
0.725359636 1.178177810 -1.477554034 -1.066461559 -1.961484703 -1.692900357 -0.335945697

2.656799586
0.744603970 1.252170099 -1.131910038 -1.182645192 2.632753348 -1.425722332 1.212541024
8.526812422 6.991768540 -36.079924178 -9.817090251 19.182705251 -100.000000000 -100.000000000
-428.767811585 -193.440986756 500.000000000 337.068471278 -500.000000000 -500.000000000 -500.000000000
0.725485942 1.178129820 -1.477583925 -1.066667710 -1.961535655 -1.692871940 -0.336023580

2.657799975
0.739598031 1.261484382 -1.171972526 -1.165730228 2.216086681 -1.842388999 0.795874357
-1.201425334 2.235427850 -9.614997055 4.059591518 -100.000000000 -100.000000000 -100.000000000
-172.448051169 -147.239398689 500.000000000 207.939553238 -500.000000000 500.000000000 500.000000000
0.725615550 1.178080544 -1.477614618 -1.066879359 -1.961587974 -1.692842755 -0.336103607

2.658800238
0.727061491 1.241289000 -1.129295051 -1.181135844 1.799420015 -1.425722332 1.212541024
-3.008769635 -4.846891683 10.242593990 -3.697347976 -100.000000000 100.000000000 100.000000000
22.630258647 -53.048940825 161.735731802 -71.306743450 500.000000000 500.000000000 500.000000000
0.725738056 1.178033938 -1.477643651 -1.067079508 -1.961637456 -1.692815150 -0.336179345

2.659804602
0.727061491 1.241289000 -1.129295051 -1.181135844 1.799420015 -1.425722332 1.212541024
-3.008769635 -4.846891683 10.242593990 -3.697347976 -100.000000000 100.000000000 100.000000000
22.630258647 -53.048940825 161.735731802 -71.306743450 500.000000000 500.000000000 500.000000000
0.725863565 1.177986160 -1.477673420 -1.067284664 -1.961688182 -1.692786849 -0.336257039

2.660798584
0.725832083 1.240701397 -1.210567523 -1.209070895 2.277674757 -1.425722332 1.212541024
-0.878607235 1.800730529 -13.134626940 3.357447711 100.000000000 -100.000000000 -100.000000000
-12.033926848 33.313886411 95.231977065 216.814758048 -500.000000000 -500.000000000 -500.000000000
0.725989367 1.177938239 -1.477703276 -1.067490402 -1.961739060 -1.692758458 -0.336335017

2.661797868
0.702230288 1.237172379 -1.208492627 -1.154770854 2.166658058 -1.842388999 0.795874357
-5.664430925 -0.846964282 0.497974880 13.032009922 -26.644007745 -100.000000000 -100.000000000
17.587873102 -42.290926315 235.978963482 -52.990904950 -500.000000000 500.000000000 500.000000000
0.726114737 1.177890452 -1.477733049 -1.067695539 -1.961789797 -1.692730140 -0.336412829

2.662830002
0.683440051 1.212776653 -1.153834276 -1.146245669 1.749991391 -1.425722332 1.212541024
-4.509656874 -5.854974192 13.118004353 2.046044394 -100.000000000 100.000000000 100.000000000
115.677063481 11.011092985 -36.883539727 -251.932666942 120.035369376 500.000000000 500.000000000
0.726243685 1.177841271 -1.477763700 -1.067906631 -1.961842011 -1.692700998 -0.336492964

2.663756923
0.683440051 1.212776653 -1.153834276 -1.146245669 1.749991391 -1.425722332 1.212541024
-4.509656874 -5.854974192 13.118004353 2.046044394 -100.000000000 100.000000000 100.000000000
94.473500954 113.605945639 -294.753029472 -33.086984102 500.000000000 -500.000000000 -500.000000000
0.726365602 1.177794741 -1.477792696 -1.068106317 -1.961891413 -1.692673419 -0.336568831

2.664808392
0.684107029 1.198500187 -1.163771217 -1.185710444 1.453023023 -1.009055666 1.629207691
0.160074808 -3.426351845 -2.384865742 -9.471546067 -71.272408486 100.000000000 100.000000000
94.473500954 113.605945639 -294.753029472 -33.086984102 500.000000000 -500.000000000 -500.000000000
0.726491675 1.177746594 -1.477822701 -1.068312912 -1.961942531 -1.692644877 -0.336647385

2.665818361
0.684107029 1.198500187 -1.163771217 -1.185710444 1.453023023 -1.009055666 1.629207691
0.160074808 -3.426351845 -2.384865742 -9.471546067 -71.272408486 100.000000000 100.000000000
94.485692665 113.601292618 -294.755929102 -33.106952661 500.000000000 -500.000000000 -500.000000000
0.726491675 1.177746594 -1.477822701 -1.068312912 -1.961942531 -1.692644877 -0.336647385

2.666807337
0.662564970 1.253621119 -1.409395726 -1.045195188 2.703023023 -2.259055666 0.379207691
-3.594956410 8.739379421 -31.468343259 20.077625447 100.000000000 -100.000000000 -100.000000000
78.308425268 -182.381395287 500.000000000 -403.891543016 -500.000000000 500.000000000 500.000000000
0.726740745 1.177651384 -1.477882048 -1.068721363 -1.962043613 -1.692588431 -0.336802875

2.667801742
0.654544107 1.247682368 -1.431488850 -1.023517471 2.815680180 -1.842388999 0.795874357
-1.925007219 -1.425300139 -5.302349664 5.202652246 27.037717880 100.000000000 100.000000000
78.316705688 -182.384561847 500.000000000 -403.905126411 -500.000000000 500.000000000 500.000000000
0.726867572 1.177602856 -1.477912297 -1.068929506 -1.962095135 -1.692559653 -0.336882207

2.671001816
0.654544107 1.247682368 -1.431488850 -1.023517471 2.815680180 -1.842388999 0.795874357
-1.925007219 -1.425300139 -5.302349664 5.202652246 27.037717880 100.000000000 100.000000000
78.316705688 -182.384561847 500.000000000 -403.905126411 -500.000000000 500.000000000 500.000000000
0.726867572 1.177602856 -1.477912297 -1.068929506 -1.962095135 -1.692559653 -0.336882207

2.671281430
0.654544107 1.247682368 -1.431488850 -1.023517471 2.815680180 -1.842388999 0.795874357
-1.925007219 -1.425300139 -5.302349664 5.202652246 27.037717880 100.000000000 100.000000000
45.732490944 21.498051601 101.404648522 -108.594248467 -500.000000000 -500.000000000 -500.000000000
0.726867572 1.177602856 -1.477912297 -1.068929506 -1.962095135 -1.692559653 -0.336882207

2.672356184
0.658981774 1.197538471 -1.321029634 -1.059473424 2.428443609 -1.425722332 1.212541024
1.065040074 -12.034535248 26.510211667 -8.629428901 -92.936777252 100.000000000 100.000000000
-14.472049157 238.681751500 -500.000000000 171.576971255 500.000000000 -500.000000000 -500.000000000
0.727269297 1.177448937 -1.478008264 -1.069589492 -1.962258547 -1.692468356 -0.337134179

2.672809215
0.646117562 1.136405350 -1.163422508 -1.063789866 2.011776942 -1.842388999 0.795874357
-3.087410883 -14.671949091 37.825710352 -1.035946010 -100.000000000 -100.000000000 -100.000000000
69.879358824 297.537213708 -500.000000000 20.112695233 500.000000000 500.000000000 500.000000000
0.727492151 1.177363414 -1.478061597 -1.069956073 -1.962349342 -1.692417613 -0.337274412

2.673980827
0.612940864 1.029976392 -0.871207886 -1.105322593 2.011776942 -1.842388999 0.795874357
-0.180629971 -7.813749244 15.228735290 -9.555182167 100.000000000 100.000000000 100.000000000
69.885676550 297.534788212 -500.000000000 20.102299533 500.000000000 500.000000000 500.000000000
0.727617322 1.177315335 -1.478091587 -1.070162114 -1.962400382 -1.692389086 -0.337353319

2.674794444
0.650388951 1.024315956 -0.958712357 -1.179433119 2.428443609 -1.425722332 1.212541024
8.987541015 -1.358504767 -21.001072977 -17.786526123 100.000000000 100.000000000 100.000000000
69.885676550 297.534788212 -500.000000000 20.102299533 500.000000000 500.000000000 500.000000000
0.727617322 1.177315335 -1.478091587 -1.070162114 -1.962400382 -1.692389086 -0.337353319

2.675849771
0.675044488 1.029325870 -1.026806596 -1.208587705 2.403755938 -1.842388999 0.795874357
5.917328699 1.202379317 -16.342617498 -6.997100637 -5.925040847 -100.000000000 -100.000000000
15.080245247 171.008879194 -365.263075924 194.619691303 -500.000000000 -500.000000000 -500.000000000
0.727868718 1.177218678 -1.478151875 -1.070576252 -1.962502998 -1.692331712 -0.337512112

2.676781610
0.675044488 1.029325870 -1.026806596 -1.208587705 2.403755938 -1.842388999 0.795874357
5.917328699 1.202379317 -16.342617498 -6.997100637 -5.925040847 -100.000000000 -100.000000000
-113.064150880 -9.258305478 281.717822143 153.743158011 -318.125076685 500.000000000 500.000000000
0.727868718 1.177218678 -1.478151875 -1.070576252 -1.962502998 -1.692331712 -0.337512112

2.677829396
0.665194270 1.022320086 -1.002901546 -1.185502911 1.987089272 -2.259055666 0.379207691
-2.364052115 -1.681387984 5.737212096 5.540350531 -100.000000000 -100.000000000 -100.000000000
-113.051805764 -9.263056534 281.714858326 153.722805991 -318.130120521 500.000000000 500.000000000
0.727992170 1.177171168 -1.478181513 -1.070779773 -1.962553436 -1.692303507 -0.337590241

2.678750632
0.651402527 1.001792909 -0.943265759 -1.182577624 1.575700745 -1.842388999 0.795874357
-3.310018503 -4.926522648 14.312588756 0.702068954 -98.733246326 100.000000000 100.000000000
53.573113711 49.108138301 -162.275189483 -99.354953900 500.000000000 500.000000000 500.000000000
0.728240132 1.177075648 -1.478241111 -1.071188867 -1.962654841 -1.692246793 -0.337747472

2.679782399
0.667479615 1.000769223 -0.995496430 -1.203838831 1.887619243 -1.425722332 1.212541024
3.858501114 -0.245684489 -12.535361045 -5.102689696 74.860439416 100.000000000 100.000000000
73.884130635 116.058726836 -339.749310276 -2.902503436 500.000000000 -500.000000000 -500.000000000
0.728364817 1.177027570 -1.478271108 -1.071394732 -1.962705882 -1.692218239 -0.337826688

2.680773362
0.686233603 1.020852608 -1.098945274 -1.184593432 2.304285910 -1.842388999 0.795874357
4.500957282 4.820012238 -24.827722411 4.618895827 100.000000000 -100.000000000 -100.000000000
-71.081502092 22.539524415 202.429753172 115.298203778 -500.000000000 -500.000000000 -500.000000000
0.728503669 1.176973992 -1.478304540 -1.071624111 -1.962762760 -1.692186415 -0.337915027

2.682146914
0.678684292 1.028923782 -1.128599870 -1.137908837 2.024201376 -2.259055666 0.379207691
-1.811834801 1.937081782 -7.117103033 11.204302655 -67.220288047 -100.000000000 -100.000000000
-85.792139114 -80.788106300 458.618521577 -81.080984480 -500.000000000 500.000000000 500.000000000
0.728615164 1.176930944 -1.478331413 -1.071808386 -1.962808457 -1.692160849 -0.337986051

2.682782667
0.665921610 1.009621815 -1.082584349 -1.123982087 1.607534709 -1.842388999 0.795874357
-3.063043589 -4.632471937 11.043725072 3.342420161 -100.000000000 100.000000000 100.000000000
41.229783242 -23.940919432 107.368906361 -217.476008018 500.000000000 500.000000000 500.000000000
0.728737575 1.176883650 -1.478360926 -1.072010807 -1.962858666 -1.692132749 -0.338064128

2.683833086
0.675246065 1.002532835 -1.118268301 -1.141740876 1.896962482 -1.425722332 1.212541024
2.237869248 -1.701355226 -8.564148465 -4.262109376 69.462665470 100.000000000 100.000000000
67.542468319 109.375622238 -260.452159140 -61.651275309 500.000000000 -500.000000000 -500.000000000
0.728862143 1.176835493 -1.478390983 -1.072216895 -1.962909789 -1.692104134 -0.338143681

2.684823959
0.683805498 1.014613764 -1.201671424 -1.120029775 2.313629149 -1.842388999 0.795874357
2.054263878 2.899422966 -20.016749646 5.210664095 100.000000000 -100.000000000 -100.000000000
-39.395777211 51.457370338 135.270701079 92.194585595 -500.000000000 -500.000000000 -500.000000000
0.728985939 1.176787604 -1.478420878 -1.072421810 -1.962960627 -1.692075677 -0.338222845

2.685833692
0.670063804 1.014341586 -1.215778411 -1.070047325 2.037571335 -2.259055666 0.379207691
-3.298006582 -0.065322715 -3.385676962 11.995788166 -66.253875329 -100.000000000 -100.000000000
-36.567233442 -41.771075375 372.660047558 -99.452485331 -500.000000000 500.000000000 500.000000000
0.729111338 1.176739063 -1.478451182 -1.072629481 -1.963012156 -1.692046830 -0.338303136

2.686996336
0.670063804 1.014341586 -1.215778411 -1.070047325 2.037571335 -2.259055666 0.379207691
-3.298006582 -0.065322715 -3.385676962 11.995788166 -66.253875329 -100.000000000 -100.000000000
-36.567233442 -41.771075375 372.660047558 -99.452485331 -500.000000000 500.000000000 500.000000000
0.729111338 1.176739063 -1.478451182 -1.072629481 -1.963012156 -1.692046830 -0.338303136

2.687824001
0.670063804 1.014341586 -1.215778411 -1.070047325 2.037571335 -2.259055666 0.379207691
-3.298006582 -0.065322715 -3.385676962 11.995788166 -66.253875329 -100.000000000 -100.000000000
-36.567233442 -41.771075375 372.660047558 -99.452485331 -500.000000000 500.000000000 500.000000000
0.729111338 1.176739063 -1.478451182 -1.072629481 -1.963012156 -1.692046830 -0.338303136

2.699849469
0.671336035 0.910732308 -1.484184575 -0.966617036 2.373793224 -1.842388999 0.795874357
2.081408333 2.554980718 -26.774898996 2.697359486 100.000000000 -100.000000000 -100.000000000
-51.853313991 106.780497390 127.169670351 122.521531623 -500.000000000 -500.000000000 -500.000000000
0.730840394 1.176066483 -1.478871308 -1.075503919 -1.963726116 -1.691646742 -0.339421070

2.700802254
0.657162087 0.903661630 -1.510503176 -0.919878812 2.076487674 -2.259055666 0.379207691
-3.401747580 -1.696962688 -6.316464189 11.217173843 -71.353332045 -100.000000000 -100.000000000
75.402782341 61.179739091 129.492470628 -239.905987582 500.000000000 500.000000000 500.000000000
0.730964567 1.176017944 -1.478901640 -1.075711145 -1.963777642 -1.691617836 -0.339502141

2.701807227
0.664699664 0.911894613 -1.620677108 -0.924782366 2.493154340 -1.842388999 0.795874357
1.809018659 1.975915975 -26.441743681 -1.176853005 100.000000000 100.000000000 100.000000000
75.415199684 61.174885127 129.489437401 -239.926710205 500.000000000 500.000000000 500.000000000
0.731088467 1.175969480 -1.478931933 -1.075918017 -1.963829085 -1.691588976 -0.339583137

2.702803915
0.689739487 0.930299955 -1.779289917 -0.995660687 2.909821007 -1.425722332 1.212541024
6.009557431 4.417282015 -38.067074111 -17.010797114 100.000000000 100.000000000 100.000000000
-29.541492963 -13.110832817 500.000000000 8.423494950 -500.000000000 -500.000000000 -500.000000000
0.731211011 1.175921515 -1.478961920 -1.076122731 -1.963879997 -1.691560414 -0.339663350

2.703775701
0.693561164 0.916778771 -1.812457115 -1.013876749 2.796517483 -1.842388999 0.795874357
0.917202504 -3.245084163 -7.960127459 -4.371854829 -27.192845707 -100.000000000 -100.000000000
-29.541492963 -13.110832817 500.000000000 8.423494950 -500.000000000 -500.000000000 -500.000000000
0.731211011 1.175921515 -1.478961920 -1.076122731 -1.963879997 -1.691560414 -0.339663350

2.704816418
0.693561164 0.916778771 -1.812457115 -1.013876749 2.796517483 -1.842388999 0.795874357
0.917202504 -3.245084163 -7.960127459 -4.371854829 -27.192845707 -100.000000000 -100.000000000
-29.541492963 -13.110832817 500.000000000 8.423494950 -500.000000000 -500.000000000 -500.000000000
0.731211011 1.175921515 -1.478961920 -1.076122731 -1.963879997 -1.691560414 -0.339663350

2.705816069
0.693561164 0.916778771 -1.812457115 -1.013876749 2.796517483 -1.842388999 0.795874357
0.917202504 -3.245084163 -7.960127459 -4.371854829 -27.192845707 -100.000000000 -100.000000000
-116.043996182 -63.783484277 500.000000000 332.169737868 -500.000000000 -500.000000000 -500.000000000
0.731211011 1.175921515 -1.478961920 -1.076122731 -1.963879997 -1.691560414 -0.339663350

2.706903603
0.664421357 0.802591035 -1.576220243 -0.918172502 1.970888701 -2.259055666 -0.037458976
-5.475352461 -17.218552822 41.706704958 17.124732351 -98.150907761 0.000000000 -100.000000000
34.798877389 233.874116968 -272.708396255 -125.607803889 500.000000000 500.000000000 500.000000000
0.731704724 1.175727953 -1.479082944 -1.076948562 -1.964085453 -1.691445105 -0.339987574

2.707812437
0.664421357 0.802591035 -1.576220243 -0.918172502 1.970888701 -2.259055666 -0.037458976
-5.475352461 -17.218552822 41.706704958 17.124732351 -98.150907761 0.000000000 -100.000000000
116.235385964 381.684748263 -500.000000000 -358.372253091 500.000000000 56.761056062 500.000000000
0.731825377 1.175680572 -1.479112574 -1.077150639 -1.964135745 -1.691416869 -0.340067066

2.708830975
0.677201738 0.772440493 -1.620724751 -0.960657295 2.804222034 -1.425722332 0.795874357
5.065385552 0.644462363 -23.024142206 -13.295314216 100.000000000 100.000000000 100.000000000
47.534821980 198.204379821 -242.293379863 -79.168324938 -500.000000000 -500.000000000 -500.000000000
0.731948049 1.175632367 -1.479142717 -1.077356204 -1.964186914 -1.691388135 -0.340147992

2.710116113
0.686711360 0.773404832 -1.686319634 -0.985379863 2.773539985 -1.842388999 0.379207691
2.282309215 0.231441418 -15.742771887 -5.933416424 -7.363691792 -100.000000000 -100.000000000
-95.833079914 27.429940093 474.641047552 254.236393381 -500.000000000 -500.000000000 -500.000000000
0.732072029 1.175583615 -1.479173207 -1.077564068 -1.964238660 -1.691359075 -0.340229888

2.710859380
0.686711360 0.773404832 -1.686319634 -0.985379863 2.773539985 -1.842388999 0.379207691
2.282309215 0.231441418 -15.742771887 -5.933416424 -7.363691792 -100.000000000 -100.000000000
-95.833079914 27.429940093 474.641047552 254.236393381 -500.000000000 -500.000000000 -500.000000000
0.732072029 1.175583615 -1.479173207 -1.077564068 -1.964238660 -1.691359075 -0.340229888

2.711800570
0.657188290 0.698004698 -1.519477119 -0.931035812 1.940206652 -1.842388999 0.379207691
-2.666164346 -11.322257078 28.083856878 3.827450157 -100.000000000 100.000000000 100.000000000
94.777428129 178.510867966 -223.438011212 -197.381479503 500.000000000 500.000000000 500.000000000
0.732315155 1.175487920 -1.479233071 -1.077972001 -1.964340231 -1.691302029 -0.340390795

2.712827554
0.674976038 0.686020860 -1.556287215 -0.976644131 2.283962635 -1.425722332 0.795874357
4.269059516 -2.876121166 -8.834422835 -10.945996527 82.501436086 100.000000000 100.000000000
60.835973397 274.193463827 -500.000000000 -91.242622026 500.000000000 -500.000000000 -500.000000000
0.732437358 1.175439773 -1.479263194 -1.078177202 -1.964391334 -1.691273322 -0.340471829

2.713826734
0.688624300 0.710286018 -1.710622818 -0.996238563 2.700629302 -1.842388999 0.379207691
3.275583000 5.823638015 -37.040544782 -4.702663721 100.000000000 -100.000000000 -100.000000000
-79.635058244 106.464314652 184.390858727 208.766623442 -500.000000000 -500.000000000 -500.000000000
0.732576629 1.175384863 -1.479297549 -1.078411191 -1.964449616 -1.691240576 -0.340564309

2.714785336
0.673594356 0.715272317 -1.775478699 -0.973345891 2.392029062 -2.259055666 -0.037458976
-3.607186682 1.196711656 -15.565411398 5.494241260 -74.064057627 -100.000000000 -100.000000000
-61.116427157 -69.962875819 500.000000000 85.836011626 -500.000000000 500.000000000 500.000000000
0.732576629 1.175384863 -1.479297549 -1.078411191 -1.964449616 -1.691240576 -0.340564309

2.715828235
0.673594356 0.715272317 -1.775478699 -0.973345891 2.392029062 -2.259055666 -0.037458976
-3.607186682 1.196711656 -15.565411398 5.494241260 -74.064057627 -100.000000000 -100.000000000
-61.116427157 -69.962875819 500.000000000 85.836011626 -500.000000000 500.000000000 500.000000000
0.732806623 1.175294091 -1.479354341 -1.078797912 -1.964545963 -1.691186428 -0.340717334

2.716842011
0.673234252 0.676466744 -1.765391579 -0.995281309 2.251372054 -1.425722332 0.795874357
1.138432272 -3.093462814 -5.942694590 -6.871178814 66.242318146 100.000000000 100.000000000
30.928728844 172.991282089 -141.144464963 -43.348221513 500.000000000 -500.000000000 -500.000000000
0.732927949 1.175246163 -1.479384339 -1.079002062 -1.964596831 -1.691157840 -0.340798206

2.717805128
0.673234252 0.676466744 -1.765391579 -0.995281309 2.251372054 -1.425722332 0.795874357
1.138432272 -3.093462814 -5.942694590 -6.871178814 66.242318146 100.000000000 100.000000000
30.928728844 172.991282089 -141.144464963 -43.348221513 500.000000000 -500.000000000 -500.000000000
0.732927949 1.175246163 -1.479384339 -1.079002062 -1.964596831 -1.691157840 -0.340798206

2.718875871
0.621854546 0.707845798 -1.995424534 -0.963163074 3.084705388 -2.259055666 -0.037458976
-8.620612385 6.550797155 -36.655761294 5.011762644 100.000000000 -100.000000000 -100.000000000
81.740944256 29.860016796 407.369985905 -63.453510579 -500.000000000 500.000000000 500.000000000
0.733079815 1.175186125 -1.479421915 -1.079257752 -1.964660553 -1.691122019 -0.340899584

2.719924003
0.614275720 0.700634209 -2.035197101 -0.972751872 3.084705388 -1.842959510 0.332136175
-1.818918176 -1.730781381 -9.545416118 -2.301311735 0.000000000 99.863077413 88.702836331
81.740944256 29.860016796 407.369985905 -63.453510579 -500.000000000 500.000000000 500.000000000
0.733294366 1.175101221 -1.479475059 -1.079619264 -1.964750667 -1.691071353 -0.341043085

2.720886616
0.642872318 0.660598601 -1.958685835 -1.005407091 2.668038721 -1.426292843 0.748802842
6.863183408 -9.608545795 18.362703868 -7.837252504 -100.000000000 100.000000000 100.000000000
183.544691019 -84.285833362 500.000000000 -111.861425484 -500.000000000 500.000000000 500.000000000
0.733416062 1.175053018 -1.479505230 -1.079824468 -1.964801829 -1.691042579 -0.341124627

2.721758612
0.656615413 0.600047448 -1.825134761 -0.989261328 2.251372054 -1.842959510 0.332136175
3.298342789 -14.532276796 32.052257794 3.874983118 -100.000000000 -100.000000000 -100.000000000
-128.209293755 243.616357585 -319.336016818 149.303312374 500.000000000 -500.000000000 -500.000000000
0.733537946 1.175004709 -1.479535472 -1.080030095 -1.964853103 -1.691013740 -0.341206401

2.722827970
0.640998838 0.566009852 -1.769101019 -0.952328162 2.339835696 -2.259626176 -0.084530491
-3.747977924 -8.169023083 13.448098149 8.863959833 21.231274023 -100.000000000 -100.000000000
-58.274602482 348.141261996 -500.000000000 -86.576539045 500.000000000 500.000000000 500.000000000
0.733677184 1.174949482 -1.479570049 -1.080265129 -1.964911718 -1.690980769 -0.341299947

2.723798334
0.649061558 0.574645536 -1.865782275 -0.977340266 2.756502363 -1.842959510 0.332136175
1.935052842 2.072564252 -23.203501584 -6.002904985 100.000000000 100.000000000 100.000000000
84.227393043 224.274424679 -240.008865986 -190.072893368 -500.000000000 500.000000000 500.000000000
0.733790854 1.174904366 -1.479598301 -1.080457108 -1.964959600 -1.690953835 -0.341376418

2.724810776
0.649061558 0.574645536 -1.865782275 -0.977340266 2.756502363 -1.842959510 0.332136175
1.935052842 2.072564252 -23.203501584 -6.002904985 100.000000000 100.000000000 100.000000000
84.227393043 224.274424679 -240.008865986 -190.072893368 -500.000000000 500.000000000 500.000000000
0.733790854 1.174904366 -1.479598301 -1.080457108 -1.964959600 -1.690953835 -0.341376418

2.726045555
0.649061558 0.574645536 -1.865782275 -0.977340266 2.756502363 -1.842959510 0.332136175
1.935052842 2.072564252 -23.203501584 -6.002904985 100.000000000 100.000000000 100.000000000
84.227393043 224.274424679 -240.008865986 -190.072893368 -500.000000000 500.000000000 500.000000000
0.733790854 1.174904366 -1.479598301 -1.080457108 -1.964959600 -1.690953835 -0.341376418

2.726827709
0.778925782 0.580472663 -2.004910860 -1.207864335 2.289986337 -1.009626176 1.165469509
19.749344323 0.590910343 -15.274396817 -34.326318856 -100.000000000 100.000000000 100.000000000
-224.622413382 43.528018267 408.490332402 418.387399995 -227.894274321 -500.000000000 -500.000000000
0.734149140 1.174761974 -1.479687472 -1.081062840 -1.965110724 -1.690868796 -0.341618063

2.727803223
0.835690154 0.554271971 -1.976683973 -1.274269131 1.873319670 -1.426292843 0.748802842
13.623449266 -6.288166116 6.774453045 -15.937151081 -100.000000000 -100.000000000 -100.000000000
-399.464550652 47.610724294 358.010275180 500.000000000 500.000000000 -500.000000000 -500.000000000
0.734149140 1.174761974 -1.479687472 -1.081062840 -1.965110724 -1.690868796 -0.341618063

2.728793528
0.835690154 0.554271971 -1.976683973 -1.274269131 1.873319670 -1.426292843 0.748802842
13.623449266 -6.288166116 6.774453045 -15.937151081 -100.000000000 -100.000000000 -100.000000000
-282.608307797 187.806441022 -85.793094421 338.038637525 500.000000000 500.000000000 500.000000000
0.734296929 1.174703158 -1.479724308 -1.081312972 -1.965173149 -1.690833657 -0.341718009

2.729824454
0.842760265 0.520991691 -1.918726256 -1.265202277 2.091540470 -1.842959510 0.332136175
1.696826758 -7.987267110 13.909852014 2.176044858 52.372991953 -100.000000000 -100.000000000
-282.594826033 187.801071492 -85.796458352 338.015806184 500.000000000 500.000000000 500.000000000
0.734521894 1.174613535 -1.479780450 -1.081694028 -1.965268265 -1.690780111 -0.341870450

2.730809124
0.835602940 0.510738115 -1.915096344 -1.270090347 2.508207136 -1.426292843 0.748802842
-1.717758024 -2.460858230 0.871178947 -1.173136795 100.000000000 100.000000000 100.000000000
-282.594826033 187.801071492 -85.796458352 338.015806184 500.000000000 500.000000000 500.000000000
0.734632674 1.174569361 -1.479808122 -1.081881810 -1.965315148 -1.690753711 -0.341945652

2.731961285
0.816210049 0.517600407 -1.945621583 -1.298718059 2.924873803 -1.009626176 1.165469509
-4.654293831 1.646950150 -7.326057377 -6.870650918 100.000000000 100.000000000 100.000000000
-44.760372241 225.107526605 -234.302459672 -25.170072269 -500.000000000 500.000000000 500.000000000
0.734754916 1.174520585 -1.479838683 -1.082089124 -1.965366912 -1.690724562 -0.342028738

2.732798014
0.816210049 0.517600407 -1.945621583 -1.298718059 2.924873803 -1.009626176 1.165469509
-4.654293831 1.646950150 -7.326057377 -6.870650918 100.000000000 100.000000000 100.000000000
-44.760372241 225.107526605 -234.302459672 -25.170072269 -500.000000000 500.000000000 500.000000000
0.734877917 1.174471474 -1.479869457 -1.082297836 -1.965419033 -1.690695209 -0.342112449

2.733806630
0.819065076 0.496228345 -1.898798969 -1.374878330 2.131699929 -1.009626176 1.165469509
-1.270229082 -4.699917323 11.197709578 -1.655337200 -100.000000000 -100.000000000 -100.000000000
-48.056691553 74.453567332 45.764308866 361.030878831 500.000000000 -500.000000000 -500.000000000
0.734997015 1.174423888 -1.479899273 -1.082500033 -1.965469535 -1.690666761 -0.342193610

2.734966608
0.819065076 0.496228345 -1.898798969 -1.374878330 2.131699929 -1.009626176 1.165469509
-1.270229082 -4.699917323 11.197709578 -1.655337200 -100.000000000 -100.000000000 -100.000000000
16.997775501 161.817900792 -182.064221990 62.344573669 500.000000000 500.000000000 500.000000000
0.735116919 1.174375949 -1.479929314 -1.082703704 -1.965520412 -1.690638098 -0.342275425

2.735997759
0.784036621 0.478670254 -1.846186953 -1.334063251 2.548366596 -1.426292843 0.748802842
-8.406829313 -4.213941864 12.626883953 9.795618824 100.000000000 -100.000000000 -100.000000000
163.244616074 153.849406784 -215.911915172 -170.776421788 -500.000000000 500.000000000 500.000000000
0.735237662 1.174327643 -1.479959595 -1.082908904 -1.965571675 -1.690609221 -0.342357916

2.736802973
0.780148902 0.474297115 -1.835832420 -1.404025141 2.585389155 -0.592959510 1.582136175
4.409039366 -1.900709933 3.821299387 -14.441334951 -91.114585833 100.000000000 100.000000000
104.187814839 52.187957107 63.903721357 73.084771602 -500.000000000 -500.000000000 -500.000000000
0.735361117 1.174278217 -1.479990567 -1.083118833 -1.965624131 -1.690579658 -0.342442375

2.738472747
0.780148902 0.474297115 -1.835832420 -1.404025141 2.585389155 -0.592959510 1.582136175
4.409039366 -1.900709933 3.821299387 -14.441334951 -91.114585833 100.000000000 100.000000000
104.187814839 52.187957107 63.903721357 73.084771602 -500.000000000 -500.000000000 -500.000000000
0.735361117 1.174278217 -1.479990567 -1.083118833 -1.965624131 -1.690579658 -0.342442375

2.751280359
0.904900246 0.422144873 -1.632562953 -1.595031560 3.079472691 -1.009626176 1.165469509
-2.240985699 2.939478518 3.227306531 2.742295364 100.000000000 -100.000000000 -100.000000000
-181.183463957 76.964657971 -16.004282329 266.019169042 -500.000000000 500.000000000 500.000000000
0.737046068 1.173600223 -1.480415762 -1.085995366 -1.966343624 -1.690173855 -0.343606363

2.752473512
0.892750253 0.416105665 -1.566117239 -1.595168164 2.662806025 -0.592959510 1.582136175
-2.915998362 -1.449410072 15.946971396 -0.032785083 -100.000000000 100.000000000 100.000000000
28.034296161 16.355964649 -49.331411470 -3.942287931 -500.000000000 500.000000000 500.000000000
0.737168836 1.173550572 -1.480446918 -1.086205795 -1.966396312 -1.690144110 -0.343692004

2.752886063
0.866789912 0.406579752 -1.476646339 -1.604969253 2.246139358 -0.176292843 1.998802842
-6.230481913 -2.286219130 21.473015905 -2.352261357 -100.000000000 100.000000000 100.000000000
42.761825506 104.732692184 -310.372395791 51.551938603 500.000000000 -500.000000000 -500.000000000
0.737285689 1.173503281 -1.480476595 -1.086406191 -1.966446495 -1.690115777 -0.343773625

2.753934528
0.852173232 0.407537518 -1.419836246 -1.592590140 2.662806025 -0.592959510 1.582136175
-3.508003225 0.229863805 13.634422405 2.970987190 100.000000000 -100.000000000 -100.000000000
111.659215921 122.416735525 -429.843343714 98.901533329 500.000000000 -500.000000000 -500.000000000
0.737406147 1.173454497 -1.480507207 -1.086612885 -1.966498264 -1.690086540 -0.343857873

2.754888755
0.863399191 0.436449667 -1.455600441 -1.560022118 3.079472691 -1.009626176 1.165469509
2.694230178 6.938915788 -8.583406885 7.816325286 100.000000000 -100.000000000 -100.000000000
58.683356079 71.994421834 -278.755544240 -8.822018330 -500.000000000 500.000000000 500.000000000
0.737528492 1.173404915 -1.480538325 -1.086822926 -1.966550878 -1.690056826 -0.343943553

2.755829490
0.895376718 0.452718223 -1.476950393 -1.562507130 2.662806025 -0.592959510 1.582136175
7.674606615 3.904453594 -5.123988350 -0.596403015 -100.000000000 100.000000000 100.000000000
-66.471673458 -65.082790883 169.174349340 -109.006586575 -500.000000000 500.000000000 500.000000000
0.737647477 1.173356662 -1.480568612 -1.087027310 -1.966602081 -1.690027904 -0.344026989

2.756836178
0.918329698 0.457942985 -1.463808465 -1.589642690 2.246139358 -0.176292843 1.998802842
5.508715169 1.253942811 3.154062713 -6.512534267 -100.000000000 100.000000000 100.000000000
-169.265056458 -6.025228004 102.117945045 59.476042301 500.000000000 -500.000000000 -500.000000000
0.737765238 1.173308873 -1.480598615 -1.087229698 -1.966652789 -1.689999262 -0.344109673

2.757856599
0.920726027 0.460683502 -1.424148063 -1.579172198 2.662806025 -0.592959510 1.582136175
0.575118989 0.657724142 9.518496451 2.512918134 100.000000000 -100.000000000 -100.000000000
-128.230749356 46.457732611 -64.760269293 180.491984549 500.000000000 -500.000000000 -500.000000000
0.737884555 1.173260420 -1.480629029 -1.087434872 -1.966704206 -1.689970211 -0.344193558

2.758818710
0.910643459 0.479908843 -1.414999759 -1.530878389 3.079472691 -1.009626176 1.165469509
-2.419816324 4.614081876 2.195592959 11.590514043 100.000000000 -100.000000000 -100.000000000
-29.786526980 58.103208919 -196.018025675 -1.084630102 -500.000000000 500.000000000 500.000000000
0.738003808 1.173211960 -1.480659457 -1.087640042 -1.966755626 -1.689941160 -0.344277505

2.762108820
0.912028592 0.483941726 -1.375869644 -1.513238396 2.662806025 -0.592959510 1.582136175
0.332431910 0.967891745 9.391227692 4.233598377 -100.000000000 100.000000000 100.000000000
31.132361366 -22.951325831 -50.477829032 -187.486446189 -500.000000000 500.000000000 500.000000000
0.738125714 1.173162388 -1.480690582 -1.087849892 -1.966808228 -1.689911433 -0.344363434

2.762817454
0.922542251 0.482405014 -1.333330691 -1.531805724 2.246139358 -0.176292843 1.998802842
2.523278049 -0.368810867 10.209348485 -4.456158816 -100.000000000 100.000000000 100.000000000
-24.038926083 49.564231332 -198.306647662 -42.133117188 500.000000000 -500.000000000 -500.000000000
0.738480873 1.173017766 -1.480781397 -1.088461930 -1.966961688 -1.689824688 -0.344614430

2.763808251
0.936383561 0.488813299 -1.311123836 -1.526059202 2.662806025 -0.592959510 1.582136175
3.321914526 1.537988343 5.329645341 1.379165382 100.000000000 -100.000000000 -100.000000000
-68.871698760 76.437492570 -218.932040207 133.457555714 500.000000000 -500.000000000 -500.000000000
0.738601499 1.172968580 -1.480812293 -1.088670023 -1.967013876 -1.689795185 -0.344699899

2.764757229
0.952437992 0.517504028 -1.346604986 -1.487288878 3.079472691 -1.009626176 1.165469509
3.853063306 6.885775110 -8.515475953 9.304877807 100.000000000 -100.000000000 -100.000000000
-86.216496740 37.655761307 -123.561752582 16.155610219 -500.000000000 500.000000000 500.000000000
0.738719235 1.172920539 -1.480842464 -1.088873244 -1.967064854 -1.689766357 -0.344783430

2.766204477
0.968914450 0.527819854 -1.334564128 -1.476718952 2.662806025 -0.592959510 1.582136175
3.954349988 2.475798153 2.889805875 2.536782157 -100.000000000 100.000000000 100.000000000
-98.433141823 -72.173851091 156.885771196 -146.255992824 -500.000000000 500.000000000 500.000000000
0.738838547 1.172871822 -1.480873069 -1.089079293 -1.967116544 -1.689737126 -0.344868187

2.766808841
0.978037546 0.525080872 -1.285926334 -1.493832220 2.246139358 -0.176292843 1.998802842
2.189542973 -0.657355602 11.673070599 -4.107184260 -100.000000000 100.000000000 100.000000000
-98.433141823 -72.173851091 156.885771196 -146.255992824 -500.000000000 500.000000000 500.000000000
0.738838547 1.172871822 -1.480873069 -1.089079293 -1.967116544 -1.689737126 -0.344868187

2.767816249
0.979632159 0.526766523 -1.238893667 -1.480686811 2.662806025 -0.592959510 1.582136175
0.382707094 0.404556130 11.287840042 3.154898206 100.000000000 -100.000000000 -100.000000000
-67.695820194 77.920102371 -252.959920318 122.593162028 500.000000000 -500.000000000 -500.000000000
0.739076045 1.172774747 -1.480934053 -1.089489787 -1.967219548 -1.689678862 -0.345037235

2.768801615
0.986576561 0.552856649 -1.257887095 -1.434493553 3.079472691 -1.009626176 1.165469509
1.666656553 6.261630278 -4.558422728 11.086381755 100.000000000 -100.000000000 -100.000000000
-31.709753208 56.509699851 -249.960839427 -23.978261739 -500.000000000 500.000000000 500.000000000
0.739195494 1.172725873 -1.480964760 -1.089696409 -1.967271406 -1.689649524 -0.345122422

2.769800031
1.001740817 0.563996788 -1.244682241 -1.422719127 2.662806025 -0.592959510 1.582136175
3.639421551 2.673633416 3.169165029 2.825862193 -100.000000000 100.000000000 100.000000000
-58.071237802 -63.245683106 68.860688083 -187.247920664 -500.000000000 500.000000000 500.000000000
0.739313426 1.172677587 -1.480995101 -1.089900520 -1.967322641 -1.689620536 -0.345206638

2.770806744
1.015653358 0.563634188 -1.204749563 -1.444400075 2.246139358 -0.176292843 1.998802842
3.339009715 -0.087024109 9.583842692 -5.203427492 -100.000000000 100.000000000 100.000000000
-99.031170136 7.395411551 -87.014586602 -23.235383094 500.000000000 -500.000000000 -500.000000000
0.739433078 1.172628563 -1.481025910 -1.090107718 -1.967374656 -1.689591103 -0.345292193

2.771808002
1.023704325 0.569054462 -1.170939195 -1.435532181 2.662806025 -0.592959510 1.582136175
1.932231980 1.300865802 8.114488182 2.128294716 100.000000000 -100.000000000 -100.000000000
-94.402222299 62.639919698 -219.304488567 139.497785570 500.000000000 -500.000000000 -500.000000000
0.739551713 1.172579921 -1.481056473 -1.090313272 -1.967426270 -1.689561890 -0.345377132

2.772799438
1.035432732 0.598163119 -1.200655864 -1.390065596 3.079472691 -1.009626176 1.165469509
2.814817877 6.986077608 -7.132000442 10.911980313 100.000000000 -100.000000000 -100.000000000
-67.059900736 34.335229855 -193.301491429 -8.044003464 -500.000000000 500.000000000 500.000000000
0.739671141 1.172530920 -1.481087272 -1.090520309 -1.967478259 -1.689532463 -0.345462751

2.773798377
1.048788576 0.609735684 -1.185253946 -1.377382108 2.662806025 -0.592959510 1.582136175
3.205402435 2.777415725 3.696460343 3.044037168 -100.000000000 100.000000000 100.000000000
-85.872516664 -82.284771974 114.596868073 -188.285077503 -500.000000000 500.000000000 500.000000000
0.739789145 1.172482471 -1.481117722 -1.090724990 -1.967529667 -1.689503361 -0.345547459

2.774798305
1.057753268 0.607215916 -1.133804047 -1.397993589 2.246139358 -0.176292843 1.998802842
2.151526088 -0.604744226 12.347975578 -4.946755421 -100.000000000 100.000000000 100.000000000
-95.007991841 0.726364149 -103.515584482 -32.215031558 500.000000000 -500.000000000 -500.000000000
0.739907288 1.172433930 -1.481148233 -1.090930025 -1.967581170 -1.689474202 -0.345632378

2.775806443
1.062264203 0.611923443 -1.093321396 -1.388355864 2.662806025 -0.592959510 1.582136175
1.082624322 1.129806277 9.715836296 2.313054057 100.000000000 -100.000000000 -100.000000000
-74.815119704 68.616685862 -281.693930144 129.641464808 500.000000000 -500.000000000 -500.000000000
0.740025920 1.172385155 -1.481178900 -1.091136017 -1.967632917 -1.689444905 -0.345717757

2.776806871
1.076135508 0.643023500 -1.129635255 -1.342572175 3.079472691 -1.009626176 1.165469509
3.329113379 7.464013698 -8.715325986 10.988085126 100.000000000 -100.000000000 -100.000000000
-53.876314675 33.450045753 -233.102476271 -16.539096489 -500.000000000 500.000000000 500.000000000
0.740145163 1.172336095 -1.481209739 -1.091343187 -1.967684972 -1.689415423 -0.345803691

2.779645805
1.091969405 0.657226159 -1.122542338 -1.332027420 2.662806025 -0.592959510 1.582136175
3.800135127 3.408638349 1.702299861 2.530741437 -100.000000000 100.000000000 100.000000000
-100.181302106 -96.349014450 139.149071245 -194.638803711 -500.000000000 500.000000000 500.000000000
0.740145163 1.172336095 -1.481209739 -1.091343187 -1.967684972 -1.689415423 -0.345803691

2.779890115
1.091969405 0.657226159 -1.122542338 -1.332027420 2.662806025 -0.592959510 1.582136175
3.800135127 3.408638349 1.702299861 2.530741437 -100.000000000 100.000000000 100.000000000
-100.181302106 -96.349014450 139.149071245 -194.638803711 -500.000000000 500.000000000 500.000000000
0.740262412 1.172287821 -1.481240092 -1.091547004 -1.967736189 -1.689386417 -0.345888297

2.780813548
1.105413777 0.660618803 -1.031658857 -1.347126306 2.662806025 -0.592959510 1.582136175
0.891658134 1.233487385 9.913499911 2.063139739 100.000000000 -100.000000000 -100.000000000
-82.817944182 60.055404221 -278.804816786 140.110665281 500.000000000 -500.000000000 -500.000000000
0.740617962 1.172141232 -1.481332269 -1.092165741 -1.967891719 -1.689298308 -0.346145530

2.781806556
1.118860150 0.692484105 -1.069365414 -1.300207256 3.079472691 -1.009626176 1.165469509
3.227129469 7.647672407 -9.049573661 11.260571848 100.000000000 -100.000000000 -100.000000000
-54.312744238 26.482495191 -243.237339371 -15.766738367 -500.000000000 500.000000000 500.000000000
0.740735004 1.172092910 -1.481362662 -1.092369645 -1.967942986 -1.689269261 -0.346230428

2.782818110
1.133167067 0.707177885 -1.061523470 -1.289539682 2.662806025 -0.592959510 1.582136175
3.433660153 3.526507210 1.882066683 2.560217898 -100.000000000 100.000000000 100.000000000
-102.355103958 -104.992567625 139.791748428 -204.427675837 -500.000000000 500.000000000 500.000000000
0.740853170 1.172044090 -1.481393367 -1.092575620 -1.967994783 -1.689239906 -0.346316254

2.783811192
1.141255268 0.704924272 -1.008454298 -1.315077266 2.246139358 -0.176292843 1.998802842
1.941168125 -0.540867162 12.736601297 -6.129020206 -100.000000000 100.000000000 100.000000000
-107.904592803 -24.043523715 -79.628323410 -31.507951760 500.000000000 -500.000000000 -500.000000000
0.740970652 1.171995519 -1.481423920 -1.092780515 -1.968046315 -1.689210699 -0.346401694

2.784760999
1.144693381 0.710683916 -0.967767089 -1.308104273 2.662806025 -0.592959510 1.582136175
0.825147117 1.382314474 9.764930212 1.673518323 100.000000000 -100.000000000 -100.000000000
-78.851824053 57.524467912 -302.028988188 144.810079217 500.000000000 -500.000000000 -500.000000000
0.740970652 1.171995519 -1.481423920 -1.092780515 -1.968046315 -1.689210699 -0.346401694

2.785774080
1.144693381 0.710683916 -0.967767089 -1.308104273 2.662806025 -0.592959510 1.582136175
0.825147117 1.382314474 9.764930212 1.673518323 100.000000000 -100.000000000 -100.000000000
-78.851824053 57.524467912 -302.028988188 144.810079217 500.000000000 -500.000000000 -500.000000000
0.741089125 1.171946503 -1.481454749 -1.092987253 -1.968098320 -1.689181218 -0.346487968

2.786800016
1.174727174 0.760107602 -1.008299652 -1.251976038 2.662806025 -0.592959510 1.582136175
3.505751338 3.820415185 0.977283169 2.289914505 -100.000000000 100.000000000 100.000000000
-115.936733553 -118.055261118 167.190137292 -206.787840486 -500.000000000 500.000000000 500.000000000
0.741323669 1.171849365 -1.481515864 -1.093396874 -1.968201377 -1.689122791 -0.346659100

2.787836920
1.181429134 0.757393210 -0.952498744 -1.279567979 2.246139358 -0.176292843 1.998802842
1.608470378 -0.651454112 13.392217939 -6.622065924 -100.000000000 100.000000000 100.000000000
-113.455377232 -35.234127460 -66.867284624 -29.940373781 500.000000000 -500.000000000 -500.000000000
0.741441101 1.171800679 -1.481546501 -1.093602132 -1.968253028 -1.689093504 -0.346744950

2.797817340
1.278378749 0.856415642 -0.788268122 -1.397209010 1.829472691 0.240373824 2.415469509
5.235704850 5.066689792 -4.363014806 -7.671315829 -100.000000000 100.000000000 100.000000000
-148.485936851 -53.183345797 -57.009734733 156.748690690 500.000000000 -500.000000000 -500.000000000
0.742613330 1.171312805 -1.481853592 -1.095657325 -1.968770613 -1.688799806 -0.347608107

2.798814189
1.289180527 0.874855632 -0.773450929 -1.418849671 2.246139358 -0.176292843 1.998802842
2.592426680 4.425597609 3.556126335 -5.193758601 100.000000000 -100.000000000 -100.000000000
-158.290638864 -69.844079552 17.901749139 183.581485112 500.000000000 -500.000000000 -500.000000000
0.742730070 1.171264031 -1.481884305 -1.095862624 -1.968822356 -1.688770425 -0.347694687

2.799804550
1.290539516 0.897645347 -0.751617520 -1.401289694 2.662806025 -0.592959510 1.582136175
0.326157502 5.469531518 5.240018138 4.214394395 100.000000000 -100.000000000 -100.000000000
-106.493579305 -58.871112336 -141.965864302 136.173876729 -500.000000000 500.000000000 500.000000000
0.742846944 1.171215165 -1.481915079 -1.096068275 -1.968874195 -1.688740987 -0.347781480

2.802733228
1.287833113 0.913581148 -0.708686190 -1.410339896 2.246139358 -0.176292843 1.998802842
-0.649536855 3.824592318 10.303519371 -2.172048514 -100.000000000 100.000000000 100.000000000
-106.493579305 -58.871112336 -141.965864302 136.173876729 -500.000000000 500.000000000 500.000000000
0.742846944 1.171215165 -1.481915079 -1.096068275 -1.968874195 -1.688740987 -0.347781480

2.802921598
1.287833113 0.913581148 -0.708686190 -1.410339896 2.246139358 -0.176292843 1.998802842
-0.649536855 3.824592318 10.303519371 -2.172048514 -100.000000000 100.000000000 100.000000000
-106.493579305 -58.871112336 -141.965864302 136.173876729 -500.000000000 500.000000000 500.000000000
0.742846944 1.171215165 -1.481915079 -1.096068275 -1.968874195 -1.688740987 -0.347781480

2.803804928
1.293985113 0.934144755 -0.697605247 -1.430859188 1.829472691 0.240373824 2.415469509
1.476480184 4.935265752 2.659426216 -4.924630035 -100.000000000 100.000000000 100.000000000
-84.604422263 -75.014604301 -131.629793888 131.902987886 500.000000000 -500.000000000 -500.000000000
0.743314814 1.171019202 -1.482038512 -1.096892688 -1.969082080 -1.688622897 -0.348130072

2.804798435
1.315832498 0.988014198 -0.697131326 -1.435475691 2.662806025 -0.592959510 1.582136175
3.417320260 7.628739148 -3.411932169 3.011508392 100.000000000 -100.000000000 -100.000000000
-92.348925855 -84.519399746 -150.425822232 117.502477019 -500.000000000 500.000000000 500.000000000
0.743431093 1.170970412 -1.482069249 -1.097097865 -1.969133836 -1.688593487 -0.348216991

2.805912752
1.315832498 0.988014198 -0.697131326 -1.435475691 2.662806025 -0.592959510 1.582136175
3.417320260 7.628739148 -3.411932169 3.011508392 100.000000000 -100.000000000 -100.000000000
-92.348925855 -84.519399746 -150.425822232 117.502477019 -500.000000000 500.000000000 500.000000000
0.743431093 1.170970412 -1.482069249 -1.097097865 -1.969133836 -1.688593487 -0.348216991

2.806759065
1.346011634 1.066478334 -0.770191573 -1.361122789 2.662806025 -0.592959510 1.582136175
1.911233603 7.326748538 -1.526275472 5.747841229 -100.000000000 100.000000000 100.000000000
-166.084373895 -216.596115176 248.336649014 -213.161771718 -500.000000000 500.000000000 500.000000000
0.743664072 1.170872554 -1.482130911 -1.097509308 -1.969237643 -1.688534495 -0.348391487

2.807805428
1.341336083 1.078092068 -0.723910103 -1.373922219 2.246139358 -0.176292843 1.998802842
-1.122132318 2.787296299 11.107552596 -3.071863273 -100.000000000 100.000000000 100.000000000
-98.459428285 -136.095548685 -40.668424420 -88.595476530 500.000000000 -500.000000000 -500.000000000
0.743779866 1.170823865 -1.482161590 -1.097713976 -1.969289294 -1.688505133 -0.348478385

2.809199573
1.334576695 1.093771165 -0.683933196 -1.358152402 2.662806025 -0.592959510 1.582136175
-1.622252944 3.762983296 9.594457782 3.784756122 100.000000000 -100.000000000 -100.000000000
-26.634624032 -67.554395970 -271.711995061 -49.651279896 -500.000000000 500.000000000 500.000000000
0.743896230 1.170774901 -1.482192443 -1.097919768 -1.969341235 -1.688475602 -0.348565825

2.809879925
1.330982411 1.103275515 -0.637480092 -1.381465131 2.246139358 -0.176292843 1.998802842
-0.862628319 2.281043974 11.148744897 -5.595054856 -100.000000000 100.000000000 100.000000000
-26.622987658 -67.559292338 -271.715080299 -49.671859039 -500.000000000 500.000000000 500.000000000
0.744014030 1.170725298 -1.482223707 -1.098128214 -1.969393852 -1.688445688 -0.348654461

2.811264160
1.338450221 1.118858830 -0.630284876 -1.416979694 1.829472691 0.240373824 2.415469509
1.792274511 3.739995507 1.726851986 -8.523495312 -100.000000000 100.000000000 100.000000000
-41.444271697 -38.875901200 -307.449259374 140.234788773 500.000000000 -500.000000000 -500.000000000
0.744128847 1.170676916 -1.482254199 -1.098331500 -1.969445176 -1.688416502 -0.348740966

2.811809857
1.346597333 1.137588437 -0.620347546 -1.445165814 2.246139358 -0.176292843 1.998802842
1.955306743 4.495105679 2.384959010 -6.764668695 100.000000000 -100.000000000 -100.000000000
-95.277627605 -69.618101518 -119.733972009 202.334725663 500.000000000 -500.000000000 -500.000000000
0.744250903 1.170625446 -1.482286640 -1.098547726 -1.969499774 -1.688385451 -0.348833049

2.812800020
1.353133708 1.163798554 -0.619537634 -1.435836136 2.662806025 -0.592959510 1.582136175
1.568730186 6.290428130 0.194379042 2.239122767 100.000000000 -100.000000000 -100.000000000
-99.340777773 -86.598412626 -133.893089554 169.955182639 -500.000000000 500.000000000 500.000000000
0.744362225 1.170578470 -1.482316257 -1.098745046 -1.969549603 -1.688357113 -0.348917144

2.813799559
1.354127590 1.183562044 -0.597009629 -1.451496551 2.246139358 -0.176292843 1.998802842
0.238531653 4.743237647 5.406721097 -3.758499799 -100.000000000 100.000000000 100.000000000
-92.251752012 -125.130571017 -90.165443183 -11.073346399 -500.000000000 500.000000000 500.000000000
0.744481825 1.170527963 -1.482348091 -1.098957163 -1.969603181 -1.688326631 -0.349007611

2.814800758
1.359112922 1.205686483 -0.594230827 -1.475193737 1.829472691 0.240373824 2.415469509
1.196479718 5.309865250 0.666912525 -5.687324403 -100.000000000 100.000000000 100.000000000
-65.735209573 -96.168161036 -196.668268078 110.423934800 500.000000000 -500.000000000 -500.000000000
0.744590780 1.170481921 -1.482377125 -1.099150504 -1.969652018 -1.688298852 -0.349090132

2.815817251
1.359972403 1.226776699 -0.574133920 -1.493066858 2.246139358 -0.176292843 1.998802842
0.206275255 5.061651828 4.823257611 -4.289549222 100.000000000 -100.000000000 -100.000000000
-85.381808630 -109.717761195 -102.152880310 151.350811337 500.000000000 -500.000000000 -500.000000000
0.744706294 1.170433072 -1.482407919 -1.099355602 -1.969703837 -1.688269364 -0.349177733

2.816797409
1.359438979 1.253257987 -0.560905221 -1.476920370 2.662806025 -0.592959510 1.582136175
-0.128021702 6.355509168 3.174887798 3.875157128 100.000000000 -100.000000000 -100.000000000
-65.652116000 -106.867399264 -187.292552075 125.162110111 -500.000000000 500.000000000 500.000000000
0.744822406 1.170383935 -1.482438903 -1.099561876 -1.969755958 -1.688239705 -0.349265903

2.817798238
1.355702803 1.274363041 -0.533357061 -1.487829257 2.246139358 -0.176292843 1.998802842
-0.896682303 5.065212892 6.611558498 -2.618132924 -100.000000000 100.000000000 100.000000000
-58.901223247 -135.397588590 -155.651124161 -39.767293121 -500.000000000 500.000000000 500.000000000
0.744937492 1.170335197 -1.482469636 -1.099766444 -1.969807656 -1.688210283 -0.349353409

2.818806722
1.358749240 1.298509784 -0.532224210 -1.508653218 1.829472691 0.240373824 2.415469509
0.731144905 5.795218498 0.271884239 -4.997750635 -100.000000000 100.000000000 100.000000000
-43.142885031 -111.707042207 -227.142427453 91.168939852 500.000000000 -500.000000000 -500.000000000
0.745053926 1.170285854 -1.482500759 -1.099973523 -1.969859994 -1.688180497 -0.349442055

2.819829050
1.358749240 1.298509784 -0.532224210 -1.508653218 1.829472691 0.240373824 2.415469509
0.731144905 5.795218498 0.271884239 -4.997750635 -100.000000000 100.000000000 100.000000000
-43.142885031 -111.707042207 -227.142427453 91.168939852 500.000000000 -500.000000000 -500.000000000
0.745053926 1.170285854 -1.482500759 -1.099973523 -1.969859994 -1.688180497 -0.349442055

2.821068636
1.358749240 1.298509784 -0.532224210 -1.508653218 1.829472691 0.240373824 2.415469509
0.731144905 5.795218498 0.271884239 -4.997750635 -100.000000000 100.000000000 100.000000000
-43.142885031 -111.707042207 -227.142427453 91.168939852 500.000000000 -500.000000000 -500.000000000
0.745053926 1.170285854 -1.482500759 -1.099973523 -1.969859994 -1.688180497 -0.349442055

2.821811263
1.356736147 1.348986592 -0.504312508 -1.508407689 2.662806025 -0.592959510 1.582136175
-0.378625637 6.599112643 2.650805868 3.958041976 100.000000000 -100.000000000 -100.000000000
-59.205527031 -125.439651193 -177.682436733 120.421265174 -500.000000000 500.000000000 500.000000000
0.745399758 1.170139081 -1.482593329 -1.100589301 -1.970015679 -1.688091859 -0.349706050

2.822786632
1.351439497 1.371254617 -0.479240137 -1.518909123 2.246139358 -0.176292843 1.998802842
-1.271196098 5.344326080 6.017368957 -2.520344102 -100.000000000 100.000000000 100.000000000
-53.561126203 -149.867003969 -150.844199442 -38.379000670 -500.000000000 500.000000000 500.000000000
0.745399758 1.170139081 -1.482593329 -1.100589301 -1.970015679 -1.688091859 -0.349706050

2.823764312
1.368083326 1.373022824 -0.513285377 -1.544822380 1.829472691 0.014953345 2.051120755
3.994518969 0.424369635 -8.170857638 -6.219181671 -100.000000000 45.899085227 12.556299053
-35.167214783 -127.003531421 -220.686140334 92.215980170 500.000000000 -500.000000000 -500.000000000
0.745637484 1.170038006 -1.482657096 -1.101013197 -1.970122887 -1.688030808 -0.349888124

2.824818158
1.368083326 1.373022824 -0.513285377 -1.544822380 1.829472691 0.014953345 2.051120755
3.994518969 0.424369635 -8.170857638 -6.219181671 -100.000000000 45.899085227 12.556299053
-142.134963583 -28.785874538 66.479980906 168.764551740 500.000000000 -500.000000000 -491.226868913
0.745747513 1.169991173 -1.482686639 -1.101209565 -1.970172564 -1.688002508 -0.349972563

2.826049409
1.398722047 1.382524191 -0.581237851 -1.541442021 2.662806025 -0.818379988 1.217787421
4.150039083 1.991087263 -10.906601900 4.601732206 100.000000000 -100.000000000 -100.000000000
-142.123960641 -28.790557863 66.477026598 168.744914928 500.000000000 -500.000000000 -491.235312872
0.745860406 1.169943088 -1.482716979 -1.101411153 -1.970223567 -1.687973455 -0.350059310

2.827296758
1.398722047 1.382524191 -0.581237851 -1.541442021 2.662806025 -0.818379988 1.217787421
4.150039083 1.991087263 -10.906601900 4.601732206 100.000000000 -100.000000000 -100.000000000
-142.123960641 -28.790557863 66.477026598 168.744914928 500.000000000 -500.000000000 -491.235312872
0.745860406 1.169943088 -1.482716979 -1.101411153 -1.970223567 -1.687973455 -0.350059310

2.827806678
1.437274389 1.441921773 -0.772187724 -1.395592917 3.079472691 -1.651713321 0.539240735
4.362201800 8.998748090 -26.473355516 21.197635964 0.000000000 -100.000000000 -62.851204754
-165.119354220 -128.586794235 305.005649489 -237.893301986 -500.000000000 500.000000000 500.000000000
0.746090220 1.169845096 -1.482778818 -1.101821874 -1.970327502 -1.687914240 -0.350236246

2.828805098
1.437274389 1.441921773 -0.772187724 -1.395592917 3.079472691 -1.651713321 0.539240735
4.362201800 8.998748090 -26.473355516 21.197635964 0.000000000 -100.000000000 -62.851204754
-156.362452856 -207.182629457 458.408000862 -394.575614930 -500.000000000 500.000000000 500.000000000
0.746215702 1.169791532 -1.482812624 -1.102046331 -1.970384315 -1.687881866 -0.350333052

2.829804907
1.416393787 1.428648959 -0.746682994 -1.351005009 2.246139358 -0.818379988 1.372574068
-4.032021712 -5.166501490 12.521563875 -1.721479442 -100.000000000 100.000000000 100.000000000
13.622625714 77.444287125 -324.044240510 59.325456645 500.000000000 -500.000000000 -500.000000000
0.746319756 1.169747081 -1.482840675 -1.102232570 -1.970431463 -1.687854991 -0.350413434

2.830802144
1.406683818 1.429551672 -0.755023196 -1.306000725 2.662806025 -1.235046655 0.955907402
-2.330392530 0.216651313 -2.001648472 10.801028195 100.000000000 -100.000000000 -100.000000000
13.633031166 77.439842071 -324.047045562 59.306832789 500.000000000 -500.000000000 -500.000000000
0.746434378 1.169698083 -1.482871600 -1.102437833 -1.970483434 -1.687825367 -0.350502090

2.831850322
1.410427943 1.458395000 -0.847515704 -1.227208610 3.079472691 -1.651713321 0.539240735
0.898590065 6.922398723 -22.198201960 18.910107626 100.000000000 -100.000000000 -100.000000000
-19.417093421 -30.318385177 -32.751870949 -195.664274717 -500.000000000 500.000000000 500.000000000
0.746550727 1.169648310 -1.482903019 -1.102646311 -1.970536224 -1.687795273 -0.350592202

2.832822376
1.405368258 1.462513664 -0.873307956 -1.191643733 2.949595188 -1.235046655 0.955907402
-1.214324396 0.988479182 -6.190140404 8.535570414 -31.170600953 100.000000000 100.000000000
-84.359522898 -167.322643477 380.425307751 -365.745922583 -500.000000000 500.000000000 500.000000000
0.746663237 1.169600146 -1.482933427 -1.102848023 -1.970587309 -1.687766150 -0.350679454

2.833800297
1.388270628 1.429642144 -0.792676248 -1.210308791 2.532928521 -0.818379988 1.372574068
-4.103431429 -7.889164723 19.351609994 -4.479613750 -100.000000000 100.000000000 100.000000000
-41.584014261 -49.060935455 62.840261015 -161.831837208 131.393769437 -500.000000000 -500.000000000
0.746777527 1.169551182 -1.482964336 -1.103053047 -1.970639241 -1.687736537 -0.350768204

2.834807064
1.366813287 1.407270792 -0.734973486 -1.190749905 2.672532829 -1.235046655 0.955907402
-5.149761756 -5.369124593 13.848662859 4.694132619 33.505033842 -100.000000000 -100.000000000
17.919318534 131.774198298 -456.061008723 100.317849387 500.000000000 -500.000000000 -500.000000000
0.746891851 1.169502170 -1.482995288 -1.103258246 -1.970691221 -1.687706898 -0.350857096

2.835766007
1.362537500 1.418963345 -0.784474917 -1.132068697 3.089199495 -1.651713321 0.539240735
-1.026188847 2.806212735 -11.880343582 14.083489827 100.000000000 -100.000000000 -100.000000000
41.003091527 83.605629722 -351.775437383 -85.133486486 -500.000000000 500.000000000 500.000000000
0.747008724 1.169452028 -1.483026942 -1.103468148 -1.970744406 -1.687676562 -0.350948091

2.836748182
1.358017746 1.414236812 -0.790041575 -1.112830112 2.987173815 -1.235046655 0.955907402
-1.084740942 -1.134367919 -1.335997775 4.617260346 -24.486163202 100.000000000 100.000000000
-41.029100682 -81.075386403 167.751669130 -278.809741589 -500.000000000 500.000000000 500.000000000
0.747123904 1.169402575 -1.483058171 -1.103675128 -1.970796855 -1.687646645 -0.351037889

2.837805366
1.343128322 1.378382604 -0.699251367 -1.144614958 2.570507149 -0.818379988 1.372574068
-3.573461690 -8.605009919 21.789649951 -7.628362894 -100.000000000 100.000000000 100.000000000
-39.394565341 -1.796065302 -42.581704161 -91.429708505 -6.073802988 -500.000000000 -500.000000000
0.747123904 1.169402575 -1.483058171 -1.103675128 -1.970796855 -1.687646645 -0.351037889

2.849806302
1.295820693 1.252986346 -0.320201274 -1.288957369 2.911306274 -1.235046655 0.955907402
3.089253923 3.806823789 -11.014605142 12.999617394 100.000000000 -100.000000000 -100.000000000
-25.871254946 1.400351516 -238.751275467 -4.677230253 -500.000000000 500.000000000 500.000000000
0.748598592 1.168766176 -1.483460233 -1.106335945 -1.971471793 -1.687261342 -0.352198251

2.850806311
1.298207481 1.256840072 -0.320822506 -1.274685520 2.549624761 -0.818379988 1.372574068
0.572829026 0.924894302 -0.149095857 3.425243614 -86.803563019 100.000000000 100.000000000
-116.507288595 -84.558492730 103.966206905 -241.730205489 -500.000000000 500.000000000 500.000000000
0.748711997 1.168716985 -1.483491330 -1.106541400 -1.971523959 -1.687231540 -0.352288312

2.851806482
1.288720892 1.246365977 -0.277110404 -1.310443102 2.132958095 -0.401713321 1.789240735
-2.276781383 -2.513782625 10.490904568 -8.581819762 -100.000000000 100.000000000 100.000000000
-66.406128913 -27.310194746 -113.284965221 -51.690460290 500.000000000 -500.000000000 -500.000000000
0.748825118 1.168667880 -1.483522373 -1.106746463 -1.971576034 -1.687201785 -0.352378266

2.852814357
1.283630266 1.245087351 -0.258651515 -1.304734269 2.549624761 -0.818379988 1.372574068
-1.221750220 -0.306870300 4.430133465 1.370120096 100.000000000 -100.000000000 -100.000000000
-8.453949667 42.505842758 -330.459288262 192.006059141 500.000000000 -500.000000000 -500.000000000
0.748938128 1.168618788 -1.483553410 -1.106951443 -1.971628095 -1.687172035 -0.352468251

2.853806565
1.300996371 1.262230146 -0.322142258 -1.251733318 2.966291428 -1.235046655 0.955907402
4.167865331 4.114270705 -15.237778425 12.720228213 100.000000000 -100.000000000 -100.000000000
-29.034209372 -1.509450343 -211.092858843 -7.624119351 -500.000000000 500.000000000 500.000000000
0.749051098 1.168569676 -1.483584455 -1.107156474 -1.971680180 -1.687142263 -0.352558322

2.854806092
1.305428437 1.266564069 -0.332894737 -1.238456047 2.595358664 -0.818379988 1.372574068
1.063695843 1.040141584 -2.580594940 3.186544973 -89.023863395 100.000000000 100.000000000
-138.551833965 -91.651461075 188.611348837 -239.946879835 -500.000000000 500.000000000 500.000000000
0.749161248 1.168521755 -1.483614752 -1.107356503 -1.971731000 -1.687113213 -0.352646261

2.855805836
1.294015574 1.254674546 -0.285825350 -1.275480161 2.178691997 -0.401713321 1.789240735
-2.739087241 -2.853485478 11.296652962 -8.885787306 -100.000000000 100.000000000 100.000000000
-76.900635764 -30.607063062 -63.460102680 -50.620945077 500.000000000 -500.000000000 -500.000000000
0.749277207 1.168471271 -1.483646677 -1.107567202 -1.971784536 -1.687082610 -0.352738960

2.856805291
1.286228887 1.252503488 -0.264192777 -1.270281055 2.595358664 -0.818379988 1.372574068
-1.868804768 -0.521054082 5.191817417 1.247785329 100.000000000 -100.000000000 -100.000000000
0.307908135 48.449381988 -345.715192015 194.507041996 500.000000000 -500.000000000 -500.000000000
0.749389726 1.168422247 -1.483677678 -1.107771774 -1.971836525 -1.687052886 -0.352829029

2.858542384
1.286228887 1.252503488 -0.264192777 -1.270281055 2.595358664 -0.818379988 1.372574068
-1.868804768 -0.521054082 5.191817417 1.247785329 100.000000000 -100.000000000 -100.000000000
0.307908135 48.449381988 -345.715192015 194.507041996 500.000000000 -500.000000000 -500.000000000
0.749389726 1.168422247 -1.483677678 -1.107771774 -1.971836525 -1.687052886 -0.352829029

2.858812413
1.286228887 1.252503488 -0.264192777 -1.270281055 2.595358664 -0.818379988 1.372574068
-1.868804768 -0.521054082 5.191817417 1.247785329 100.000000000 -100.000000000 -100.000000000
0.307908135 48.449381988 -345.715192015 194.507041996 500.000000000 -500.000000000 -500.000000000
0.749389726 1.168422247 -1.483677678 -1.107771774 -1.971836525 -1.687052886 -0.352829029

2.859812054
1.302646303 1.270004642 -0.331735451 -1.217707495 3.012025330 -1.235046655 0.955907402
3.940179743 4.200277144 -16.210241694 12.617654421 100.000000000 -100.000000000 -100.000000000
-134.105480690 -94.174151724 209.004053381 -241.402776063 -500.000000000 500.000000000 500.000000000
0.749729022 1.168274196 -1.483771314 -1.108389385 -1.971993525 -1.686963103 -0.353101354

2.860829672
1.341221463 1.322714540 -0.524317130 -1.087899728 2.595358664 -1.235046655 1.111525376
1.092059543 3.307976382 -11.292117656 9.246765885 -100.000000000 100.000000000 100.000000000
-222.013796697 -200.913693541 500.000000000 -436.338109790 -498.401885489 500.000000000 500.000000000
0.749845899 1.168223121 -1.483803622 -1.108602387 -1.972047687 -1.686932122 -0.353195414

2.861819857
1.321663340 1.303048815 -0.457586744 -1.123371637 2.178691997 -0.818379988 1.528192042
-4.693949525 -4.719774052 16.015292676 -8.513258134 -100.000000000 100.000000000 100.000000000
-80.978747229 -81.608669597 129.893703922 -187.005583576 500.000000000 -500.000000000 -500.000000000
0.749954355 1.168175690 -1.483833622 -1.108800162 -1.972097986 -1.686903345 -0.353282813

2.862761086
1.301318022 1.295090658 -0.419780028 -1.112078032 2.595358664 -1.235046655 1.111525376
-4.882876370 -1.909957618 9.073611775 2.710465370 100.000000000 -100.000000000 -100.000000000
-80.978747229 -81.608669597 129.893703922 -187.005583576 500.000000000 -500.000000000 -500.000000000
0.750069177 1.168125438 -1.483865418 -1.109009666 -1.972151272 -1.686872861 -0.353375464

2.864258839
1.301318022 1.295090658 -0.419780028 -1.112078032 2.595358664 -1.235046655 1.111525376
-4.882876370 -1.909957618 9.073611775 2.710465370 100.000000000 -100.000000000 -100.000000000
36.708092035 80.908168512 -422.930541303 171.722310187 500.000000000 -500.000000000 -500.000000000
0.750069177 1.168125438 -1.483865418 -1.109009666 -1.972151272 -1.686872861 -0.353375464

2.864841954
1.307347759 1.315890560 -0.499520182 -1.054647537 3.012025330 -1.651713321 0.694858709
1.447136945 4.991976420 -19.137636964 13.783318760 100.000000000 -100.000000000 -100.000000000
42.544728470 25.497336934 -287.884123234 -53.924536013 -500.000000000 500.000000000 500.000000000
0.750294212 1.168026840 -1.483927799 -1.109420637 -1.972255828 -1.686813030 -0.353557411

2.865963907
1.344536493 1.395521662 -0.815832884 -0.913983174 2.705609245 -1.651713321 0.694858709
3.412301499 7.704068129 -34.130061238 11.701211513 -73.539860386 100.000000000 100.000000000
-168.262327363 -247.687379860 500.000000000 -455.832951265 -498.428115816 500.000000000 500.000000000
0.750402593 1.167979300 -1.483957879 -1.109618742 -1.972306239 -1.686784176 -0.353645214

2.866887813
1.341683417 1.382948684 -0.810774066 -0.951286498 2.288942579 -1.235046655 1.111525376
-0.684738044 -3.017514680 1.214116389 -8.952797608 -100.000000000 100.000000000 100.000000000
-127.659419965 -176.835598734 500.000000000 -253.587787061 500.000000000 -500.000000000 -500.000000000
0.750535389 1.167921005 -1.483994772 -1.109861631 -1.972368054 -1.686748796 -0.353752949

2.867845395
1.326272461 1.375172750 -0.807216110 -0.942961642 2.546694312 -1.651713321 0.694858709
-3.698629520 -1.866224136 0.853909385 1.997965354 61.860416005 -100.000000000 -100.000000000
-45.420041968 38.847525732 -91.604398447 163.198438792 500.000000000 -500.000000000 -500.000000000
0.750626363 1.167881039 -1.484020061 -1.110028127 -1.972410436 -1.686724530 -0.353826854

2.868808882
1.314154196 1.395375021 -0.891012191 -0.886568261 2.963360979 -2.068379988 0.278192042
-2.908383560 4.848544997 -20.111059501 13.534411482 100.000000000 -100.000000000 -100.000000000
16.407980602 16.595311597 -84.758582782 -56.665955598 -500.000000000 500.000000000 500.000000000
0.750739123 1.167831468 -1.484051439 -1.110234603 -1.972462997 -1.686694440 -0.353918567

2.869830104
1.298740069 1.390317234 -0.893248915 -0.873451176 3.028052269 -1.651713321 0.694858709
-3.699390436 -1.213868969 -0.536813758 3.148100407 15.525909551 100.000000000 100.000000000
1.826163896 -119.725255206 342.917265244 -293.054863890 -500.000000000 500.000000000 500.000000000
0.750849895 1.167782735 -1.484082279 -1.110437563 -1.972514675 -1.686664846 -0.354008783

2.870833865
1.272985262 1.341186633 -0.736438704 -0.917535924 2.611385602 -1.235046655 1.111525376
-6.181153886 -11.791344224 37.634450622 -10.580339459 -100.000000000 100.000000000 100.000000000
19.198791239 2.023929534 -48.347061207 -86.660646825 -500.000000000 -500.000000000 -500.000000000
0.750961809 1.167733463 -1.484113467 -1.110642737 -1.972566923 -1.686634926 -0.354100050

2.871840835
1.228348536 1.297938899 -0.554246189 -0.923387468 2.194718935 -1.651713321 0.694858709
-10.712814238 -10.379456197 43.726203549 -1.404370560 -100.000000000 -100.000000000 -100.000000000
71.420732466 218.481567467 -500.000000000 192.296107820 500.000000000 -500.000000000 -500.000000000
0.751073600 1.167684208 -1.484144653 -1.110847805 -1.972619148 -1.686605019 -0.354191338

2.872852401
1.205641983 1.295353297 -0.520827977 -0.887513626 2.419584084 -2.068379988 0.278192042
-5.449572524 -0.620544426 8.020371101 8.609721867 53.967635634 -100.000000000 -100.000000000
166.528791164 194.563654869 -500.000000000 9.341377472 500.000000000 500.000000000 500.000000000
0.751184831 1.167635162 -1.484175697 -1.111051973 -1.972671157 -1.686575225 -0.354282290

2.873851023
1.225152681 1.303198333 -0.644518304 -0.897565528 2.836250750 -1.651713321 0.694858709
4.682567457 1.882808659 -29.685678520 -2.412456296 100.000000000 100.000000000 100.000000000
63.545735242 -0.360924952 -256.742194011 -194.548272003 -500.000000000 500.000000000 500.000000000
0.751296426 1.167585919 -1.484206871 -1.111256929 -1.972723371 -1.686545311 -0.354373661

2.874852580
1.243389730 1.289961599 -0.700018701 -0.972880660 2.721325367 -1.235046655 1.111525376
4.376891843 -3.176816140 -13.320095437 -18.075631682 -27.582091988 100.000000000 100.000000000
-141.036974682 -51.217414533 500.000000000 26.879985809 -500.000000000 -500.000000000 -500.000000000
0.751410141 1.167535703 -1.484238672 -1.111465905 -1.972776616 -1.686514810 -0.354466893

2.875770680
1.243389730 1.289961599 -0.700018701 -0.972880660 2.721325367 -1.235046655 1.111525376
4.376891843 -3.176816140 -13.320095437 -18.075631682 -27.582091988 100.000000000 100.000000000
-136.735795816 51.293733221 187.979911667 347.654109089 82.231641481 -500.000000000 -500.000000000
0.751521981 1.167486277 -1.484269964 -1.111671563 -1.972829027 -1.686484776 -0.354558711

2.876808685
1.223449580 1.269302579 -0.634586051 -0.985034958 2.304658700 -1.651713321 0.694858709
-4.785636121 -4.958164836 15.703835982 -2.917031621 -100.000000000 -100.000000000 -100.000000000
-136.735795816 51.293733221 187.979911667 347.654109089 82.231641481 -500.000000000 -500.000000000
0.751521981 1.167486277 -1.484269964 -1.111671563 -1.972829027 -1.686484776 -0.354558711

2.877834554
1.223449580 1.269302579 -0.634586051 -0.985034958 2.304658700 -1.651713321 0.694858709
-4.785636121 -4.958164836 15.703835982 -2.917031621 -100.000000000 -100.000000000 -100.000000000
-136.735795816 51.293733221 187.979911667 347.654109089 82.231641481 -500.000000000 -500.000000000
0.751521981 1.167486277 -1.484269964 -1.111671563 -1.972829027 -1.686484776 -0.354558711

2.878825832
1.223449580 1.269302579 -0.634586051 -0.985034958 2.304658700 -1.651713321 0.694858709
-4.785636121 -4.958164836 15.703835982 -2.917031621 -100.000000000 -100.000000000 -100.000000000
48.519962579 88.981666485 -399.045110896 45.676971892 500.000000000 500.000000000 500.000000000
0.751521981 1.167486277 -1.484269964 -1.111671563 -1.972829027 -1.686484776 -0.354558711

2.879920022
1.223449580 1.269302579 -0.634586051 -0.985034958 2.304658700 -1.651713321 0.694858709
-4.785636121 -4.958164836 15.703835982 -2.917031621 -100.000000000 -100.000000000 -100.000000000
48.519962579 88.981666485 -399.045110896 45.676971892 500.000000000 500.000000000 500.000000000
0.751864411 1.167334711 -1.484365949 -1.112302012 -1.972989734 -1.686392669 -0.354840606

2.880833642
1.189433661 1.268589015 -0.626606302 -0.929447028 2.395797030 -1.651713321 0.694858709
0.807386044 1.429704183 -17.099895173 2.471394420 100.000000000 100.000000000 100.000000000
136.013730848 22.484987771 -473.204462280 -234.668564879 500.000000000 500.000000000 500.000000000
0.752076238 1.167240776 -1.484425450 -1.112692595 -1.973089333 -1.686335571 -0.355015566

2.881983349
1.233425176 1.281115364 -0.837591195 -0.990400196 2.812463696 -1.235046655 1.111525376
10.557963536 3.006323825 -50.636374262 -14.628760264 100.000000000 100.000000000 100.000000000
136.013730848 22.484987771 -473.204462280 -234.668564879 500.000000000 500.000000000 500.000000000
0.752076238 1.167240776 -1.484425450 -1.112692595 -1.973089333 -1.686335571 -0.355015566

2.882895314
1.305165729 1.311474941 -1.128397713 -1.135575634 3.229130363 -0.818379988 1.528192042
17.217732836 7.286298555 -69.793564465 -34.842104961 100.000000000 100.000000000 100.000000000
-259.277899337 -71.521157312 500.000000000 280.315943703 -500.000000000 -500.000000000 -500.000000000
0.752297446 1.167142536 -1.484487684 -1.113100958 -1.973193496 -1.686275843 -0.355198751

2.883955220
1.305165729 1.311474941 -1.128397713 -1.135575634 3.229130363 -0.818379988 1.528192042
17.217732836 7.286298555 -69.793564465 -34.842104961 100.000000000 100.000000000 100.000000000
-259.277899337 -71.521157312 500.000000000 280.315943703 -500.000000000 -500.000000000 -500.000000000
0.752297446 1.167142536 -1.484487684 -1.113100958 -1.973193496 -1.686275843 -0.355198751

2.884793088
1.322542725 1.332737071 -1.270006420 -1.213126393 3.229130363 -1.235046655 1.218993381
4.170478992 5.102910984 -33.986089522 -18.612182319 0.000000000 -100.000000000 -74.207678674
-140.422954073 -118.622632194 500.000000000 382.225580836 -500.000000000 500.000000000 500.000000000
0.752408983 1.167092945 -1.484519101 -1.113307049 -1.973246077 -1.686245686 -0.355291301

2.885754814
1.302990058 1.338397899 -1.333627849 -1.218016657 2.812463696 -1.651713321 0.802326714
-4.692640132 1.358598791 -15.269143143 -1.173663305 -100.000000000 -100.000000000 -100.000000000
38.805740792 -44.307385937 290.290623200 33.923805056 500.000000000 500.000000000 500.000000000
0.752519439 1.167043798 -1.484550246 -1.113511268 -1.973298185 -1.686215801 -0.355383078

2.886797823
1.253023787 1.283384843 -1.272983493 -1.293361802 2.350122089 -0.818379988 1.635660048
-5.144335788 -5.789493955 3.085339430 -13.133342553 -10.961985809 100.000000000 100.000000000
84.768555639 134.221458217 -249.260364135 111.482169765 500.000000000 -500.000000000 -500.000000000
0.752740768 1.166945205 -1.484612721 -1.113920846 -1.973402719 -1.686155832 -0.355567346

2.887914611
1.225608325 1.282150331 -1.317820198 -1.292751494 2.766788755 -1.235046655 1.218993381
-6.579711088 -0.296282914 -10.760809170 0.146473930 100.000000000 -100.000000000 -100.000000000
84.768555639 134.221458217 -249.260364135 111.482169765 500.000000000 -500.000000000 -500.000000000
0.752851276 1.166895921 -1.484643954 -1.114125535 -1.973454972 -1.686125850 -0.355659535

2.899748377
0.896619542 0.987319498 -0.788377942 -1.401127423 2.583495560 -0.818379988 1.635660048
-5.043692667 -3.895198144 10.229026218 -5.875608218 -75.822308647 100.000000000 100.000000000
127.214595353 90.163147530 -248.289936703 -1.580299035 -500.000000000 500.000000000 500.000000000
0.754179291 1.166300700 -1.485021324 -1.116595191 -1.974086031 -1.685763491 -0.356777137

2.900808009
0.882555494 0.969099659 -0.748803739 -1.461374909 2.166828893 -0.401713321 2.052326714
-3.375371359 -4.372761346 9.497808611 -14.459396643 -100.000000000 100.000000000 100.000000000
86.629828237 95.802083045 -274.244862632 145.965387634 500.000000000 -500.000000000 -500.000000000
0.754282123 1.166254379 -1.485050708 -1.116787190 -1.974135138 -1.685735275 -0.356864436

2.901810905
0.882555494 0.969099659 -0.748803739 -1.461374909 2.166828893 -0.401713321 2.052326714
-3.375371359 -4.372761346 9.497808611 -14.459396643 -100.000000000 100.000000000 100.000000000
86.629828237 95.802083045 -274.244862632 145.965387634 500.000000000 -500.000000000 -500.000000000
0.754391127 1.166205241 -1.485081875 -1.116990836 -1.974187232 -1.685705334 -0.356957094

2.902798665
0.881749423 0.989552756 -0.824440406 -1.441408582 3.000162227 -1.235046655 1.218993381
1.544035547 5.390973900 -17.659916515 7.958823216 100.000000000 -100.000000000 -100.000000000
22.657371128 29.556098587 -63.564776113 99.096045561 -500.000000000 500.000000000 500.000000000
0.754500362 1.166155961 -1.485113138 -1.117195038 -1.974239476 -1.685675309 -0.357050072

2.903869245
0.881749423 0.989552756 -0.824440406 -1.441408582 3.000162227 -1.235046655 1.218993381
1.544035547 5.390973900 -17.659916515 7.958823216 100.000000000 -100.000000000 -100.000000000
22.657371128 29.556098587 -63.564776113 99.096045561 -500.000000000 500.000000000 500.000000000
0.754609377 1.166106742 -1.485144362 -1.117398957 -1.974291655 -1.685645315 -0.357142989

2.904785862
0.888149271 1.054412421 -1.004241079 -1.336451150 2.576875060 -1.235046655 1.376311859
-1.681314465 4.189784116 -10.926964824 8.292944903 -100.000000000 100.000000000 100.000000000
-78.400096898 -214.615530813 500.000000000 -312.576165583 -465.004939775 500.000000000 500.000000000
0.754720082 1.166056722 -1.485176100 -1.117606165 -1.974344682 -1.685614832 -0.357237473

2.905773542
0.870179329 1.041386097 -0.968324916 -1.355300497 2.160208394 -0.818379988 1.792978526
-4.312785995 -3.126317778 8.619879139 -4.523843425 -100.000000000 100.000000000 100.000000000
20.283370364 -72.631252143 170.445794446 -143.974399556 500.000000000 -500.000000000 -500.000000000
0.754828382 1.166007750 -1.485207175 -1.117808997 -1.974396597 -1.685584985 -0.357330030

2.906832026
0.845340397 1.034429435 -0.942120533 -1.329025941 2.576875060 -1.235046655 1.376311859
-5.961343814 -1.669598789 6.289051895 6.305893573 100.000000000 -100.000000000 -100.000000000
74.720625156 74.988520949 -224.085808645 114.226018508 500.000000000 -500.000000000 -500.000000000
0.754828382 1.166007750 -1.485207175 -1.117808997 -1.974396597 -1.685584985 -0.357330030

2.907809999
0.829435187 1.054744342 -0.992053989 -1.268205980 2.993541727 -1.651713321 0.959645193
-3.817250331 4.875577647 -11.984029504 14.596790650 100.000000000 -100.000000000 -100.000000000
110.187714950 46.544358492 -180.093159265 -105.018741615 -500.000000000 500.000000000 500.000000000
0.755047577 1.165908518 -1.485270139 -1.118219908 -1.974501797 -1.685524487 -0.357517739

2.909425759
0.816533084 1.056552865 -0.997192313 -1.249696939 2.888343886 -1.235046655 1.376311859
-3.096504852 0.434045604 -1.233197749 4.442169706 -25.247481858 100.000000000 100.000000000
68.906245609 -86.395135363 190.358975147 -276.937205789 -500.000000000 500.000000000 500.000000000
0.755156590 1.165859108 -1.485301500 -1.118424457 -1.974554175 -1.685494366 -0.357611283

2.910015697
0.816533084 1.056552865 -0.997192313 -1.249696939 2.888343886 -1.235046655 1.376311859
-3.096504852 0.434045604 -1.233197749 4.442169706 -25.247481858 100.000000000 100.000000000
68.906245609 -86.395135363 190.358975147 -276.937205789 -500.000000000 500.000000000 500.000000000
0.755156590 1.165859108 -1.485301500 -1.118424457 -1.974554175 -1.685494366 -0.357611283

2.910797001
0.799378260 1.029122001 -0.922057788 -1.279715346 2.471677219 -0.818379988 1.792978526
-4.117157781 -6.583407328 18.032286167 -7.204417584 -100.000000000 100.000000000 100.000000000
55.792447668 2.249712248 -24.146963640 -75.716145925 18.659831104 -500.000000000 -500.000000000
0.755268986 1.165808126 -1.485333858 -1.118635490 -1.974608221 -1.685463279 -0.357707862

2.911871046
0.765514126 0.964102053 -0.754766723 -1.399379825 2.471677219 -0.818379988 1.792978526
-3.471847729 -5.010773446 12.996896339 -8.792082454 100.000000000 -100.000000000 -100.000000000
77.932228249 145.336758979 -416.973330378 160.196337312 500.000000000 -500.000000000 -500.000000000
0.755482395 1.165711210 -1.485395370 -1.119036557 -1.974710962 -1.685404169 -0.357891609

2.913978807
0.765514126 0.964102053 -0.754766723 -1.399379825 2.471677219 -0.818379988 1.792978526
-3.471847729 -5.010773446 12.996896339 -8.792082454 100.000000000 -100.000000000 -100.000000000
90.650240576 229.958311708 -500.000000000 422.939240856 500.000000000 -500.000000000 -500.000000000
0.755482395 1.165711210 -1.485395370 -1.119036557 -1.974710962 -1.685404169 -0.357891609

2.914771162
0.775861642 0.981402005 -0.817332106 -1.394919469 2.542051636 -0.818379988 1.792978526
1.366439347 1.089360555 -4.401877098 -3.150683320 -83.110139900 100.000000000 100.000000000
-23.779564206 -42.380607268 143.627680972 -58.201124262 -500.000000000 500.000000000 500.000000000
0.755765371 1.165582472 -1.485477095 -1.119569125 -1.974847433 -1.685325638 -0.358136007

2.915817314
0.775861642 0.981402005 -0.817332106 -1.394919469 2.542051636 -0.818379988 1.792978526
1.366439347 1.089360555 -4.401877098 -3.150683320 -83.110139900 100.000000000 100.000000000
-29.332326380 -3.371937297 21.221282223 90.537232335 500.000000000 -500.000000000 -500.000000000
0.755826247 1.165554743 -1.485494703 -1.119683810 -1.974876827 -1.685308722 -0.358188697

2.916842190
0.775861642 0.981402005 -0.817332106 -1.394919469 2.542051636 -0.818379988 1.792978526
1.366439347 1.089360555 -4.401877098 -3.150683320 -83.110139900 100.000000000 100.000000000
-29.332326380 -3.371937297 21.221282223 90.537232335 500.000000000 -500.000000000 -500.000000000
0.755943525 1.165501287 -1.485528641 -1.119904864 -1.974933493 -1.685276102 -0.358290316

2.917781656
0.774199816 0.972630542 -0.795258029 -1.443493936 2.125384970 -0.401713321 2.209645193
-0.398838216 -2.105151092 5.297778502 -11.657872170 -100.000000000 100.000000000 100.000000000
6.164244214 61.384116029 -174.986428947 265.491624256 500.000000000 -500.000000000 -500.000000000
0.756074615 1.165441484 -1.485566618 -1.120152128 -1.974996887 -1.685239611 -0.358404079

2.918790408
0.767786860 0.990286949 -0.819745764 -1.399638201 2.958718303 -1.235046655 1.376311859
0.279612582 4.721017746 -10.174910746 10.787635333 100.000000000 -100.000000000 -100.000000000
35.325564741 29.149472739 -156.780412007 37.677594864 -500.000000000 500.000000000 500.000000000
0.756241479 1.165365277 -1.485615013 -1.120467144 -1.975077669 -1.685193101 -0.358549158

2.919753129
0.767786860 0.990286949 -0.819745764 -1.399638201 2.958718303 -1.235046655 1.376311859
0.279612582 4.721017746 -10.174910746 10.787635333 100.000000000 -100.000000000 -100.000000000
-6.746789787 -76.912522204 136.911290027 -187.835601030 -500.000000000 500.000000000 500.000000000
0.756241479 1.165365277 -1.485615013 -1.120467144 -1.975077669 -1.685193101 -0.358549158

2.920802117
0.754215892 0.982752762 -0.768783406 -1.422683512 2.180894218 -0.401713321 2.209645193
-2.316167046 -2.782329205 11.067433135 -7.905116269 -100.000000000 100.000000000 100.000000000
18.065504650 -2.385434092 -90.345496341 -20.577220456 500.000000000 -500.000000000 -500.000000000
0.756456828 1.165266790 -1.485677566 -1.120874146 -1.975182065 -1.685132982 -0.358736839

2.921798103
0.745622666 0.980819584 -0.745237831 -1.415943297 2.597560884 -0.818379988 1.792978526
-2.062374081 -0.463962902 5.650938014 1.617651647 100.000000000 -100.000000000 -100.000000000
46.547434526 73.897986847 -293.038078659 188.283262008 500.000000000 -500.000000000 -500.000000000
0.756564684 1.165217405 -1.485708929 -1.121078185 -1.975234415 -1.685102827 -0.358831029

2.922798316
0.745622666 0.980819584 -0.745237831 -1.415943297 2.597560884 -0.818379988 1.792978526
-2.062374081 -0.463962902 5.650938014 1.617651647 100.000000000 -100.000000000 -100.000000000
42.341683411 27.719040187 -187.065870114 -2.866521696 -500.000000000 500.000000000 500.000000000
0.756673921 1.165167349 -1.485740723 -1.121284966 -1.975287477 -1.685072261 -0.358926553

2.923799172
0.745622666 0.980819584 -0.745237831 -1.415943297 2.597560884 -0.818379988 1.792978526
-2.062374081 -0.463962902 5.650938014 1.617651647 100.000000000 -100.000000000 -100.000000000
42.352607054 27.714034566 -187.069049480 -2.887199803 -500.000000000 500.000000000 500.000000000
0.756782462 1.165117572 -1.485772349 -1.121490561 -1.975340238 -1.685041869 -0.359021601

2.924807257
0.753091988 1.003743125 -0.800828090 -1.368535699 3.014227551 -1.235046655 1.376311859
1.792637221 5.501649958 -13.341662192 11.377823484 100.000000000 -100.000000000 -100.000000000
-35.483697011 -93.895554493 198.338817899 -202.851955845 -500.000000000 500.000000000 500.000000000
0.756888950 1.165068698 -1.485803399 -1.121692395 -1.975392044 -1.685012020 -0.359114977

2.925815679
0.753091988 1.003743125 -0.800828090 -1.368535699 3.014227551 -1.235046655 1.376311859
1.792637221 5.501649958 -13.341662192 11.377823484 100.000000000 -100.000000000 -100.000000000
-35.483697011 -93.895554493 198.338817899 -202.851955845 -500.000000000 500.000000000 500.000000000
0.756997743 1.165018726 -1.485835143 -1.121898730 -1.975445015 -1.684981494 -0.359210502

2.926901148
0.748645360 0.998591301 -0.762405051 -1.389906284 2.234535433 -0.401713321 2.209645193
-1.605960879 -2.860811004 10.973465374 -7.753449835 -100.000000000 100.000000000 100.000000000
-10.609313026 -17.036727821 -32.732013767 -28.920039233 500.000000000 -500.000000000 -500.000000000
0.757113887 1.164965334 -1.485869072 -1.122119151 -1.975501608 -1.684948883 -0.359312628

2.928359757
0.748645360 0.998591301 -0.762405051 -1.389906284 2.234535433 -0.401713321 2.209645193
-1.605960879 -2.860811004 10.973465374 -7.753449835 -100.000000000 100.000000000 100.000000000
-10.609313026 -17.036727821 -32.732013767 -28.920039233 500.000000000 -500.000000000 -500.000000000
0.757113887 1.164965334 -1.485869072 -1.122119151 -1.975501608 -1.684948883 -0.359312628

2.928840158
0.741553867 0.996078993 -0.737671482 -1.381953052 2.651202099 -0.818379988 1.792978526
-1.701958151 -0.602954074 5.936056547 1.908775559 100.000000000 -100.000000000 -100.000000000
32.983135349 73.845770208 -291.820699904 181.815295955 500.000000000 -500.000000000 -500.000000000
0.757318912 1.164870972 -1.485929035 -1.122508625 -1.975601629 -1.684891233 -0.359493272

2.929965472
0.751075208 1.019528829 -0.796603444 -1.333803253 3.067868766 -1.235046655 1.376311859
2.285121730 5.627960640 -14.143670983 11.555951851 100.000000000 -100.000000000 -100.000000000
32.983135349 73.845770208 -291.820699904 181.815295955 500.000000000 -500.000000000 -500.000000000
0.757425874 1.164821686 -1.485960351 -1.122712003 -1.975653871 -1.684861112 -0.359587700

2.930835459
0.754589667 1.025833403 -0.803260163 -1.321607369 2.701557922 -0.818379988 1.792978526
0.843470212 1.513097823 -1.597612514 2.927012275 -87.914602688 100.000000000 100.000000000
-45.067367978 -98.029927118 213.937728960 -210.009911959 -500.000000000 500.000000000 500.000000000
0.757533168 1.164772208 -1.485991803 -1.122916139 -1.975706313 -1.684830883 -0.359682551

2.931840952
0.754589667 1.025833403 -0.803260163 -1.321607369 2.701557922 -0.818379988 1.792978526
0.843470212 1.513097823 -1.597612514 2.927012275 -87.914602688 100.000000000 100.000000000
-45.067367978 -98.029927118 213.937728960 -210.009911959 -500.000000000 500.000000000 500.000000000
0.757533168 1.164772208 -1.485991803 -1.122916139 -1.975706313 -1.684830883 -0.359682551

2.932869799
0.754589667 1.025833403 -0.803260163 -1.321607369 2.701557922 -0.818379988 1.792978526
0.843470212 1.513097823 -1.597612514 2.927012275 -87.914602688 100.000000000 100.000000000
-45.067367978 -98.029927118 213.937728960 -210.009911959 -500.000000000 500.000000000 500.000000000
0.757533168 1.164772208 -1.485991803 -1.122916139 -1.975706313 -1.684830883 -0.359682551

2.933850612
0.736284606 0.988679470 -0.678070608 -1.415431205 1.868224588 0.014953345 2.626311859
-2.808950068 -5.525024076 17.319939236 -14.924576536 -100.000000000 100.000000000 100.000000000
32.662447404 83.135098563 -328.093217688 174.852589598 500.000000000 -500.000000000 -500.000000000
0.757854881 1.164623615 -1.486086247 -1.123529021 -1.975863814 -1.684740053 -0.359967727

2.934812026
0.717204440 0.966325769 -0.590235280 -1.463478478 2.284891255 -0.401713321 2.209645193
-4.579239972 -5.364888264 21.080478731 -11.531345572 100.000000000 -100.000000000 -100.000000000
58.336028818 128.094895993 -427.200348647 327.681749123 500.000000000 -500.000000000 -500.000000000
0.757961771 1.164574165 -1.486117689 -1.123732912 -1.975916223 -1.684709828 -0.360062737

2.935860700
0.717204440 0.966325769 -0.590235280 -1.463478478 2.284891255 -0.401713321 2.209645193
-4.579239972 -5.364888264 21.080478731 -11.531345572 100.000000000 -100.000000000 -100.000000000
95.660532548 127.122604959 -500.000000000 264.601468091 -500.000000000 500.000000000 500.000000000
0.757961771 1.164574165 -1.486117689 -1.123732912 -1.975916223 -1.684709828 -0.360062737

2.936833795
0.719335895 0.968398211 -0.556960207 -1.493008194 2.284891255 -0.401713321 2.209645193
1.542846825 0.487017617 2.374983365 -6.909486258 -100.000000000 100.000000000 100.000000000
25.142216464 19.608135137 -204.150041664 37.580825842 -500.000000000 500.000000000 500.000000000
0.758187096 1.164469797 -1.486184043 -1.124163147 -1.976026845 -1.684646011 -0.360263441

2.937805839
0.719335895 0.968398211 -0.556960207 -1.493008194 2.284891255 -0.401713321 2.209645193
1.542846825 0.487017617 2.374983365 -6.909486258 -100.000000000 100.000000000 100.000000000
-26.971816443 9.866806195 -140.422050966 175.074229833 500.000000000 -500.000000000 -500.000000000
0.758283915 1.164424897 -1.486212587 -1.124348194 -1.976074436 -1.684618549 -0.360349858

2.954162911
0.824366795 1.174478133 -0.701345255 -1.341094149 2.739282337 -1.235046655 1.531003420
-2.101696093 2.116599886 1.423096600 8.114393930 100.000000000 -100.000000000 -100.000000000
-2.225062490 -26.678974894 -121.000468994 51.629210102 500.000000000 -500.000000000 -500.000000000
0.759874853 1.163682368 -1.486684961 -1.127404571 -1.976861396 -1.684164098 -0.361785388

2.954796176
0.824366795 1.174478133 -0.701345255 -1.341094149 2.739282337 -1.235046655 1.531003420
-2.101696093 2.116599886 1.423096600 8.114393930 100.000000000 -100.000000000 -100.000000000
35.597579693 -43.417612060 -106.999745249 -140.943742170 -500.000000000 500.000000000 500.000000000
0.760085660 1.163583300 -1.486748014 -1.127811811 -1.976966388 -1.684103408 -0.361977829

2.955777842
0.822587926 1.212777954 -0.766063756 -1.253748231 3.040936972 -1.235046655 1.531003420
-1.221384838 1.847893347 -0.136368683 5.925598947 -27.602887386 100.000000000 100.000000000
-22.648264914 -151.030785162 235.796187794 -285.685788445 -500.000000000 500.000000000 500.000000000
0.760190605 1.163533921 -1.486779452 -1.128014744 -1.977018716 -1.684073161 -0.362073830

2.956915422
0.811865672 1.200039771 -0.707965474 -1.267207351 2.624270306 -0.818379988 1.947670087
-2.573341086 -3.057164030 13.943587741 -3.230188817 -100.000000000 100.000000000 100.000000000
18.187964686 -41.882270250 -69.344195918 -105.938630269 50.262178887 -500.000000000 -500.000000000
0.760299415 1.163482682 -1.486812066 -1.128225290 -1.977073019 -1.684041760 -0.362173503

2.957833728
0.802344631 1.200291517 -0.683934897 -1.241482155 2.684174732 -1.235046655 1.531003420
-2.285049738 0.060419126 5.767338465 6.174046923 14.377062195 -100.000000000 -100.000000000
46.310196009 57.487571701 -356.756414037 78.501982383 500.000000000 -500.000000000 -500.000000000
0.760299415 1.163482682 -1.486812066 -1.128225290 -1.977073019 -1.684041760 -0.362173503

2.958782423
0.811884659 1.228742318 -0.758485621 -1.180443044 3.100841398 -1.651713321 1.114336753
2.289606584 6.828192145 -17.892173619 14.649386752 100.000000000 -100.000000000 -100.000000000
41.506691775 -4.894082072 -195.637552410 -112.175038135 -500.000000000 500.000000000 500.000000000
0.760506226 1.163385173 -1.486874153 -1.128625867 -1.977176352 -1.683982012 -0.362363343

2.960037280
0.811884659 1.228742318 -0.758485621 -1.180443044 3.100841398 -1.651713321 1.114336753
2.289606584 6.828192145 -17.892173619 14.649386752 100.000000000 -100.000000000 -100.000000000
41.506691775 -4.894082072 -195.637552410 -112.175038135 -500.000000000 500.000000000 500.000000000
0.760506226 1.163385173 -1.486874153 -1.128625867 -1.977176352 -1.683982012 -0.362363343

2.960895786
0.804376532 1.210174937 -0.686289687 -1.191472385 2.568288243 -0.818379988 1.947670087
-2.759283605 -6.288785743 21.523584127 -7.305866355 -100.000000000 100.000000000 100.000000000
-24.667738509 -43.958984970 12.836207823 -89.966318025 60.034182536 -500.000000000 -500.000000000
0.760716127 1.163286047 -1.486937267 -1.129032959 -1.977281401 -1.683921252 -0.362556544

2.961820080
0.788771820 1.196431898 -0.621329847 -1.179025739 2.630601320 -1.235046655 1.531003420
-3.745131011 -3.298329260 15.590361612 2.987194926 14.955138564 -100.000000000 -100.000000000
50.819631515 121.086825849 -500.000000000 152.361269627 500.000000000 -500.000000000 -500.000000000
0.760822084 1.163235946 -1.486969171 -1.129238663 -1.977334494 -1.683890539 -0.362654274

2.962824229
0.797483522 1.216217728 -0.676659773 -1.124589847 3.047267987 -1.651713321 1.114336753
2.090808446 4.748599137 -13.279182160 13.064614146 100.000000000 -100.000000000 -100.000000000
72.107646645 62.646989994 -398.371164666 -54.765190959 -500.000000000 500.000000000 500.000000000
0.760926059 1.163186743 -1.487000508 -1.129440652 -1.977386634 -1.683860374 -0.362750308

2.963805295
0.807253154 1.221188432 -0.697617655 -1.111887655 2.953069957 -1.235046655 1.531003420
2.344711629 1.192968910 -5.029891748 3.048526066 -22.607527295 100.000000000 100.000000000
-45.471915232 -100.275081250 184.549569665 -261.777363427 -500.000000000 500.000000000 500.000000000
0.761030315 1.163137366 -1.487031954 -1.129643322 -1.977438960 -1.683830099 -0.362846733

2.964803411
0.802127368 1.195701483 -0.617561115 -1.150416543 2.536403290 -0.818379988 1.947670087
-1.230188465 -6.116867658 19.213569602 -9.246933139 -100.000000000 100.000000000 100.000000000
-51.516516479 -29.664484761 21.656405096 -62.746088000 -40.900345786 -500.000000000 -500.000000000
0.761134668 1.163087903 -1.487063458 -1.129846316 -1.977491377 -1.683799767 -0.362943383

2.965804399
0.789672478 1.181171359 -0.548944901 -1.141029694 2.481732101 -1.235046655 1.531003420
-2.989173677 -3.487229757 16.467891270 2.252843741 -13.121085313 -100.000000000 -100.000000000
20.504499324 119.075995097 -471.221626364 186.995685507 500.000000000 -500.000000000 -500.000000000
0.761239397 1.163038220 -1.487095101 -1.130050173 -1.977544025 -1.683769296 -0.363040512

2.966803490
0.800398251 1.198164909 -0.594651392 -1.082814773 2.898398768 -1.651713321 1.114336753
2.574185544 4.078452017 -10.969557835 13.971581087 100.000000000 -100.000000000 -100.000000000
56.940165447 67.931281271 -423.172845374 -43.958922765 -183.505906414 500.000000000 500.000000000
0.761343574 1.162988759 -1.487126609 -1.130253093 -1.977596439 -1.683738961 -0.363137265

2.969143043
0.822346548 1.207557927 -0.650494996 -1.074000148 3.136031631 -1.235046655 1.531003420
5.267591278 2.254324157 -13.402464819 2.115509832 57.031887107 100.000000000 100.000000000
-55.389178585 -85.086655348 130.143635074 -284.175453795 -500.000000000 500.000000000 500.000000000
0.761448472 1.162938915 -1.487158363 -1.130457554 -1.977649258 -1.683708388 -0.363234822

2.969862004
0.822346548 1.207557927 -0.650494996 -1.074000148 3.136031631 -1.235046655 1.531003420
5.267591278 2.254324157 -13.402464819 2.115509832 57.031887107 100.000000000 100.000000000
-55.389178585 -85.086655348 130.143635074 -284.175453795 -500.000000000 500.000000000 500.000000000
0.761448472 1.162938915 -1.487158363 -1.130457554 -1.977649258 -1.683708388 -0.363234822

2.970766996
0.817410488 1.142027478 -0.462252440 -1.211447374 2.302698298 -0.401713321 2.364336753
-1.835893100 -10.354084312 29.923425902 -23.124799641 -100.000000000 100.000000000 100.000000000
-19.361651861 105.229857734 -395.125606581 195.666961970 500.000000000 -500.000000000 -500.000000000
0.761761509 1.162789922 -1.487253289 -1.131068523 -1.977807140 -1.683616979 -0.363526759

2.971755665
0.823204861 1.126399935 -0.423242443 -1.250316806 2.719364964 -0.818379988 1.947670087
1.390649492 -3.750610171 9.362399374 -9.328663746 100.000000000 -100.000000000 -100.000000000
31.152964121 209.157930616 -500.000000000 470.533877853 500.000000000 -500.000000000 -500.000000000
0.761866260 1.162739982 -1.487285115 -1.131273245 -1.977860058 -1.683586338 -0.363624721

2.972803494
0.823204861 1.126399935 -0.423242443 -1.250316806 2.719364964 -0.818379988 1.947670087
1.390649492 -3.750610171 9.362399374 -9.328663746 100.000000000 -100.000000000 -100.000000000
-33.946849908 78.646208049 -293.652254642 198.477630959 -500.000000000 500.000000000 500.000000000
0.761979936 1.162685739 -1.487319683 -1.131495566 -1.977917535 -1.683553053 -0.363731184

2.973801938
0.858497706 1.143927024 -0.504669480 -1.227282823 3.136031631 -1.235046655 1.531003420
8.470282864 4.206501363 -19.542488958 5.528155976 100.000000000 -100.000000000 -100.000000000
-179.057434330 -82.254155755 292.584758934 -100.984393838 -500.000000000 500.000000000 500.000000000
0.762072898 1.162641344 -1.487347974 -1.131677498 -1.977964577 -1.683525804 -0.363818368

2.974822359
0.882248074 1.137386350 -0.470691283 -1.266242738 2.345752255 -0.401713321 2.364336753
0.217901013 -3.136407429 14.022411156 -9.263709290 -100.000000000 100.000000000 100.000000000
-121.570469485 -30.114251177 21.529876623 11.330051068 500.000000000 -500.000000000 -500.000000000
0.762175837 1.162592146 -1.487379324 -1.131879083 -1.978016711 -1.683495602 -0.363915033

2.975811574
0.882248074 1.137386350 -0.470691283 -1.266242738 2.345752255 -0.401713321 2.364336753
0.217901013 -3.136407429 14.022411156 -9.263709290 -100.000000000 100.000000000 100.000000000
-16.365243961 65.248728189 -382.117027239 198.710551296 500.000000000 -500.000000000 -500.000000000
0.762280597 1.162542037 -1.487411261 -1.132084372 -1.978069809 -1.683464840 -0.364013546

2.976827683
0.911556551 1.161465291 -0.514182882 -1.207252487 3.179085588 -1.235046655 1.531003420
6.672478740 5.982397972 -17.955040134 12.311274052 100.000000000 -100.000000000 -100.000000000
-19.378510239 6.669383846 -255.145231621 -24.281214682 -500.000000000 500.000000000 500.000000000
0.762384411 1.162492337 -1.487442938 -1.132287946 -1.978122471 -1.683434327 -0.364111307

2.977809004
0.911556551 1.161465291 -0.514182882 -1.207252487 3.179085588 -1.235046655 1.531003420
6.672478740 5.982397972 -17.955040134 12.311274052 100.000000000 -100.000000000 -100.000000000
-19.378510239 6.669383846 -255.145231621 -24.281214682 -500.000000000 500.000000000 500.000000000
0.762486935 1.162443215 -1.487474251 -1.132489125 -1.978174522 -1.683404168 -0.364207985

2.978798500
0.922419307 1.156132041 -0.458138219 -1.223449257 2.389370110 -0.401713321 2.364336753
-1.058886493 -3.369461791 16.721947015 -7.721137194 -100.000000000 100.000000000 100.000000000
-89.753399028 -42.562459075 -30.541564890 -70.799375201 500.000000000 -500.000000000 -500.000000000
0.762590314 1.162393641 -1.487505856 -1.132692118 -1.978227048 -1.683373730 -0.364305607

2.979756590
0.922419307 1.156132041 -0.458138219 -1.223449257 2.389370110 -0.401713321 2.364336753
-1.058886493 -3.369461791 16.721947015 -7.721137194 -100.000000000 100.000000000 100.000000000
5.194830616 68.015395871 -437.375703947 163.498457721 500.000000000 -500.000000000 -500.000000000
0.762693464 1.162344137 -1.487537417 -1.132894798 -1.978279502 -1.683343330 -0.364403146

2.980809926
0.922885014 1.155142750 -0.428360305 -1.214987443 2.806036777 -0.818379988 1.947670087
0.111769675 -0.237429778 7.146699412 2.030835220 100.000000000 -100.000000000 -100.000000000
5.194830616 68.015395871 -437.375703947 163.498457721 500.000000000 -500.000000000 -500.000000000
0.762693464 1.162344137 -1.487537417 -1.132894798 -1.978279502 -1.683343330 -0.364403146

2.981828977
0.970387637 1.189938936 -0.541422581 -1.151528902 2.842692438 -0.818379988 1.947670087
4.061220580 2.139524334 -5.630946284 3.294403332 -91.202641432 100.000000000 100.000000000
-165.854049472 -126.104682308 333.118804746 -235.499216874 -500.000000000 500.000000000 500.000000000
0.762906680 1.162241677 -1.487602740 -1.133314183 -1.978388067 -1.683280397 -0.364605193

2.982909957
0.964650826 1.173618361 -0.467782483 -1.186315034 2.426025771 -0.401713321 2.364336753
-1.376834723 -3.916938144 17.673623577 -8.348671671 -100.000000000 100.000000000 100.000000000
-101.972507274 -45.560212587 18.000909775 -64.066594781 500.000000000 -500.000000000 -500.000000000
0.763007485 1.162193175 -1.487633669 -1.133512665 -1.978439459 -1.683250604 -0.364700920

2.983754410
0.962434599 1.170851200 -0.433621681 -1.179417647 2.842692438 -0.818379988 1.947670087
-0.531894526 -0.664118538 8.198592441 1.655372776 100.000000000 -100.000000000 -100.000000000
-101.972507274 -45.560212587 18.000909775 -64.066594781 500.000000000 -500.000000000 -500.000000000
0.763007485 1.162193175 -1.487633669 -1.133512665 -1.978439459 -1.683250604 -0.364700920

2.984887042
0.991512714 1.196578151 -0.526605235 -1.130804245 3.259359104 -1.235046655 1.531003420
6.978747623 6.174468115 -22.316053078 11.667216619 100.000000000 -100.000000000 -100.000000000
-9.292926951 12.410840251 -269.376699699 -28.540393012 -500.000000000 500.000000000 500.000000000
0.763210962 1.162095149 -1.487696175 -1.133913710 -1.978543324 -1.683190376 -0.364894545

2.986033880
1.007452978 1.205134759 -0.552372094 -1.117775395 2.877261355 -0.818379988 1.947670087
3.825663495 2.053585934 -6.184045971 3.126924052 -91.703459928 100.000000000 100.000000000
-162.405127582 -126.937662486 350.211967630 -233.655278898 -500.000000000 500.000000000 500.000000000
0.763317363 1.162043826 -1.487728911 -1.134123634 -1.978597702 -1.683158844 -0.364996007

2.986867671
1.000052909 1.187001057 -0.473928887 -1.153835326 2.460594688 -0.401713321 2.364336753
-1.776016634 -4.352088347 18.826369579 -8.654383553 -100.000000000 100.000000000 100.000000000
-100.926831478 -45.380812009 30.145237679 -64.173305003 500.000000000 -500.000000000 -500.000000000
0.763416081 1.161996168 -1.487759304 -1.134318535 -1.978648198 -1.683129555 -0.365090273

2.987843977
0.996400899 1.183308829 -0.438649648 -1.148033304 2.877261355 -0.818379988 1.947670087
-0.876482374 -0.886134723 8.467017395 1.392485241 100.000000000 -100.000000000 -100.000000000
11.856649862 84.541277970 -477.910433302 175.039350124 500.000000000 -500.000000000 -500.000000000
0.763533553 1.161939406 -1.487795508 -1.134550629 -1.978708339 -1.683094669 -0.365202612

2.988922157
1.025438999 1.209529462 -0.538693607 -1.100484702 3.293928021 -1.235046655 1.531003420
6.969143914 6.292951933 -24.010550147 11.411664649 100.000000000 -100.000000000 -100.000000000
-5.757087173 15.585752119 -274.254933886 -26.501437303 -500.000000000 500.000000000 500.000000000
0.763617807 1.161898661 -1.487821499 -1.134717204 -1.978751509 -1.683069626 -0.365283296

2.999800923
1.070358755 1.204190656 -0.483619170 -1.089472795 2.958801476 -0.818379988 1.947670087
4.741559976 2.036165241 -10.557067860 2.084798462 -95.981190144 100.000000000 100.000000000
-219.499927398 -118.445861200 500.000000000 -193.530543604 -500.000000000 500.000000000 500.000000000
0.764745698 1.161350473 -1.488171289 -1.136956219 -1.979332304 -1.682732490 -0.366372384

3.000809301
1.056782958 1.184873771 -0.395144697 -1.126406068 2.542134809 -0.401713321 2.364336753
-3.258191126 -4.636052486 21.233873521 -8.863985565 -100.000000000 100.000000000 100.000000000
-125.392505234 -45.007323123 110.686145289 -46.444311703 500.000000000 -500.000000000 -500.000000000
0.764847061 1.161300955 -1.488202892 -1.137158279 -1.979384768 -1.682702014 -0.366471089

3.001817658
1.046011917 1.180198975 -0.348097487 -1.120900253 2.958801476 -0.818379988 1.947670087
-2.585049941 -1.121951069 11.291330386 1.321395589 100.000000000 -100.000000000 -100.000000000
35.970232759 90.363768117 -500.000000000 176.204490240 500.000000000 -500.000000000 -500.000000000
0.764948805 1.161251207 -1.488234649 -1.137361238 -1.979437472 -1.682671399 -0.366570306

3.002807865
1.073569731 1.204151988 -0.448897269 -1.075659930 3.375468142 -1.235046655 1.531003420
6.613875275 5.748723281 -24.191947760 10.857677604 100.000000000 -100.000000000 -100.000000000
23.594687657 20.544244632 -339.840323973 -28.074010287 -500.000000000 500.000000000 500.000000000
0.765050254 1.161201562 -1.488266340 -1.137563750 -1.979490068 -1.682640842 -0.366669372

3.003804488
1.088220716 1.212386875 -0.483148916 -1.063429058 2.993694198 -0.818379988 1.947670087
3.516236584 1.976372876 -8.220395312 2.935409212 -91.625746524 100.000000000 100.000000000
-163.129453156 -119.269508270 379.902048106 -223.343934075 -500.000000000 500.000000000 500.000000000
0.765151809 1.161151822 -1.488298096 -1.137766614 -1.979542763 -1.682610226 -0.366768683

3.004809167
1.074611604 1.193185391 -0.395543471 -1.099943688 2.577027532 -0.401713321 2.364336753
-3.266187066 -4.608356269 21.025306942 -8.763511099 -100.000000000 100.000000000 100.000000000
-102.631622409 -44.650962873 63.892988254 -66.141939855 500.000000000 -500.000000000 -500.000000000
0.765253510 1.161101968 -1.488329929 -1.137969912 -1.979595579 -1.682579538 -0.366868278

3.005803486
1.067063730 1.189601904 -0.360374896 -1.095605812 2.993694198 -0.818379988 1.947670087
-1.811489802 -0.860036803 8.440457808 1.041090217 100.000000000 -100.000000000 -100.000000000
34.387931968 88.958783041 -500.000000000 171.467599502 500.000000000 -500.000000000 -500.000000000
0.765354301 1.161052517 -1.488361504 -1.138171531 -1.979647966 -1.682549096 -0.366967120

3.006803072
1.086383990 1.210545395 -0.436017910 -1.046388789 2.988367304 -1.235046655 1.820002344
4.636862552 5.026437788 -18.154323218 11.812085500 -1.278454562 -100.000000000 -30.640258245
6.058853167 14.345797338 -281.607816939 -25.078376287 -500.000000000 500.000000000 500.000000000
0.765457733 1.161001726 -1.488393937 -1.138378581 -1.979701773 -1.682517825 -0.367068697

3.007809780
1.097289024 1.214926652 -0.456592925 -1.044259802 2.571700638 -0.818379988 2.236669011
2.617208188 1.051501750 -4.938003693 0.510956768 -100.000000000 100.000000000 100.000000000
-124.829876753 -105.483122634 257.848861629 -245.440689215 -471.237816506 500.000000000 394.098060820
0.765457733 1.161001726 -1.488393937 -1.138378581 -1.979701773 -1.682517825 -0.367068697

3.008973837
1.097289024 1.214926652 -0.456592925 -1.044259802 2.571700638 -0.818379988 2.236669011
2.617208188 1.051501750 -4.938003693 0.510956768 -100.000000000 100.000000000 100.000000000
-124.829876753 -105.483122634 257.848861629 -245.440689215 -471.237816506 500.000000000 394.098060820
0.765557383 1.160952751 -1.488425210 -1.138578200 -1.979753658 -1.682487666 -0.367166697

3.009790810
1.097289024 1.214926652 -0.456592925 -1.044259802 2.571700638 -0.818379988 2.236669011
2.617208188 1.051501750 -4.938003693 0.510956768 -100.000000000 100.000000000 100.000000000
-85.517327853 -26.427425173 -4.423154632 -19.650975081 500.000000000 -500.000000000 -500.000000000
0.765557383 1.160952751 -1.488425210 -1.138578200 -1.979753658 -1.682487666 -0.367166697

3.010807932
1.117355932 1.194037668 -0.448233123 -1.163620436 1.738367304 0.014953345 3.070002344
1.263976907 -4.031625098 5.145919845 -18.352627311 -100.000000000 100.000000000 100.000000000
-105.672964441 14.635534091 -39.090598415 200.691966068 500.000000000 -500.000000000 -500.000000000
0.765859680 1.160803924 -1.488520258 -1.139184604 -1.979911321 -1.682396006 -0.367464826

3.012379866
1.117355932 1.194037668 -0.448233123 -1.163620436 1.738367304 0.014953345 3.070002344
1.263976907 -4.031625098 5.145919845 -18.352627311 -100.000000000 100.000000000 100.000000000
-105.672964441 14.635534091 -39.090598415 200.691966068 500.000000000 -500.000000000 -500.000000000
0.765859680 1.160803924 -1.488520258 -1.139184604 -1.979911321 -1.682396006 -0.367464826

3.012769170
1.116283471 1.184611416 -0.416751235 -1.208301552 2.155033971 -0.401713321 2.653335677
-0.257390768 -2.262300274 7.555653169 -10.723467748 100.000000000 -100.000000000 -100.000000000
-60.429163412 77.309127577 -206.947110408 369.496129481 500.000000000 -500.000000000 -500.000000000
0.766062518 1.160703846 -1.488584181 -1.139592212 -1.980017339 -1.682334353 -0.367665578

3.013765287
1.122994718 1.198749844 -0.417545895 -1.206726638 2.155033971 -0.401713321 2.653335677
0.608686962 0.976492464 2.176784352 -3.878161494 -100.000000000 100.000000000 100.000000000
-55.479846452 -51.732329958 -58.846779713 -80.025273422 -500.000000000 500.000000000 500.000000000
0.766062518 1.160703846 -1.488584181 -1.139592212 -1.980017339 -1.682334353 -0.367665578

3.014824414
1.127891171 1.198932169 -0.414479207 -1.248912305 1.738367304 0.014953345 3.070002344
1.175148810 0.043757978 0.736005051 -10.124560040 -100.000000000 100.000000000 100.000000000
-47.855625901 -23.340048429 -150.643092269 84.253872530 500.000000000 -500.000000000 -500.000000000
0.766263431 1.160604545 -1.488647613 -1.139996527 -1.980122534 -1.682273167 -0.367864988

3.015812093
1.131473858 1.203880660 -0.408626127 -1.269712388 2.155033971 -0.401713321 2.653335677
0.859844794 1.187637805 1.404739324 -4.992019895 100.000000000 -100.000000000 -100.000000000
-59.665750188 -4.707921936 -122.136941560 213.382778642 500.000000000 -500.000000000 -500.000000000
0.766363020 1.160555260 -1.488679097 -1.140197149 -1.980174744 -1.682242794 -0.367964041

3.016828289
1.131473858 1.203880660 -0.408626127 -1.269712388 2.155033971 -0.401713321 2.653335677
0.859844794 1.187637805 1.404739324 -4.992019895 100.000000000 -100.000000000 -100.000000000
-53.707979648 -28.085296086 -136.100083509 112.791921813 -500.000000000 500.000000000 500.000000000
0.766463206 1.160505636 -1.488710808 -1.140399116 -1.980227309 -1.682212218 -0.368063832

3.017806640
1.137963368 1.221848111 -0.428971372 -1.240343319 2.571700638 -0.818379988 2.236669011
1.557482493 4.312188340 -4.882858926 7.048576513 100.000000000 -100.000000000 -100.000000000
-53.697961092 -28.090258476 -136.103254628 112.771725083 -500.000000000 500.000000000 500.000000000
0.766563821 1.160455756 -1.488742674 -1.140602092 -1.980280149 -1.682181471 -0.368164189

3.018791898
1.138673503 1.230288554 -0.418861035 -1.250223460 2.155033971 -0.401713321 2.653335677
0.170432402 2.025706239 2.426480905 -2.371233718 -100.000000000 100.000000000 100.000000000
-68.289604606 -92.383002296 -8.319951687 -130.997407572 -500.000000000 500.000000000 500.000000000
0.766663796 1.160406150 -1.488774368 -1.140803920 -1.980332698 -1.682150891 -0.368264049

3.019801307
1.140367243 1.233465744 -0.410417425 -1.288453524 1.738367304 0.014953345 3.070002344
0.406497489 0.762525772 2.026466395 -9.175215472 -100.000000000 100.000000000 100.000000000
-40.609618793 -47.502365089 -155.520951437 58.366628332 500.000000000 -500.000000000 -500.000000000
0.766764049 1.160356363 -1.488806185 -1.141006455 -1.980385436 -1.682120200 -0.368364332

3.020809077
1.140399651 1.240254179 -0.397397419 -1.307597902 2.155033971 -0.401713321 2.653335677
0.007777946 1.629224263 3.124801400 -4.594650791 100.000000000 -100.000000000 -100.000000000
-45.490269142 -22.561453569 -148.368203926 198.249016365 500.000000000 -500.000000000 -500.000000000
0.766865250 1.160306061 -1.488838329 -1.141211051 -1.980438722 -1.682089186 -0.368465706

3.021853578
1.140399651 1.240254179 -0.397397419 -1.307597902 2.155033971 -0.401713321 2.653335677
0.007777946 1.629224263 3.124801400 -4.594650791 100.000000000 -100.000000000 -100.000000000
-37.508998977 -40.579297059 -171.640118996 108.531701007 -500.000000000 500.000000000 500.000000000
0.766972508 1.160252699 -1.488872439 -1.141428052 -1.980495244 -1.682056292 -0.368573310

3.023040282
1.161007745 1.297115729 -0.490503718 -1.201668978 2.988367304 -1.235046655 1.820002344
4.012475672 9.072347936 -18.970167892 18.502747506 100.000000000 -100.000000000 -100.000000000
-56.400997769 -101.394639330 -40.234232530 -124.670318177 -500.000000000 500.000000000 500.000000000
0.766972508 1.160252699 -1.488872439 -1.141428052 -1.980495244 -1.682056292 -0.368573310

3.023801871
1.160606975 1.314075811 -0.497203371 -1.172352223 2.597350038 -0.818379988 2.236669011
-0.096184823 4.070419834 -1.607916786 7.036021018 -93.844144021 100.000000000 100.000000000
-119.641440972 -195.139036491 279.562794929 -364.054337536 -500.000000000 500.000000000 500.000000000
0.767088470 1.160194951 -1.488909347 -1.141662852 -1.980556416 -1.682020682 -0.368689828

3.024834063
1.145546633 1.307037607 -0.433574360 -1.203793787 2.180683371 -0.401713321 2.653335677
-3.614482005 -1.689169129 15.270962678 -7.545975229 -100.000000000 100.000000000 100.000000000
-37.419200566 -96.800945499 -67.015114162 -137.669625497 500.000000000 -500.000000000 -500.000000000
0.767264431 1.160107211 -1.488965423 -1.142019509 -1.980649357 -1.681966564 -0.368867000

3.025778964
1.134463680 1.309978129 -0.401171105 -1.198097617 2.597350038 -0.818379988 2.236669011
-2.659908729 0.705725411 7.776781118 1.367080826 100.000000000 -100.000000000 -100.000000000
-37.419200566 -96.800945499 -67.015114162 -137.669625497 500.000000000 -500.000000000 -500.000000000
0.767264431 1.160107211 -1.488965423 -1.142019509 -1.980649357 -1.681966564 -0.368867000

3.027043853
1.134463680 1.309978129 -0.401171105 -1.198097617 2.597350038 -0.818379988 2.236669011
-2.659908729 0.705725411 7.776781118 1.367080826 100.000000000 -100.000000000 -100.000000000
16.488172596 -29.106553920 -264.318221149 -21.753938663 -500.000000000 500.000000000 500.000000000
0.767464210 1.160007430 -1.489029209 -1.142424992 -1.980755051 -1.681905017 -0.369068698

3.029527009
1.147762099 1.337057868 -0.470421885 -1.146061834 3.014016704 -1.235046655 1.820002344
3.191620492 6.499137359 -16.620187098 12.488587820 100.000000000 -100.000000000 -100.000000000
16.488172596 -29.106553920 -264.318221149 -21.753938663 -500.000000000 500.000000000 500.000000000
0.767464210 1.160007430 -1.489029209 -1.142424992 -1.980755051 -1.681905017 -0.369068698

3.029945669
1.151780713 1.347734884 -0.485345292 -1.137714123 2.639341229 -0.818379988 2.236669011
0.964467261 2.562483874 -3.581617647 2.003450585 -89.922114185 100.000000000 100.000000000
-101.862198705 -147.687791038 230.543009544 -249.408072192 -500.000000000 500.000000000 500.000000000
0.767765360 1.159856684 -1.489125587 -1.143037330 -1.980914726 -1.681812010 -0.369373835

3.030806456
1.141268272 1.336623955 -0.430053100 -1.183676597 2.222674562 -0.401713321 2.653335677
-2.522985815 -2.666622987 13.270126025 -11.030993759 -100.000000000 100.000000000 100.000000000
-57.690880475 -70.037497554 -28.745676541 -40.601332314 500.000000000 -500.000000000 -500.000000000
0.767862566 1.159807939 -1.489156756 -1.143235268 -1.980966356 -1.681781932 -0.369472611

3.031900439
1.141268272 1.336623955 -0.430053100 -1.183676597 2.222674562 -0.401713321 2.653335677
-2.522985815 -2.666622987 13.270126025 -11.030993759 -100.000000000 100.000000000 100.000000000
-57.690880475 -70.037497554 -28.745676541 -40.601332314 500.000000000 -500.000000000 -500.000000000
0.767966074 1.159755988 -1.489189973 -1.143446193 -1.981021385 -1.681749867 -0.369577941

3.032780305
1.133306072 1.337533042 -0.406093336 -1.184842497 2.639341229 -0.818379988 2.236669011
-1.910927908 0.218180882 5.750343283 -0.279815835 100.000000000 -100.000000000 -100.000000000
1.684558355 -22.141323085 -223.316529352 9.735947114 -500.000000000 500.000000000 500.000000000
0.768059287 1.159709163 -1.489219921 -1.143636275 -1.981070981 -1.681720970 -0.369672933

3.033759833
1.137356999 1.353849482 -0.445323503 -1.151219195 3.056007895 -1.235046655 1.820002344
0.972222462 3.915945448 -9.415239912 8.069592306 100.000000000 -100.000000000 -100.000000000
-56.374220442 -97.732940880 83.915156451 -160.633554103 -500.000000000 500.000000000 500.000000000
0.768157992 1.159659535 -1.489251657 -1.143837700 -1.981123546 -1.681690336 -0.369773660

3.034757137
1.130164926 1.353185619 -0.421349156 -1.157084831 2.676868603 -0.818379988 2.236669011
-1.726097584 -0.159326922 5.753843209 -1.407752584 -90.993430141 100.000000000 100.000000000
-1.678741644 -16.166069967 -221.867114270 29.479764829 500.000000000 -500.000000000 -500.000000000
0.768256798 1.159609814 -1.489283457 -1.144039474 -1.981176210 -1.681659643 -0.369874633

3.035790546
1.111886265 1.335900933 -0.344024929 -1.210866992 2.260201936 -0.401713321 2.653335677
-4.386878644 -4.148324853 18.557814524 -12.907718590 -100.000000000 100.000000000 100.000000000
53.374626176 65.337385219 -485.682143337 264.837123625 500.000000000 -500.000000000 -500.000000000
0.768256798 1.159609814 -1.489283457 -1.144039474 -1.981176210 -1.681659643 -0.369874633

3.036874474
1.104138275 1.334848780 -0.321479785 -1.218055642 2.676868603 -0.818379988 2.236669011
-1.859517574 -0.252516668 5.410834438 -1.725275867 100.000000000 -100.000000000 -100.000000000
3.616016577 -12.480521570 -225.001505863 41.878901912 -500.000000000 500.000000000 500.000000000
0.768453149 1.159510874 -1.489346737 -1.144440886 -1.981281006 -1.681598555 -0.370075722

3.037855590
1.132657444 1.368359649 -0.436053859 -1.167914135 2.709648344 -0.818379988 2.236669011
1.744859849 2.288429367 -6.353421646 1.648912616 -92.132862092 100.000000000 100.000000000
-71.317626414 -66.653464856 21.739145086 -30.630927452 500.000000000 -500.000000000 -500.000000000
0.768552555 1.159460717 -1.489378817 -1.144644329 -1.981334132 -1.681567580 -0.370177745

3.050839605
1.041893248 1.415839657 -0.497621585 -0.923889287 2.697653415 -1.651713321 1.559268780
-1.543946656 1.449306015 -3.142033631 7.488203619 -67.817480069 100.000000000 100.000000000
-1.833328880 -146.554476503 125.625320619 -392.206986069 -480.419533213 500.000000000 500.000000000
0.769730553 1.158862862 -1.489761375 -1.147066722 -1.981967330 -1.681198196 -0.371398155

3.051809120
1.025469348 1.390635707 -0.420489721 -0.968846967 2.280986749 -1.235046655 1.975935446
-3.941736028 -6.048948040 18.511647397 -10.789843079 -100.000000000 100.000000000 100.000000000
3.674926021 -54.690060438 -36.377313567 -172.107155491 500.000000000 -500.000000000 -500.000000000
0.769942885 1.158754408 -1.489830801 -1.147505648 -1.982082189 -1.681131145 -0.371620400

3.052826305
1.019841713 1.385120801 -0.425402642 -0.968392571 2.611523389 -1.651713321 1.559268780
-1.350632206 -1.323577429 -1.179101057 0.109055039 79.328793701 -100.000000000 -100.000000000
53.282074325 97.790830942 -477.167055985 197.930993437 500.000000000 -500.000000000 -500.000000000
0.770021363 1.158714269 -1.489856493 -1.147668055 -1.982124700 -1.681106323 -0.371702717

3.053833614
1.042880155 1.411399491 -0.572036832 -0.921807709 3.028190056 -2.068379988 1.142602113
5.529225983 6.306885776 -35.192205761 11.180366665 100.000000000 -100.000000000 -100.000000000
2.030609090 3.830895447 -82.863364023 -20.108649191 -500.000000000 500.000000000 500.000000000
0.770118662 1.158664463 -1.489888383 -1.147869546 -1.982177445 -1.681075527 -0.371804914

3.054802787
1.049641449 1.416084422 -0.631955862 -0.917260809 3.028190056 -1.652262327 1.538800533
1.622710624 1.124383362 -14.380567192 1.091255990 0.000000000 99.868238752 95.087620826
-137.860668971 -151.411218356 500.000000000 -246.213516972 -500.000000000 500.000000000 500.000000000
0.770215920 1.158614632 -1.489920283 -1.148071104 -1.982230219 -1.681044706 -0.371907213

3.055801766
1.027610944 1.379085463 -0.516629267 -0.964845427 2.611523389 -1.235595660 1.955467200
-5.287321189 -8.879750172 27.678382925 -11.420308233 -100.000000000 100.000000000 100.000000000
-60.396765365 -48.234646215 201.814901737 -44.906149236 -500.000000000 -500.000000000 -500.000000000
0.770313285 1.158564702 -1.489952251 -1.148273033 -1.982283098 -1.681013823 -0.372009775

3.056799935
1.027610944 1.379085463 -0.516629267 -0.964845427 2.611523389 -1.235595660 1.955467200
-5.287321189 -8.879750172 27.678382925 -11.420308233 -100.000000000 100.000000000 100.000000000
80.016657900 155.542927313 -500.000000000 210.063404051 500.000000000 -500.000000000 -500.000000000
0.770409904 1.158515108 -1.489984013 -1.148473566 -1.982335617 -1.680983153 -0.372111701

3.057771175
0.979851719 1.346278544 -0.341955116 -0.966210217 2.194856722 -1.652262327 1.538800533
-11.462214087 -7.873660538 41.921796184 -0.327549678 -100.000000000 -100.000000000 -100.000000000
208.300100231 138.696867169 -500.000000000 -11.675341274 500.000000000 500.000000000 500.000000000
0.770506786 1.158465335 -1.490015880 -1.148674794 -1.982388330 -1.680952359 -0.372214049

3.058850529
0.981528568 1.350070777 -0.408639999 -0.929513291 2.820496464 -1.652262327 1.538800533
5.222115569 0.600423480 -25.501576140 -1.071454615 100.000000000 100.000000000 100.000000000
77.467140901 -25.104613611 -308.707329107 -219.936926571 -500.000000000 500.000000000 500.000000000
0.770604157 1.158415264 -1.490047946 -1.148877190 -1.982441355 -1.680921383 -0.372317067

3.059812857
0.981528568 1.350070777 -0.408639999 -0.929513291 2.820496464 -1.652262327 1.538800533
5.222115569 0.600423480 -25.501576140 -1.071454615 100.000000000 100.000000000 100.000000000
-125.534752408 -31.174020884 401.890728144 -0.507297576 -500.000000000 -500.000000000 -500.000000000
0.770716242 1.158357570 -1.490084893 -1.149110359 -1.982502453 -1.680885687 -0.372435838

3.060801717
0.984866949 1.317364249 -0.408983305 -1.011525178 2.299206051 -1.652262327 1.538800533
-3.593222864 -3.703437127 12.042541248 -2.871588693 -100.000000000 -100.000000000 -100.000000000
-110.800933748 65.478822000 139.406258687 321.270270106 32.356463633 -500.000000000 -500.000000000
0.770800346 1.158314238 -1.490112647 -1.149285453 -1.982548340 -1.680858875 -0.372525092

3.061806553
0.957392893 1.317811611 -0.347049886 -0.969636414 1.924986010 -2.068928993 1.122133867
-6.593773438 0.107366923 14.864020583 10.053303464 -89.812809764 -100.000000000 -100.000000000
50.457796967 58.163741398 -348.963759201 43.655746420 500.000000000 500.000000000 500.000000000
0.770894549 1.158265662 -1.490143757 -1.149481710 -1.982599782 -1.680828814 -0.372625196

3.062797305
0.969146268 1.321482329 -0.423690524 -0.960547386 2.341652677 -1.652262327 1.538800533
2.820810070 0.880972242 -18.393753125 2.181366712 100.000000000 100.000000000 100.000000000
113.225634431 -18.101933418 -411.589798837 -219.050598906 500.000000000 500.000000000 500.000000000
0.770994370 1.158214142 -1.490176753 -1.149689825 -1.982654342 -1.680796927 -0.372731424

3.063807629
1.017636613 1.323597567 -0.624048518 -1.018885213 2.758319344 -1.235595660 1.955467200
11.637682730 0.507657144 -48.085918591 -14.001078454 100.000000000 100.000000000 100.000000000
-76.231391214 -33.946263560 261.226439553 -62.541578185 -500.000000000 -500.000000000 -500.000000000
0.771086866 1.158166358 -1.490207364 -1.149882816 -1.982704942 -1.680767355 -0.372830004

3.066648376
1.033542172 1.327984902 -0.717598575 -1.042213778 2.762488729 -1.652262327 1.538800533
3.817334138 1.052960348 -22.452013631 -5.598855581 1.000652465 -100.000000000 -100.000000000
-76.231391214 -33.946263560 261.226439553 -62.541578185 -500.000000000 -500.000000000 -500.000000000
0.771086866 1.158166358 -1.490207364 -1.149882816 -1.982704942 -1.680767355 -0.372830004

3.066790002
1.033542172 1.327984902 -0.717598575 -1.042213778 2.762488729 -1.652262327 1.538800533
3.817334138 1.052960348 -22.452013631 -5.598855581 1.000652465 -100.000000000 -100.000000000
-76.231391214 -33.946263560 261.226439553 -62.541578185 -500.000000000 -500.000000000 -500.000000000
0.771086866 1.158166358 -1.490207364 -1.149882816 -1.982704942 -1.680767355 -0.372830004

3.067799268
1.001804265 1.299159078 -0.660364209 -1.064012657 1.929155396 -1.652262327 1.538800533
-5.612954688 -6.597776706 17.926596908 -6.872000380 -100.000000000 100.000000000 100.000000000
14.703162299 -10.455855220 8.281876051 -44.320052695 500.000000000 500.000000000 500.000000000
0.771473129 1.157966357 -1.490335492 -1.150690261 -1.982916735 -1.680643541 -0.373243168

3.068919330
1.001221869 1.278363120 -0.677271630 -1.126561593 2.120975509 -1.235595660 1.955467200
-0.139775179 -4.991030006 -4.057781092 -15.011744529 46.036827092 100.000000000 100.000000000
14.703162299 -10.455855220 8.281876051 -44.320052695 500.000000000 500.000000000 500.000000000
0.771473129 1.157966357 -1.490335492 -1.150690261 -1.982916735 -1.680643541 -0.373243168

3.069810837
1.001221869 1.278363120 -0.677271630 -1.126561593 2.120975509 -1.235595660 1.955467200
-0.139775179 -4.991030006 -4.057781092 -15.011744529 46.036827092 100.000000000 100.000000000
-20.167715054 87.774874252 -0.154639989 297.797611083 -500.000000000 -500.000000000 -500.000000000
0.771674847 1.157861614 -1.490402598 -1.151112912 -1.983027652 -1.680578676 -0.373459901

3.070838859
1.049041755 1.277006328 -0.917715031 -1.279583174 2.954308842 -1.235595660 1.955467200
6.995725652 3.569899164 -37.572453451 -12.705721130 100.000000000 -100.000000000 -100.000000000
-114.442743358 67.483568001 329.755310278 487.942140449 -500.000000000 -500.000000000 -500.000000000
0.771759331 1.157817685 -1.490430746 -1.151290129 -1.983074169 -1.680551470 -0.373550873

3.071983053
1.046030832 1.294001169 -1.015310802 -1.269582456 2.849074100 -1.652262327 1.538800533
-0.722621368 4.078761724 -23.422985087 2.400172184 -25.256338019 -100.000000000 -100.000000000
-167.642755406 -83.316847599 500.000000000 266.943727053 -500.000000000 500.000000000 500.000000000
0.771854486 1.157768164 -1.490462486 -1.151489875 -1.983126606 -1.680520803 -0.373653480

3.072802308
1.021886792 1.276906616 -1.000165491 -1.276853377 2.432407434 -1.235595660 1.955467200
-5.794569649 -4.102692818 3.634874718 -1.745020989 -100.000000000 100.000000000 100.000000000
-12.965207244 -95.198534992 420.944533351 -36.194185556 21.906689757 500.000000000 500.000000000
0.771951524 1.157717616 -1.490494876 -1.151693727 -1.983180132 -1.680489490 -0.373758267

3.073799524
0.997430035 1.247545738 -0.961523009 -1.323173995 2.015740767 -0.818928993 2.372133867
-5.869621734 -7.046610592 9.274195536 -11.116948381 -100.000000000 100.000000000 100.000000000
90.897866177 70.134956415 -121.730432906 47.416384789 500.000000000 -500.000000000 -500.000000000
0.772045890 1.157668414 -1.490526406 -1.151892118 -1.983232233 -1.680459009 -0.373860320

3.075073201
0.969909230 1.233924909 -0.956481098 -1.312394795 2.432407434 -1.235595660 1.955467200
-6.604993094 -3.268998940 1.210058604 2.587007945 100.000000000 -100.000000000 -100.000000000
94.854020201 131.944479451 -238.384250417 239.467155334 500.000000000 -500.000000000 -500.000000000
0.772141835 1.157618342 -1.490558500 -1.152093984 -1.983285252 -1.680427990 -0.373964235

3.076137106
0.946725089 1.247775349 -1.020878581 -1.255124532 2.849074100 -1.652262327 1.538800533
-5.564193925 3.324105584 -15.455395760 13.744863141 100.000000000 -100.000000000 -100.000000000
112.323122324 57.749322128 -77.608912252 -35.710077767 -500.000000000 500.000000000 500.000000000
0.772238030 1.157568093 -1.490590706 -1.152296532 -1.983338461 -1.680396855 -0.374068573

3.076852322
0.946725089 1.247775349 -1.020878581 -1.255124532 2.849074100 -1.652262327 1.538800533
-5.564193925 3.324105584 -15.455395760 13.744863141 100.000000000 -100.000000000 -100.000000000
112.323122324 57.749322128 -77.608912252 -35.710077767 -500.000000000 500.000000000 500.000000000
0.772238030 1.157568093 -1.490590706 -1.152296532 -1.983338461 -1.680396855 -0.374068573

3.077884663
0.899533040 1.209631839 -0.972151435 -1.273429166 2.316148000 -0.818928993 2.372133867
-5.933884066 -8.011485317 15.173789023 -8.281897770 -100.000000000 100.000000000 100.000000000
92.652548857 14.309237122 24.060499363 -69.135045421 86.424242053 -500.000000000 -500.000000000
0.772428338 1.157468542 -1.490654515 -1.152697706 -1.983443873 -1.680335165 -0.374275449

3.078800917
0.867147529 1.184081278 -0.918978024 -1.263000852 2.399748003 -1.235595660 1.955467200
-7.772522670 -6.132134725 12.761618670 2.502795380 20.064000743 -100.000000000 -100.000000000
105.967211156 155.013376632 -355.326088420 177.711101329 500.000000000 -500.000000000 -500.000000000
0.772524465 1.157418187 -1.490686796 -1.152900581 -1.983497192 -1.680303959 -0.374380179

3.079840811
0.843108861 1.189107454 -0.948355670 -1.207218991 2.816414669 -1.652262327 1.538800533
-5.769280136 1.206282242 -7.050635011 13.387646574 100.000000000 -100.000000000 -100.000000000
145.988147066 119.976385370 -312.403250591 -39.045880509 -500.000000000 500.000000000 500.000000000
0.772524465 1.157418187 -1.490686796 -1.152900581 -1.983497192 -1.680303959 -0.374380179

3.080808319
0.843108861 1.189107454 -0.948355670 -1.207218991 2.816414669 -1.652262327 1.538800533
-5.769280136 1.206282242 -7.050635011 13.387646574 100.000000000 -100.000000000 -100.000000000
108.336498736 -27.299466522 86.776449653 -262.340808198 -500.000000000 500.000000000 500.000000000
0.772713592 1.157318975 -1.490750399 -1.153300189 -1.983602243 -1.680242464 -0.374586685

3.082517383
0.843108861 1.189107454 -0.948355670 -1.207218991 2.816414669 -1.652262327 1.538800533
-5.769280136 1.206282242 -7.050635011 13.387646574 100.000000000 -100.000000000 -100.000000000
108.336498736 -27.299466522 86.776449653 -262.340808198 -500.000000000 500.000000000 500.000000000
0.772713592 1.157318975 -1.490750399 -1.153300189 -1.983602243 -1.680242464 -0.374586685

3.082816940
0.826649222 1.182445025 -0.951902687 -1.196472276 2.726703162 -1.235595660 1.955467200
-3.950313427 -1.598982874 -0.851284151 2.579211634 -21.530761770 100.000000000 100.000000000
108.346075756 -27.304492761 86.773227356 -262.361051338 -500.000000000 500.000000000 500.000000000
0.772808539 1.157269097 -1.490782374 -1.153501038 -1.983655056 -1.680211542 -0.374690586

3.084644701
0.810265559 1.151666563 -0.891917368 -1.239701451 2.310036495 -0.818928993 2.372133867
-3.932079051 -7.386831071 14.396476550 -10.375002132 -100.000000000 100.000000000 100.000000000
73.631537513 29.457155050 -36.865433857 -47.306875877 -40.425784772 -500.000000000 -500.000000000
0.772901912 1.157220001 -1.490813856 -1.153698708 -1.983707040 -1.680181108 -0.374792917

3.084859895
0.785486477 1.128616745 -0.836908865 -1.236289635 2.255900834 -1.235595660 1.955467200
-5.946979768 -5.531956300 13.202040881 0.818835969 -12.992558602 -100.000000000 -100.000000000
73.631537513 29.457155050 -36.865433857 -47.306875877 -40.425784772 -500.000000000 -500.000000000
0.773003665 1.157166447 -1.490848193 -1.153914290 -1.983763745 -1.680147901 -0.374904601

3.086109932
0.769366266 1.134246656 -0.859609100 -1.182890849 2.672567501 -1.652262327 1.538800533
-3.868850552 1.351178703 -5.448056580 12.815708580 100.000000000 -100.000000000 -100.000000000
117.700096769 113.489469381 -329.437717279 -8.157807060 -164.120184912 500.000000000 500.000000000
0.773192745 1.157066786 -1.490912102 -1.154315371 -1.983869267 -1.680086103 -0.375112608

3.086799419
0.769366266 1.134246656 -0.859609100 -1.182890849 2.672567501 -1.652262327 1.538800533
-3.868850552 1.351178703 -5.448056580 12.815708580 100.000000000 -100.000000000 -100.000000000
117.700096769 113.489469381 -329.437717279 -8.157807060 -164.120184912 500.000000000 500.000000000
0.773192745 1.157066786 -1.490912102 -1.154315371 -1.983869267 -1.680086103 -0.375112608

3.087852951
0.761986633 1.112590584 -0.853710294 -1.226227968 2.510594343 -0.818928993 2.372133867
-1.454152261 -5.891044689 10.676055446 -11.419961574 -100.000000000 100.000000000 100.000000000
6.865967722 -11.885093677 125.930931113 -17.973729737 -500.000000000 -500.000000000 -500.000000000
0.773313321 1.157003133 -1.490952921 -1.154571467 -1.983936663 -1.680046626 -0.375245577

3.103806800
0.641005215 1.031867303 -0.584616904 -1.117750051 2.315317764 -1.652262327 1.538800533
1.321050442 2.346696721 -8.503682703 7.281465772 100.000000000 100.000000000 100.000000000
229.138133142 43.789140384 -500.000000000 -324.741090577 -500.000000000 500.000000000 500.000000000
0.774780788 1.156222180 -1.491453947 -1.157709066 -1.984763487 -1.679561940 -0.376884425

3.104825603
0.671829913 1.027346627 -0.638140834 -1.172000977 1.843381950 -1.652262327 1.538800533
0.724394221 -0.948633761 2.623363095 -2.314270567 -100.000000000 -100.000000000 -100.000000000
-122.864322767 15.213804998 225.140641454 214.563664662 -159.194651049 -500.000000000 -500.000000000
0.774964521 1.156123568 -1.491517242 -1.158104670 -1.984867884 -1.679500695 -0.377092347

3.105828812
0.647334207 1.023122672 -0.564883817 -1.144493414 1.426715283 -2.068928993 1.122133867
-5.878969358 -1.013749212 17.581684217 6.601815261 -100.000000000 -100.000000000 -100.000000000
-4.174423651 31.850369366 -137.804902640 47.675042052 500.000000000 500.000000000 500.000000000
0.775064079 1.156070055 -1.491551588 -1.158319296 -1.984924538 -1.679467452 -0.377205270

3.106804927
0.658549639 1.030098186 -0.605782462 -1.130503834 1.839586717 -1.652262327 1.538800533
2.691703674 1.674123444 -9.815674960 3.357499123 99.089144221 100.000000000 100.000000000
130.352374339 33.569722565 -444.300461501 -133.418893418 500.000000000 500.000000000 500.000000000
0.775149937 1.156023861 -1.491581239 -1.158504534 -1.984973442 -1.679438754 -0.377302800

3.107759067
0.715001856 1.048645169 -0.789793158 -1.159614053 2.256253384 -1.235595660 1.955467200
13.548531943 4.451275769 -44.162567030 -6.986452482 100.000000000 100.000000000 100.000000000
130.352374339 33.569722565 -444.300461501 -133.418893418 500.000000000 500.000000000 500.000000000
0.775242144 1.155974205 -1.491613117 -1.158703624 -1.985026010 -1.679407904 -0.377407696

3.108814232
0.738063644 1.062962689 -0.875777883 -1.165300405 2.281808319 -1.652262327 1.538800533
5.534829109 3.436204972 -20.636333815 -1.364724518 6.133184282 -100.000000000 -100.000000000
-42.174043701 -20.889901386 107.733621538 -69.950052436 -500.000000000 -500.000000000 -500.000000000
0.775242144 1.155974205 -1.491613117 -1.158703624 -1.985026010 -1.679407904 -0.377407696

3.109951176
0.718640935 1.059485453 -0.837846558 -1.130007675 1.865141652 -2.068928993 1.122133867
-4.661449964 -0.834536786 9.103518000 8.470255228 -100.000000000 -100.000000000 -100.000000000
-264.946610051 -78.292611772 500.000000000 139.820092455 -500.000000000 -500.000000000 -500.000000000
0.775335108 1.155924091 -1.491645292 -1.158904513 -1.985079060 -1.679376771 -0.377513615

3.110817499
0.718640935 1.059485453 -0.837846558 -1.130007675 1.865141652 -2.068928993 1.122133867
-4.661449964 -0.834536786 9.103518000 8.470255228 -100.000000000 -100.000000000 -100.000000000
98.911674632 26.327444228 -247.454826856 -172.323466155 500.000000000 500.000000000 500.000000000
0.775467689 1.155852538 -1.491691226 -1.159191291 -1.985154810 -1.679332306 -0.377664945

3.112388772
0.701347236 1.029284030 -0.779657673 -1.160851162 1.668415724 -1.235595660 1.955467200
2.547794536 -1.485173290 -9.415368342 -6.998376432 52.785777310 100.000000000 100.000000000
142.444601286 127.298514841 -500.000000000 5.319671003 500.000000000 -500.000000000 -500.000000000
0.775618111 1.155771234 -1.491743424 -1.159517061 -1.985240880 -1.679281775 -0.377837038

3.112769921
0.724198284 1.046582860 -0.883392295 -1.145172025 2.085082391 -1.652262327 1.538800533
5.484251551 4.151719296 -24.896309410 3.762992730 100.000000000 -100.000000000 -100.000000000
-43.528803290 42.352186230 117.098791690 140.100938719 -500.000000000 -500.000000000 -500.000000000
0.775618111 1.155771234 -1.491743424 -1.159517061 -1.985240880 -1.679281775 -0.377837038

3.113750738
0.724198284 1.046582860 -0.883392295 -1.145172025 2.085082391 -1.652262327 1.538800533
5.484251551 4.151719296 -24.896309410 3.762992730 100.000000000 -100.000000000 -100.000000000
-104.534008317 -72.120440988 437.087933916 -76.713957089 -500.000000000 500.000000000 500.000000000
0.775797592 1.155674053 -1.491805824 -1.159906332 -1.985343757 -1.679221371 -0.378042935

3.114759752
0.702382622 1.040574900 -0.861467709 -1.095950052 1.468062892 -1.652262327 1.538800533
-3.760917309 -3.862674630 11.604159410 1.079804751 -100.000000000 100.000000000 100.000000000
35.271283708 -38.514815261 68.646427065 -220.615087036 500.000000000 500.000000000 500.000000000
0.775797592 1.155674053 -1.491805824 -1.159906332 -1.985343757 -1.679221371 -0.378042935

3.116377694
0.712977904 1.034423015 -0.907920562 -1.118886565 1.661140704 -1.235595660 1.955467200
2.542867678 -1.476452241 -11.148684891 -5.504763254 46.338675042 100.000000000 100.000000000
82.570782579 88.757475684 -295.120809124 -28.015479039 500.000000000 -500.000000000 -500.000000000
0.775979623 1.155575301 -1.491869244 -1.160301762 -1.985448293 -1.679159987 -0.378252383

3.116800210
0.725532202 1.046221163 -0.992534284 -1.096593658 2.077807371 -1.652262327 1.538800533
3.013031740 2.831555451 -20.307293181 5.350297699 100.000000000 -100.000000000 -100.000000000
-44.557181629 41.644273409 164.578829694 105.953745390 -500.000000000 -500.000000000 -500.000000000
0.776071284 1.155525502 -1.491901222 -1.160501121 -1.985501010 -1.679129022 -0.378358085

3.119015385
0.725532202 1.046221163 -0.992534284 -1.096593658 2.077807371 -1.652262327 1.538800533
3.013031740 2.831555451 -20.307293181 5.350297699 100.000000000 -100.000000000 -100.000000000
-44.557181629 41.644273409 164.578829694 105.953745390 -500.000000000 -500.000000000 -500.000000000
0.776071284 1.155525502 -1.491901222 -1.160501121 -1.985501010 -1.679129022 -0.378358085

3.120147249
0.709206431 1.045736299 -0.990261140 -1.044140314 1.867807882 -2.068928993 1.122133867
-3.918185041 -0.116367472 0.545554598 12.588802614 -50.399877482 -100.000000000 -100.000000000
-44.557181629 41.644273409 164.578829694 105.953745390 -500.000000000 -500.000000000 -500.000000000
0.776255398 1.155425327 -1.491965560 -1.160902051 -1.985607052 -1.679066731 -0.378570892

3.120851574
0.615273098 0.998720977 -0.719345961 -0.913894613 1.034474548 -2.068928993 1.122133867
-12.278911402 -7.871627164 42.205649506 11.831189069 -100.000000000 100.000000000 100.000000000
216.295396158 80.625267695 -500.000000000 -408.351975985 500.000000000 500.000000000 500.000000000
0.776448219 1.155320199 -1.492033082 -1.161322652 -1.985718335 -1.679001349 -0.378794462

3.121789293
0.623380890 0.993401263 -0.752591346 -0.911431185 1.451141215 -1.652262327 1.538800533
1.945870079 -1.276731326 -7.978892316 0.591222524 100.000000000 100.000000000 100.000000000
216.295396158 80.625267695 -500.000000000 -408.351975985 500.000000000 500.000000000 500.000000000
0.776525241 1.155278145 -1.492060099 -1.161490866 -1.985762851 -1.678975195 -0.378883970

3.122953983
0.657182274 1.011963058 -0.901289073 -0.892275333 1.867807882 -2.056595549 1.122133867
8.112332110 4.454830915 -35.687454647 4.597404598 100.000000000 -97.039973302 -100.000000000
261.695740157 173.092465555 -500.000000000 -261.366585277 500.000000000 -500.000000000 -500.000000000
0.776620578 1.155226042 -1.492093566 -1.161699235 -1.985818004 -1.678942782 -0.378994917

3.123810409
0.715137479 1.061553822 -1.199178379 -0.877961086 2.284474548 -2.473262215 0.705467200
13.909249142 11.901783309 -71.493433407 3.435419330 100.000000000 -100.000000000 -100.000000000
-23.602966442 41.722314724 85.630970972 -36.830418496 -500.000000000 -500.000000000 -500.000000000
0.776708864 1.155177744 -1.492124593 -1.161892356 -1.985869128 -1.678912738 -0.379097818

3.124812523
0.750339685 1.074829943 -1.343391426 -0.925320245 2.414380269 -2.056595549 1.122133867
8.448529657 3.186269004 -34.611131317 -11.366198333 31.177372853 100.000000000 100.000000000
-272.027844317 -228.673273940 500.000000000 -97.101513611 -500.000000000 500.000000000 500.000000000
0.776801525 1.155127004 -1.492157186 -1.162095210 -1.985922840 -1.678881165 -0.379205980

3.126492148
0.777872457 1.047126830 -1.329183371 -1.006067124 2.101632928 -1.639928882 1.538800533
6.607865191 -6.648746986 3.409933356 -19.379250770 -75.059361723 100.000000000 100.000000000
-166.324409219 -55.695673963 500.000000000 203.646470186 -500.000000000 -500.000000000 -500.000000000
0.776893003 1.155076859 -1.492189408 -1.162295649 -1.985975917 -1.678849971 -0.379312933

3.126791548
0.802054563 0.985637116 -1.217117048 -1.124164859 1.684966261 -1.223262215 1.955467200
5.803705540 -14.757531429 26.895917490 -28.343456388 -100.000000000 100.000000000 100.000000000
-132.264397073 143.774957066 -84.496048674 371.982206763 500.000000000 -500.000000000 -500.000000000
0.776985396 1.155026163 -1.492221975 -1.162498256 -1.986029580 -1.678818421 -0.379421116

3.127805461
0.802054563 0.985637116 -1.217117048 -1.124164859 1.684966261 -1.223262215 1.955467200
5.803705540 -14.757531429 26.895917490 -28.343456388 -100.000000000 100.000000000 100.000000000
-118.581027497 312.089533297 -500.000000000 500.000000000 500.000000000 -500.000000000 -500.000000000
0.777074314 1.154977324 -1.492253360 -1.162693406 -1.986081274 -1.678788034 -0.379525396

3.128885396
0.802054563 0.985637116 -1.217117048 -1.124164859 1.684966261 -1.223262215 1.955467200
5.803705540 -14.757531429 26.895917490 -28.343456388 -100.000000000 100.000000000 100.000000000
-118.572135711 312.084649409 -500.000000000 500.000000000 500.000000000 -500.000000000 -500.000000000
0.777164747 1.154927606 -1.492285303 -1.162892040 -1.986133902 -1.678757089 -0.379631606

3.129800445
0.801809666 0.940886866 -1.140074443 -1.161624282 1.999101589 -1.639928882 1.538800533
-0.058775314 -10.740059949 18.490225053 -8.990261743 75.392478627 -100.000000000 -100.000000000
-1.288985688 236.205272911 -405.025587015 179.678459056 -500.000000000 500.000000000 500.000000000
0.777255785 1.154877503 -1.492317502 -1.163092174 -1.986186933 -1.678725909 -0.379738698

3.130801164
0.803051563 0.927052867 -1.181298006 -1.145559060 2.566335948 -1.639928882 1.538800533
1.794319457 -1.489528858 -6.413117277 -2.195666430 36.136246096 100.000000000 100.000000000
28.093339631 58.774446715 35.836671645 -123.694567536 -500.000000000 500.000000000 500.000000000
0.777345831 1.154827898 -1.492349371 -1.163290287 -1.986239442 -1.678695026 -0.379844777

3.131799711
0.816090701 0.900445131 -1.153656313 -1.200455056 2.208031224 -1.223262215 1.955467200
3.129393164 -6.385856528 6.634006261 -13.175039026 -85.993133773 100.000000000 100.000000000
-38.456962395 52.568080253 97.157208993 42.140205886 -500.000000000 -500.000000000 -500.000000000
0.777436231 1.154778046 -1.492381414 -1.163489351 -1.986292206 -1.678664000 -0.379951447

3.132797962
0.816090701 0.900445131 -1.153656313 -1.200455056 2.208031224 -1.223262215 1.955467200
3.129393164 -6.385856528 6.634006261 -13.175039026 -85.993133773 100.000000000 100.000000000
-66.453310341 153.150422041 -166.552635286 267.197351066 500.000000000 -500.000000000 -500.000000000
0.777534090 1.154724026 -1.492416125 -1.163705021 -1.986349386 -1.678630364 -0.380067094

3.133828286
0.816090701 0.900445131 -1.153656313 -1.200455056 2.208031224 -1.223262215 1.955467200
3.129393164 -6.385856528 6.634006261 -13.175039026 -85.993133773 100.000000000 100.000000000
-66.443524401 153.145020028 -166.556106380 267.175784090 500.000000000 -500.000000000 -500.000000000
0.777616945 1.154678242 -1.492445555 -1.163887780 -1.986397845 -1.678601864 -0.380165167

3.134769831
0.785445574 0.847757880 -1.011712332 -1.170308494 1.907783549 -2.056595549 1.122133867
-4.569912997 -3.865835329 12.228970286 9.103294866 27.940558095 -100.000000000 -100.000000000
53.011356185 204.663369595 -479.729619228 41.797508633 500.000000000 500.000000000 500.000000000
0.777721992 1.154620134 -1.492482898 -1.164119688 -1.986459349 -1.678565680 -0.380289701

3.135798105
0.807420338 0.861646102 -1.104477207 -1.161613988 2.324450216 -1.639928882 1.538800533
5.273943175 3.333173184 -22.263569839 2.086681506 100.000000000 100.000000000 100.000000000
90.625901686 108.002931977 -292.656462252 -181.447016716 -500.000000000 500.000000000 500.000000000
0.777805949 1.154573643 -1.492512778 -1.164305200 -1.986508557 -1.678536729 -0.380389395

3.136797724
0.845857823 0.868673942 -1.197039485 -1.217806607 2.247960547 -1.223262215 1.955467200
9.224996521 1.686681657 -22.214946807 -13.486228658 -18.357520503 100.000000000 100.000000000
-108.440302387 -37.370709513 406.467839619 -42.002751334 -500.000000000 -500.000000000 -500.000000000
0.777886877 1.154528789 -1.492541609 -1.164484157 -1.986556033 -1.678508795 -0.380485629

3.137798053
0.848678568 0.852966538 -1.173362015 -1.226579182 1.831293880 -1.639928882 1.538800533
0.676978841 -3.769777039 5.682592830 -2.105417958 -100.000000000 -100.000000000 -100.000000000
-191.297025045 -5.148148504 414.748723766 275.056818199 -56.301247958 -500.000000000 -500.000000000
0.777984182 1.154474802 -1.492576313 -1.164699509 -1.986613173 -1.678475174 -0.380601516

3.150815018
0.794059292 0.846607113 -1.543094768 -1.083358719 2.568829008 -2.056595549 1.153456640
-5.183177445 -4.535266297 6.517311230 8.508495193 -100.000000000 -100.000000000 -100.000000000
-13.420429471 10.831587542 274.397422836 79.260089117 -475.145347951 500.000000000 500.000000000
0.778959125 1.153930581 -1.492926227 -1.166868184 -1.987189164 -1.678136077 -0.381773469

3.151786318
0.780648555 0.803656770 -1.442471273 -1.077735402 2.152162342 -1.639928882 1.570123307
-3.218576949 -10.308082411 24.149638952 1.349596196 -100.000000000 100.000000000 100.000000000
-13.420429471 10.831587542 274.397422836 79.260089117 -475.145347951 500.000000000 500.000000000
0.779226160 1.153780452 -1.493022784 -1.167465722 -1.987348048 -1.678042483 -0.382097965

3.152797638
0.790173441 0.786662731 -1.451044683 -1.128551949 2.346528596 -1.223262215 1.986789973
2.285972807 -4.078569220 -2.057618411 -12.195971232 46.647901105 100.000000000 100.000000000
64.229299549 241.174016467 -488.047930192 -35.964955909 500.000000000 -500.000000000 -500.000000000
0.779314440 1.153730719 -1.493054770 -1.167663601 -1.987400683 -1.678011471 -0.382205574

3.153807833
0.797444603 0.803958040 -1.559747426 -1.143123767 2.763195263 -1.639928882 1.570123307
1.745078687 4.150874160 -26.088658451 -3.497236450 100.000000000 -100.000000000 -100.000000000
-46.805356315 118.278183144 36.951359526 240.008259369 -500.000000000 -500.000000000 -500.000000000
0.779406491 1.153678805 -1.493088162 -1.167870118 -1.987455623 -1.677979098 -0.382317962

3.154788333
0.781960489 0.812766192 -1.619638829 -1.115926668 2.575148067 -2.056595549 1.153456640
-3.716187212 2.113956516 -14.373936527 6.527303752 -45.131326996 -100.000000000 -100.000000000
-36.705384914 -48.045406685 500.000000000 67.470093928 -500.000000000 500.000000000 500.000000000
0.779495126 1.153628765 -1.493120354 -1.168069148 -1.987508579 -1.677947895 -0.382426357

3.155798902
0.772167301 0.788318112 -1.583513593 -1.110736080 2.158481400 -1.639928882 1.570123307
-2.350365222 -5.867539406 8.670056501 1.245741156 -100.000000000 100.000000000 100.000000000
74.077207930 -8.192873099 300.130577959 -135.760323029 446.360875291 500.000000000 500.000000000
0.779582614 1.153579322 -1.493152158 -1.168265769 -1.987560905 -1.677917056 -0.382533511

3.156813599
0.774213076 0.772725746 -1.592311214 -1.146491136 2.258470891 -1.223262215 1.986789973
0.490985996 -3.742167687 -2.111428873 -8.581213364 23.997477810 100.000000000 100.000000000
47.748835756 153.876909117 -164.364986481 -30.667792007 500.000000000 -500.000000000 -500.000000000
0.779671709 1.153528918 -1.493184579 -1.168466174 -1.987614247 -1.677885615 -0.382642803

3.158349882
0.774213076 0.772725746 -1.592311214 -1.146491136 2.258470891 -1.223262215 1.986789973
0.490985996 -3.742167687 -2.111428873 -8.581213364 23.997477810 100.000000000 100.000000000
47.748835756 153.876909117 -164.364986481 -30.667792007 500.000000000 -500.000000000 -500.000000000
0.779671709 1.153528918 -1.493184579 -1.168466174 -1.987614247 -1.677885615 -0.382642803

3.158803556
0.774213076 0.772725746 -1.592311214 -1.146491136 2.258470891 -1.223262215 1.986789973
0.490985996 -3.742167687 -2.111428873 -8.581213364 23.997477810 100.000000000 100.000000000
47.748835756 153.876909117 -164.364986481 -30.667792007 500.000000000 -500.000000000 -500.000000000
0.779671709 1.153528918 -1.493184579 -1.168466174 -1.987614247 -1.677885615 -0.382642803

3.160307396
0.774213076 0.772725746 -1.592311214 -1.146491136 2.258470891 -1.223262215 1.986789973
0.490985996 -3.742167687 -2.111428873 -8.581213364 23.997477810 100.000000000 100.000000000
47.748835756 153.876909117 -164.364986481 -30.667792007 500.000000000 -500.000000000 -500.000000000
0.779671709 1.153528918 -1.493184579 -1.168466174 -1.987614247 -1.677885615 -0.382642803

3.160760240
0.762988919 0.775650665 -1.650898547 -1.137717467 2.675137558 -1.639928882 1.570123307
-2.693797705 0.701980588 -14.060960016 2.105680540 100.000000000 -100.000000000 -100.000000000
55.561871925 23.738218971 296.984166789 -45.228209842 -500.000000000 500.000000000 500.000000000
0.779848097 1.153428973 -1.493248882 -1.168863457 -1.987720015 -1.677823273 -0.382859700

3.161828683
0.721381409 0.736694281 -1.606870388 -1.077929954 2.079686500 -1.639928882 1.570123307
-3.120382852 -7.441844864 13.245441842 3.058314250 -100.000000000 100.000000000 100.000000000
141.872162281 76.716644545 70.448452359 -233.671784366 409.747387099 500.000000000 500.000000000
0.780112823 1.153278580 -1.493345648 -1.169461009 -1.987879168 -1.677729443 -0.383186509

3.162907029
0.721381409 0.736694281 -1.606870388 -1.077929954 2.079686500 -1.639928882 1.570123307
-3.120382852 -7.441844864 13.245441842 3.058314250 -100.000000000 100.000000000 100.000000000
141.872162281 76.716644545 70.448452359 -233.671784366 409.747387099 500.000000000 500.000000000
0.780112823 1.153278580 -1.493345648 -1.169461009 -1.987879168 -1.677729443 -0.383186509

3.163784249
0.728278885 0.724265806 -1.630099270 -1.118649910 2.168545081 -1.223262215 1.986789973
1.655394024 -2.982833913 -5.574931677 -9.772789485 21.326059399 100.000000000 100.000000000
68.280798362 190.495327188 -253.556362764 -70.319390442 500.000000000 -500.000000000 -500.000000000
0.780200986 1.153228388 -1.493377944 -1.169660364 -1.987932282 -1.677698122 -0.383295693

3.164798329
0.764817173 0.750938962 -1.849165549 -1.275207823 2.940695560 -1.223262215 1.986789973
2.568428356 5.606974029 -31.387052582 -15.130324488 100.000000000 -100.000000000 -100.000000000
-121.397612235 26.668358692 446.274588342 453.101458061 -500.000000000 -500.000000000 -500.000000000
0.780369427 1.153132347 -1.493439745 -1.170041734 -1.988033916 -1.677638184 -0.383504779

3.165798844
0.743437697 0.750835896 -1.903125211 -1.269860732 2.841961245 -1.639928882 1.570123307
-5.131074379 -0.024735741 -12.950319083 1.283301739 -23.696235571 -100.000000000 -100.000000000
-49.813341783 -71.920142111 500.000000000 313.123098612 -500.000000000 500.000000000 500.000000000
0.780369427 1.153132347 -1.493439745 -1.170041734 -1.988033916 -1.677638184 -0.383504779

3.166797907
0.732378413 0.719227094 -1.868392126 -1.272096626 2.425294578 -1.223262215 1.986789973
-2.654228027 -7.586112684 8.335940409 -0.536614491 -100.000000000 100.000000000 100.000000000
106.323426341 40.719354151 299.971707327 -15.704007057 -9.080101906 500.000000000 500.000000000
0.780541801 1.153033861 -1.493503126 -1.170432679 -1.988138135 -1.677576713 -0.383719410

3.167802723
0.729380624 0.686666351 -1.831673611 -1.312186571 2.008627911 -0.806595549 2.403456640
-0.719469351 -7.814578308 8.812443686 -9.621586881 -100.000000000 100.000000000 100.000000000
57.900899260 195.102930409 -129.229908185 20.898684525 500.000000000 -500.000000000 -500.000000000
0.780628417 1.152984296 -1.493535019 -1.170629379 -1.988190586 -1.677545766 -0.383827509

3.168807405
0.711040947 0.662541644 -1.816988638 -1.301359302 2.425294578 -1.223262215 1.986789973
-4.401522640 -5.789929489 3.524393620 2.598544628 100.000000000 -100.000000000 -100.000000000
19.514166287 202.923360669 -142.435014536 206.587456911 500.000000000 -500.000000000 -500.000000000
0.780715711 1.152934289 -1.493567207 -1.170827799 -1.988243502 -1.677514550 -0.383936635

3.169797160
0.671077718 0.655926617 -1.843503101 -1.250441121 2.841961245 -1.639928882 1.570123307
-9.591174820 -1.587606490 -6.363471139 12.220363467 100.000000000 -100.000000000 -100.000000000
94.997929260 164.837854209 -38.145729343 -38.917742204 -500.000000000 500.000000000 500.000000000
0.780802320 1.152884622 -1.493599177 -1.171024833 -1.988296058 -1.677483544 -0.384045074

3.170797187
0.656133128 0.637630371 -1.836402966 -1.242974303 2.718960887 -1.223262215 1.986789973
-3.586701673 -4.391099117 1.704032237 1.792036375 -29.520085736 100.000000000 100.000000000
202.795956547 81.447930296 162.259815177 -236.465640527 -500.000000000 500.000000000 500.000000000
0.780888951 1.152834891 -1.493631183 -1.171222090 -1.988348683 -1.677452489 -0.384153710

3.171761843
0.669002364 0.603879390 -1.789018477 -1.285284698 2.302294221 -0.806595549 2.403456640
3.088616742 -8.100235511 11.372277398 -10.154494832 -100.000000000 100.000000000 100.000000000
84.209615796 139.342434331 0.196533548 -28.665506252 119.670757659 -500.000000000 -500.000000000
0.780975674 1.152785054 -1.493663261 -1.171419732 -1.988401419 -1.677421369 -0.384262634

3.172870697
0.667450949 0.572004255 -1.747122530 -1.283435504 2.428876273 -1.223262215 1.986789973
-0.372339671 -7.650032269 10.055027210 0.443806633 30.379692613 -100.000000000 -100.000000000
-50.575003848 216.895276674 -197.910026325 214.476393224 500.000000000 -500.000000000 -500.000000000
0.780975674 1.152785054 -1.493663261 -1.171419732 -1.988401419 -1.677421369 -0.384262634

3.173821419
0.643531386 0.560170670 -1.750201348 -1.240258116 2.845542940 -1.639928882 1.570123307
-5.740695265 -2.840060479 -0.738916283 10.362572950 100.000000000 -100.000000000 -100.000000000
18.807945664 211.073731954 -175.757831644 2.305645564 -500.000000000 500.000000000 500.000000000
0.781062472 1.152735121 -1.493695405 -1.171617721 -1.988454256 -1.677390188 -0.384371829

3.174799591
0.646099180 0.540013914 -1.732817953 -1.240182907 2.739886018 -1.223262215 1.986789973
0.616270687 -4.837621563 4.172014929 0.018050339 -25.357661275 100.000000000 100.000000000
128.576400322 116.052248809 40.425439672 -200.408850373 -500.000000000 500.000000000 500.000000000
0.781242517 1.152631375 -1.493762190 -1.172028975 -1.988564035 -1.677325393 -0.384598887

3.175809480
0.646099180 0.540013914 -1.732817953 -1.240182907 2.739886018 -1.223262215 1.986789973
0.616270687 -4.837621563 4.172014929 0.018050339 -25.357661275 100.000000000 100.000000000
128.576400322 116.052248809 40.425439672 -200.408850373 -500.000000000 500.000000000 500.000000000
0.781242517 1.152631375 -1.493762190 -1.172028975 -1.988564035 -1.677325393 -0.384598887

3.176922763
0.646099180 0.540013914 -1.732817953 -1.240182907 2.739886018 -1.223262215 1.986789973
0.616270687 -4.837621563 4.172014929 0.018050339 -25.357661275 100.000000000 100.000000000
128.576400322 116.052248809 40.425439672 -200.408850373 -500.000000000 500.000000000 500.000000000
0.781242517 1.152631375 -1.493762190 -1.172028975 -1.988564035 -1.677325393 -0.384598887

3.177819835
0.728020512 0.469727419 -1.649571469 -1.387889913 1.906552685 -0.389928882 2.820123307
12.271263715 -8.741328699 8.886644642 -23.739240993 -100.000000000 100.000000000 100.000000000
-137.340527614 227.184431718 -202.574476939 245.854653051 500.000000000 -500.000000000 -500.000000000
0.781494518 1.152485777 -1.493855927 -1.172605876 -1.988718097 -1.677234442 -0.384917963

3.178973590
0.728020512 0.469727419 -1.649571469 -1.387889913 1.906552685 -0.389928882 2.820123307
12.271263715 -8.741328699 8.886644642 -23.739240993 -100.000000000 100.000000000 100.000000000
-240.077873705 243.102409775 -162.161338571 496.313223570 500.000000000 -500.000000000 -500.000000000
0.781581122 1.152435636 -1.493888208 -1.172804485 -1.988771153 -1.677203115 -0.385027961

3.179814025
0.760235941 0.441034332 -1.622130848 -1.436031715 2.323219351 -0.806595549 2.403456640
7.731702814 -6.886340966 6.585749068 -11.554032534 100.000000000 -100.000000000 -100.000000000
-240.077873705 243.102409775 -162.161338571 496.313223570 500.000000000 -500.000000000 -500.000000000
0.781581122 1.152435636 -1.493888208 -1.172804485 -1.988771153 -1.677203115 -0.385027961

3.180777617
0.759618566 0.429444928 -1.614132877 -1.423402360 2.739886018 -1.223262215 1.986789973
-0.148169875 -2.781457011 1.919513024 3.031045421 100.000000000 -100.000000000 -100.000000000
5.169175065 127.922691729 -26.369347328 -35.582978579 -500.000000000 500.000000000 500.000000000
0.781676342 1.152380443 -1.493923746 -1.173023061 -1.988829553 -1.677168630 -0.385149110

3.181786184
0.709229817 0.438914813 -1.629996649 -1.330494879 3.036749590 -1.223262215 1.986789973
-3.570105625 -1.221736731 2.949110074 7.877820874 -28.752742644 100.000000000 100.000000000
5.169175065 127.922691729 -26.369347328 -35.582978579 -500.000000000 500.000000000 500.000000000
0.781793075 1.152312690 -1.493967375 -1.173291320 -1.988901241 -1.677126296 -0.385297926

3.182817517
0.709229817 0.438914813 -1.629996649 -1.330494879 3.036749590 -1.223262215 1.986789973
-3.570105625 -1.221736731 2.949110074 7.877820874 -28.752742644 100.000000000 100.000000000
176.232666498 0.940548219 149.960029818 -269.396707722 -500.000000000 500.000000000 500.000000000
0.781925750 1.152235564 -1.494017036 -1.173596611 -1.988982848 -1.677078094 -0.385467456

3.183756043
0.712309553 0.416705593 -1.578215805 -1.326137504 2.620082924 -0.806595549 2.403456640
0.739136679 -5.330212784 12.427402519 1.045770118 -100.000000000 100.000000000 100.000000000
-7.821113881 180.157252827 -240.128173405 -5.661313088 500.000000000 -500.000000000 -500.000000000
0.781925750 1.152235564 -1.494017036 -1.173596611 -1.988982848 -1.677078094 -0.385467456

3.184802920
0.706458071 0.404887641 -1.551143469 -1.292199714 2.710016604 -1.223262215 1.986789973
-1.404355699 -2.836308467 6.497360739 8.145069380 21.584083245 -100.000000000 -100.000000000
-7.821113881 180.157252827 -240.128173405 -5.661313088 500.000000000 -500.000000000 -500.000000000
0.782019505 1.152180985 -1.494052183 -1.173812605 -1.989040597 -1.677043983 -0.385587512

3.185798418
0.678884770 0.423592474 -1.597224096 -1.174964028 3.018516776 -2.056595549 1.153456640
-3.733385551 4.941308482 -12.170220669 15.426023722 0.000000000 -100.000000000 -100.000000000
66.453528770 83.953994223 -16.975454026 -247.694692471 -500.000000000 500.000000000 500.000000000
0.782179435 1.152087733 -1.494112243 -1.174181551 -1.989139263 -1.676985699 -0.385792800

3.186807532
0.678884770 0.423592474 -1.597224096 -1.174964028 3.018516776 -2.056595549 1.153456640
-3.733385551 4.941308482 -12.170220669 15.426023722 0.000000000 -100.000000000 -100.000000000
84.997177467 -25.976643801 253.715598666 -308.442226735 -500.000000000 500.000000000 500.000000000
0.782264948 1.152037796 -1.494144398 -1.174379076 -1.989192101 -1.676954476 -0.385902812

3.187807851
0.678884770 0.423592474 -1.597224096 -1.174964028 3.018516776 -2.056595549 1.153456640
-3.733385551 4.941308482 -12.170220669 15.426023722 0.000000000 -100.000000000 -100.000000000
85.005728778 -25.981637525 253.712383164 -308.461979201 -500.000000000 500.000000000 500.000000000
0.782350394 1.151987842 -1.494176574 -1.174576631 -1.989244954 -1.676923248 -0.386012924

3.188806545
0.678884770 0.423592474 -1.597224096 -1.174964028 3.018516776 -2.056595549 1.153456640
-3.733385551 4.941308482 -12.170220669 15.426023722 0.000000000 -100.000000000 -100.000000000
85.014273348 -25.986632918 253.709165581 -308.481734656 -500.000000000 500.000000000 500.000000000
0.782436026 1.151937725 -1.494208852 -1.174774797 -1.989297981 -1.676891913 -0.386123451

3.189798453
0.694340682 0.423448145 -1.619359004 -1.149087581 2.712028184 -1.639928882 1.570123307
3.709418689 -0.034639105 -5.312377978 6.210347338 -73.557262103 100.000000000 100.000000000
85.014273348 -25.986632918 253.709165581 -308.481734656 -500.000000000 500.000000000 500.000000000
0.782521282 1.151887773 -1.494241028 -1.174972274 -1.989350831 -1.676860682 -0.386233675

3.204816709
0.911162875 0.384012996 -1.630883837 -1.038021749 2.734599733 -1.224430175 1.951902588
19.430348148 11.373829817 -54.415724782 -14.022627419 100.000000000 100.000000000 100.000000000
298.973567986 33.770665049 -258.988156466 -282.241794885 -500.000000000 -500.000000000 -500.000000000
0.783784339 1.151141233 -1.494722013 -1.177919475 -1.990140651 -1.676393629 -0.387887958

3.205807466
0.911162875 0.384012996 -1.630883837 -1.038021749 2.734599733 -1.224430175 1.951902588
19.430348148 11.373829817 -54.415724782 -14.022627419 100.000000000 100.000000000 100.000000000
-401.344816533 -150.763772582 500.000000000 266.462775800 -500.000000000 -500.000000000 -500.000000000
0.783868236 1.151091205 -1.494754251 -1.178116700 -1.990193578 -1.676362309 -0.387999285

3.206798529
0.911162875 0.384012996 -1.630883837 -1.038021749 2.734599733 -1.224430175 1.951902588
19.430348148 11.373829817 -54.415724782 -14.022627419 100.000000000 100.000000000 100.000000000
-401.344816533 -150.763772582 500.000000000 266.462775800 -500.000000000 -500.000000000 -500.000000000
0.783950164 1.151042295 -1.494785774 -1.178309484 -1.990245320 -1.676331691 -0.388108183

3.207750854
0.989818337 0.427778735 -1.816793370 -1.105364219 2.801753248 -1.641096842 1.535235921
18.877310923 10.503777577 -44.618287994 -16.162192630 16.116843575 -100.000000000 -100.000000000
-401.328234037 -150.773666435 500.000000000 266.423774976 -500.000000000 -500.000000000 -500.000000000
0.784033228 1.150992652 -1.494817771 -1.178505119 -1.990297836 -1.676300614 -0.388218771

3.208796913
0.915940447 0.425772344 -1.723901330 -1.016495847 1.968419915 -2.474430175 0.701902588
-15.761743502 -4.032032453 27.172937673 18.752912642 -100.000000000 -100.000000000 -100.000000000
19.620888476 -0.167953768 131.807371219 -59.897144514 500.000000000 500.000000000 500.000000000
0.784131315 1.150933960 -1.494855595 -1.178736372 -1.990359927 -1.676263862 -0.388349587

3.209890902
0.856986417 0.428482091 -1.674291622 -0.965524487 2.385086581 -2.057763508 1.118569254
-14.148967235 0.650339293 11.906329797 12.233126554 100.000000000 100.000000000 100.000000000
302.053956856 153.156810695 -500.000000000 -391.282305367 500.000000000 500.000000000 500.000000000
0.784131315 1.150933960 -1.494855595 -1.178736372 -1.990359927 -1.676263862 -0.388349587

3.210896342
0.877646800 0.469480567 -1.818844495 -1.013069229 2.801753248 -1.641096842 1.535235921
4.958492027 9.839634183 -34.692689428 -11.410738110 100.000000000 100.000000000 100.000000000
275.705516963 59.231400453 -220.187505714 -266.011296568 -500.000000000 -500.000000000 -500.000000000
0.784248139 1.150863954 -1.494900720 -1.179012141 -1.990433984 -1.676220028 -0.388505733

3.211840133
0.904682318 0.504371505 -1.934468927 -1.064891619 2.648386943 -2.057763508 1.118569254
6.488524138 8.373825184 -27.749863765 -12.437373765 -36.807913330 -100.000000000 -100.000000000
-108.504218538 -128.657637481 500.000000000 211.607503072 -500.000000000 -500.000000000 -500.000000000
0.784366700 1.150792796 -1.494946585 -1.179292382 -1.990509262 -1.676175463 -0.388664566

3.212966997
0.895106937 0.508138725 -1.928408979 -1.058777767 2.231720276 -2.474430175 0.701902588
-2.298091416 0.904132755 1.454387579 1.467324664 -100.000000000 -100.000000000 -100.000000000
-141.802044551 -102.834374623 500.000000000 237.307399038 272.268646133 500.000000000 500.000000000
0.784453345 1.150740718 -1.494980160 -1.179497431 -1.990564351 -1.676142854 -0.388780889

3.213799236
0.872067351 0.507608477 -1.907301454 -1.048352374 2.594901689 -2.057763508 1.118569254
-5.529500482 -0.127259423 5.065805882 2.502094169 87.163539054 100.000000000 100.000000000
34.896469106 46.177544220 14.255130313 -41.418459739 500.000000000 500.000000000 500.000000000
0.784531696 1.150693574 -1.495010550 -1.179683025 -1.990614224 -1.676113325 -0.388886244

3.216648097
0.872067351 0.507608477 -1.907301454 -1.048352374 2.594901689 -2.057763508 1.118569254
-5.529500482 -0.127259423 5.065805882 2.502094169 87.163539054 100.000000000 100.000000000
34.896469106 46.177544220 14.255130313 -41.418459739 500.000000000 500.000000000 500.000000000
0.784614130 1.150643919 -1.495042555 -1.179878467 -1.990666752 -1.676082218 -0.388997265

3.216770852
0.872067351 0.507608477 -1.907301454 -1.048352374 2.594901689 -2.057763508 1.118569254
-5.529500482 -0.127259423 5.065805882 2.502094169 87.163539054 100.000000000 100.000000000
34.896469106 46.177544220 14.255130313 -41.418459739 500.000000000 500.000000000 500.000000000
0.784614130 1.150643919 -1.495042555 -1.179878467 -1.990666752 -1.676082218 -0.388997265

3.217806514
0.848919553 0.526124433 -1.939368193 -1.087862736 2.844961131 -2.057763508 1.118569254
-3.365024650 1.149089347 -0.148710352 -1.631570639 -39.985733937 -100.000000000 -100.000000000
35.994710981 -2.975172812 195.309577908 147.093215738 -500.000000000 -500.000000000 -500.000000000
0.784798221 1.150532826 -1.495114175 -1.180315605 -1.990784271 -1.676012624 -0.389245870

3.218754506
0.821951219 0.513702399 -1.882203747 -1.055005570 2.428294464 -2.474430175 0.701902588
-6.472400123 -2.981288041 13.719467177 7.885719730 -100.000000000 -100.000000000 -100.000000000
60.895663277 39.454637061 47.396762265 23.368757027 316.135467986 500.000000000 500.000000000
0.784951996 1.150439811 -1.495174144 -1.180681476 -1.990882664 -1.675954347 -0.389454245

3.219841946
0.807112120 0.512658426 -1.867929889 -1.056413453 2.844961131 -2.057763508 1.118569254
-3.561383756 -0.250553702 3.425725805 -0.337891842 100.000000000 100.000000000 100.000000000
60.895663277 39.454637061 47.396762265 23.368757027 316.135467986 500.000000000 500.000000000
0.784951996 1.150439811 -1.495174144 -1.180681476 -1.990882664 -1.675954347 -0.389454245

3.221466412
0.821855104 0.532340590 -1.931191441 -1.122193224 3.261627797 -1.641096842 1.535235921
3.538316099 4.723719558 -15.182772476 -15.787144964 100.000000000 100.000000000 100.000000000
125.740006123 123.304388175 -235.683232972 -170.262766910 500.000000000 500.000000000 500.000000000
0.785029085 1.150393105 -1.495204263 -1.180865143 -1.990932068 -1.675925087 -0.389558956

3.221802831
0.821855104 0.532340590 -1.931191441 -1.122193224 3.261627797 -1.641096842 1.535235921
3.538316099 4.723719558 -15.182772476 -15.787144964 100.000000000 100.000000000 100.000000000
-74.440699769 -32.674127618 347.250951958 309.856095876 -500.000000000 -500.000000000 -500.000000000
0.785189709 1.150295632 -1.495267106 -1.181248354 -1.991035176 -1.675864000 -0.389777643

3.222800106
0.802648209 0.537402924 -1.931073113 -1.137901902 2.688645077 -2.474430175 0.701902588
-5.285605177 -1.738270644 7.967878143 4.674917068 -100.000000000 -100.000000000 -100.000000000
-17.467190267 1.500378371 205.690139405 166.513234680 240.682367574 500.000000000 500.000000000
0.785271142 1.150246131 -1.495299024 -1.181442914 -1.991087538 -1.675832977 -0.389888789

3.223798396
0.802648209 0.537402924 -1.931073113 -1.137901902 2.688645077 -2.474430175 0.701902588
-5.285605177 -1.738270644 7.967878143 4.674917068 -100.000000000 -100.000000000 -100.000000000
103.974396873 96.049733627 -115.780153966 -97.852442584 500.000000000 500.000000000 500.000000000
0.785352893 1.150196381 -1.495331103 -1.181638421 -1.991140164 -1.675801793 -0.390000555

3.224799701
0.777272472 0.507500154 -1.825099212 -1.143103160 3.027614931 -1.646506484 1.373448525
-1.616226269 -5.481904095 18.152400518 -1.765331243 0.000000000 98.701685818 61.171024899
89.613625064 95.880710399 -105.086403867 -14.929666795 -500.000000000 -500.000000000 -500.000000000
0.785434906 1.150146412 -1.495363328 -1.181834749 -1.991193019 -1.675770475 -0.390112871

3.225810649
0.759891448 0.480977824 -1.736826660 -1.122582772 2.610948265 -2.063173151 0.956781858
-4.171445731 -6.365359089 21.185412531 4.924893098 -100.000000000 -100.000000000 -100.000000000
33.140768799 173.902707731 -330.074421911 31.433465984 -500.000000000 -500.000000000 -500.000000000
0.785517122 1.150096263 -1.495395667 -1.182031751 -1.991246065 -1.675739039 -0.390225652

3.226801565
0.741223509 0.457659007 -1.648591346 -1.095274774 2.194281598 -2.479839817 0.540115192
-4.480305368 -5.596516099 21.176475453 6.553919654 -100.000000000 -100.000000000 -100.000000000
85.991481975 194.219025633 -399.565151370 -104.442759820 500.000000000 500.000000000 500.000000000
0.785605845 1.150042079 -1.495430609 -1.182244564 -1.991303378 -1.675705071 -0.390347574

3.227824861
0.761074308 0.468962592 -1.699020784 -1.123904995 2.610948265 -2.063173151 0.956781858
4.764191803 2.712860423 -12.103065230 -6.871253161 100.000000000 100.000000000 100.000000000
94.044340926 181.168629163 -408.213435448 -139.775372135 500.000000000 500.000000000 500.000000000
0.785685857 1.149993156 -1.495462162 -1.182436679 -1.991355126 -1.675674401 -0.390457720

3.228797745
0.820026038 0.506952347 -1.857718142 -1.215379700 3.027614931 -1.646506484 1.373448525
14.148415252 9.117541243 -38.087366008 -21.953929010 100.000000000 100.000000000 100.000000000
-92.822681158 13.845847913 262.417166850 131.571894852 -500.000000000 -500.000000000 -500.000000000
0.785760786 1.149947291 -1.495491742 -1.182616753 -1.991403639 -1.675645646 -0.390561031

3.229808061
0.835774295 0.529072103 -1.927440005 -1.256656092 2.850235535 -2.063173151 0.956781858
3.779581588 5.308741450 -16.733247013 -9.906334105 -42.571055160 -100.000000000 -100.000000000
-286.394830310 -118.051330509 500.000000000 442.354874838 -500.000000000 -500.000000000 -500.000000000
0.785841561 1.149897793 -1.495523665 -1.182811061 -1.991455996 -1.675614609 -0.390672583

3.230808153
0.808521994 0.526991927 -1.905758818 -1.230514826 2.433568868 -2.479839817 0.540115192
-6.540552151 -0.499242444 5.203484920 6.273903810 -100.000000000 -100.000000000 -100.000000000
-80.584905165 -44.092260091 377.856574200 205.511185213 367.251950136 500.000000000 500.000000000
0.785922756 1.149847980 -1.495555792 -1.183006569 -1.991508685 -1.675583373 -0.390784904

3.231805701
0.774372178 0.524945877 -1.882907328 -1.211832559 2.850235535 -2.063173151 0.956781858
-8.195955828 -0.491051953 5.484357443 4.483744014 100.000000000 100.000000000 100.000000000
128.551119179 72.270454181 -63.049395881 -120.727250516 500.000000000 500.000000000 500.000000000
0.786003431 1.149798428 -1.495587754 -1.183201016 -1.991561096 -1.675552301 -0.390896694

3.235328016
0.761713886 0.534818936 -1.902209483 -1.243363927 3.266902202 -1.646506484 1.373448525
-3.037990069 2.369534115 -4.632517104 -7.567528254 100.000000000 100.000000000 100.000000000
165.082241808 72.306294165 -70.955191391 -86.811725982 -500.000000000 -500.000000000 -500.000000000
0.786084429 1.149748620 -1.495619878 -1.183396432 -1.991613779 -1.675521063 -0.391009119

3.235803098
0.746505120 0.541328072 -1.912275472 -1.255519319 3.115880003 -2.063173151 0.956781858
-3.650103970 1.562192813 -2.415837248 -2.917294247 -36.245327729 -100.000000000 -100.000000000
165.082241808 72.306294165 -70.955191391 -86.811725982 -500.000000000 -500.000000000 -500.000000000
0.786248322 1.149647661 -1.495684999 -1.183792434 -1.991720565 -1.675457740 -0.391237188

3.236798111
0.746505120 0.541328072 -1.912275472 -1.255519319 3.115880003 -2.063173151 0.956781858
-3.650103970 1.562192813 -2.415837248 -2.917294247 -36.245327729 -100.000000000 -100.000000000
76.984266158 29.583248188 89.972660834 65.499537981 214.141363433 500.000000000 500.000000000
0.786407961 1.149549091 -1.495748580 -1.184178920 -1.991824821 -1.675395906 -0.391460092

3.237755645
0.734060473 0.550860802 -1.936359358 -1.283723163 3.010736411 -2.063173151 0.956781858
-0.052162217 1.409836807 -4.577004734 -6.603256574 74.765538056 100.000000000 100.000000000
76.984266158 29.583248188 89.972660834 65.499537981 214.141363433 500.000000000 500.000000000
0.786407961 1.149549091 -1.495748580 -1.184178920 -1.991824821 -1.675395906 -0.391460092

3.249805703
0.661001948 0.558886670 -1.965886988 -1.420563837 3.077830643 -2.068523475 0.786759169
-2.801569314 0.892698339 -2.465553001 -3.125473848 -37.277091057 -100.000000000 -100.000000000
22.640962211 21.265325175 161.952724615 213.273301710 -500.000000000 -500.000000000 -500.000000000
0.787443898 1.148903793 -1.496164919 -1.186705719 -1.992507312 -1.674990912 -0.392925136

3.252758003
0.636305771 0.554322225 -1.949983184 -1.399584571 2.661163976 -2.485190141 0.370092503
-5.927082336 -1.095466823 3.816913095 5.035023861 -100.000000000 -100.000000000 -100.000000000
22.640962211 21.265325175 161.952724615 213.273301710 -500.000000000 -500.000000000 -500.000000000
0.787443898 1.148903793 -1.496164919 -1.186705719 -1.992507312 -1.674990912 -0.392925136

3.253813148
0.623464542 0.539199808 -1.919711116 -1.421694000 2.996127632 -1.657127386 1.023919548
0.633319879 -3.116049028 6.208036373 -4.723313385 -1.744074209 98.735061390 56.918491003
90.992489110 69.922079837 23.785398495 33.124922410 -500.000000000 -500.000000000 -500.000000000
0.787759367 1.148705285 -1.496293028 -1.187481832 -1.992717248 -1.674866264 -0.393377837

3.254763572
0.615351012 0.521597361 -1.881160263 -1.409515043 2.579460965 -2.073794052 0.607252882
-1.947247132 -4.224587256 9.252204657 2.922949857 -100.000000000 -100.000000000 -100.000000000
3.763084951 123.271528194 -81.818918709 117.887484544 -464.003003761 -500.000000000 -500.000000000
0.787839225 1.148654883 -1.496325554 -1.187678798 -1.992770550 -1.674834607 -0.393492929

3.255807860
0.615351012 0.521597361 -1.881160263 -1.409515043 2.579460965 -2.073794052 0.607252882
-1.947247132 -4.224587256 9.252204657 2.922949857 -100.000000000 -100.000000000 -100.000000000
3.763084951 123.271528194 -81.818918709 117.887484544 -464.003003761 -500.000000000 -500.000000000
0.787917627 1.148605340 -1.496357531 -1.187872376 -1.992822944 -1.674803491 -0.393606123

3.256798650
0.599793304 0.500836713 -1.827258895 -1.379020246 2.162794299 -2.490460719 0.190586215
-3.733849752 -4.982555644 12.936328375 7.318751086 -100.000000000 -100.000000000 -100.000000000
93.489427322 164.427975570 -225.636431110 -127.260234723 500.000000000 500.000000000 500.000000000
0.787996453 1.148555468 -1.496389719 -1.188067201 -1.992875685 -1.674772167 -0.393720125

3.257799113
0.583256556 0.478142631 -1.757185896 -1.338455060 1.750881184 -2.490460719 -0.226080452
-3.968819621 -5.446579573 16.817519596 9.735644842 -98.859147549 -0.000000000 -100.000000000
99.850382109 175.972875199 -310.270774225 -179.674110951 500.000000000 81.568855182 500.000000000
0.788076025 1.148505065 -1.496422248 -1.188264068 -1.992928989 -1.674740502 -0.393835403

3.258800696
0.591123104 0.499926444 -1.828116201 -1.343714348 2.584214517 -1.657127386 0.607252882
3.564970825 4.623244080 -16.716806925 -5.249097204 100.000000000 100.000000000 100.000000000
54.720682951 54.686794638 32.333382947 -66.379457414 -500.000000000 -500.000000000 -500.000000000
0.788152376 1.148456643 -1.496453501 -1.188453162 -1.992980196 -1.674710082 -0.393946209

3.259823707
0.594748157 0.507720827 -1.856470614 -1.343090197 2.415261644 -2.073794052 0.190586215
0.870012641 1.870651928 -6.805059192 0.149796220 -40.548689593 -100.000000000 -100.000000000
-51.596489338 -27.611861679 367.502408520 120.508062643 -500.000000000 -500.000000000 -500.000000000
0.788230933 1.148406761 -1.496485699 -1.188647922 -1.993032947 -1.674678745 -0.394060415

3.260798392
0.577926821 0.495440151 -1.817082631 -1.307235870 1.998594977 -2.490460719 -0.226080452
-4.037120645 -2.947362295 9.453115984 8.605038412 -100.000000000 -100.000000000 -100.000000000
1.948024766 26.655554892 172.099675402 12.448303040 370.144332791 500.000000000 500.000000000
0.788307954 1.148357797 -1.496517299 -1.188839065 -1.993084728 -1.674647977 -0.394172576

3.261798358
0.563176524 0.494453507 -1.810125818 -1.288987200 2.415261644 -2.073794052 0.190586215
-3.540071289 -0.236794518 1.669635190 4.379680869 100.000000000 100.000000000 100.000000000
101.780526209 124.239010558 -157.005786519 -160.261087710 500.000000000 500.000000000 500.000000000
0.788385935 1.148308161 -1.496549343 -1.189032797 -1.993137218 -1.674616793 -0.394286342

3.262807268
0.572315751 0.511612565 -1.869997590 -1.319719886 2.831928310 -1.657127386 0.607252882
2.193414600 4.118174015 -14.369225273 -7.375844648 100.000000000 100.000000000 100.000000000
93.322366890 70.121355731 -2.035056299 -77.598177083 -500.000000000 -500.000000000 -500.000000000
0.788463745 1.148258573 -1.496581354 -1.189226303 -1.993189656 -1.674585636 -0.394400055

3.263806489
0.573190986 0.520778801 -1.900526093 -1.328109825 2.667933369 -2.073794052 0.190586215
0.210056383 2.199896685 -7.326840750 -2.013585494 -39.358786039 -100.000000000 -100.000000000
-22.253492630 -18.698879521 324.726129012 160.566251208 -500.000000000 -500.000000000 -500.000000000
0.788541443 1.148208998 -1.496613351 -1.189419725 -1.993242082 -1.674554478 -0.394513793

3.264806296
0.555545088 0.512884376 -1.873740924 -1.298916788 2.251266702 -2.490460719 -0.226080452
-4.235015634 -1.894662216 6.428440566 7.006329019 -100.000000000 -100.000000000 -100.000000000
17.333918023 18.745085956 186.928089228 54.140719945 321.058175706 500.000000000 500.000000000
0.788619542 1.148159104 -1.496645560 -1.189614355 -1.993294843 -1.674523124 -0.394628327

3.265805596
0.541360401 0.511887287 -1.869203607 -1.289521380 2.667933369 -2.073794052 0.190586215
-3.404324762 -0.239301167 1.088956076 2.254897927 100.000000000 100.000000000 100.000000000
108.007758163 101.420717188 -90.859274969 -129.196337164 500.000000000 500.000000000 500.000000000
0.788697747 1.148109083 -1.496677848 -1.189809447 -1.993347740 -1.674491683 -0.394743212

3.266805579
0.547887834 0.524130827 -1.912252398 -1.328167367 3.084600035 -1.657127386 0.607252882
1.566584015 2.938449501 -10.331709975 -9.275036882 100.000000000 100.000000000 100.000000000
92.820229786 68.408202927 15.473454322 -35.126765282 -500.000000000 -500.000000000 -500.000000000
0.788774621 1.148059851 -1.496709632 -1.190001427 -1.993399801 -1.674460742 -0.394856347

3.267806726
0.545051824 0.530314374 -1.933075877 -1.341031061 2.922366468 -2.073794052 0.190586215
-0.680642522 1.484051335 -4.997634821 -3.087286697 -38.936056133 -100.000000000 -100.000000000
-7.243001649 3.623912421 248.188476123 199.317331633 -500.000000000 -500.000000000 -500.000000000
0.788851925 1.148010283 -1.496741635 -1.190194682 -1.993452217 -1.674429587 -0.394970314

3.268805702
0.525456101 0.523733773 -1.911130902 -1.316101343 2.505699801 -2.490460719 -0.226080452
-4.702973588 -1.579344227 5.266793933 5.983132377 -100.000000000 -100.000000000 -100.000000000
37.992860562 32.088564188 143.586120633 76.829371897 287.139254188 500.000000000 500.000000000
0.788929596 1.147960419 -1.496773828 -1.190389055 -1.993504945 -1.674398243 -0.395085022

3.269806006
0.512323831 0.521542917 -1.905659973 -1.313844423 2.910606154 -2.073794052 0.190586215
-3.151744625 -0.525805446 1.313022871 0.541660775 97.177524704 100.000000000 100.000000000
120.406821243 94.009549099 -63.900171259 -107.091418748 500.000000000 500.000000000 500.000000000
0.789006430 1.147911031 -1.496805710 -1.190581535 -1.993557170 -1.674367194 -0.395198690

3.270805585
0.518980865 0.528987570 -1.933516604 -1.357761374 3.327272821 -1.657127386 0.607252882
1.597688109 1.786716596 -6.685591309 -10.540068268 100.000000000 100.000000000 100.000000000
90.703152372 73.152920346 14.624968877 1.493073284 -500.000000000 -500.000000000 -500.000000000
0.789083445 1.147861466 -1.496837713 -1.190774675 -1.993609582 -1.674336035 -0.395312832

3.271806793
0.515278740 0.532640589 -1.947684729 -1.374909717 3.168457317 -2.073794052 0.190586215
-0.888509957 0.876724698 -3.400350125 -4.115602351 -38.115720913 -100.000000000 -100.000000000
-4.943504204 26.153057674 177.379715258 227.500035236 -500.000000000 -500.000000000 -500.000000000
0.789083445 1.147861466 -1.496837713 -1.190774675 -1.993609582 -1.674336035 -0.395312832

3.274014605
0.515278740 0.532640589 -1.947684729 -1.374909717 3.168457317 -2.073794052 0.190586215
-0.888509957 0.876724698 -3.400350125 -4.115602351 -38.115720913 -100.000000000 -100.000000000
-4.943504204 26.153057674 177.379715258 227.500035236 -500.000000000 -500.000000000 -500.000000000
0.789083445 1.147861466 -1.496837713 -1.190774675 -1.993609582 -1.674336035 -0.395312832

3.274996516
0.468522465 0.513708604 -1.884597901 -1.307875987 2.337796194 -2.490460719 -0.642747118
-6.449820589 -3.327145927 11.441850256 11.429753855 -99.358669579 0.000000000 -100.000000000
124.828770557 86.342556932 -30.447310433 -76.760626191 500.000000000 500.000000000 500.000000000
0.789394837 1.147660434 -1.496967506 -1.191557666 -1.993822159 -1.674209626 -0.395776381

3.275788147
0.451759535 0.515723130 -1.884127144 -1.295926784 2.754462861 -2.073794052 -0.226080452
-4.023103223 0.483486213 0.112981591 2.867808888 100.000000000 100.000000000 100.000000000
161.083649042 129.938101493 -190.073965623 -216.963244979 500.000000000 81.625109319 500.000000000
0.789468917 1.147612457 -1.496998488 -1.191744441 -1.993872888 -1.674179459 -0.395887157

3.276766035
0.453608862 0.527825959 -1.924010689 -1.327242570 3.171129527 -1.657127386 0.190586215
0.443838415 2.904678985 -9.572050905 -7.515788669 100.000000000 100.000000000 100.000000000
114.233002675 53.519208500 36.453233798 -46.937943456 -500.000000000 -500.000000000 -500.000000000
0.789544850 1.147563222 -1.497030282 -1.191936085 -1.993924949 -1.674148495 -0.396000898

3.277809879
0.447104222 0.533859040 -1.943722417 -1.333880519 3.010475115 -2.073794052 -0.226080452
-1.561113546 1.447939438 -4.730814491 -1.593107720 -38.557059057 -100.000000000 -100.000000000
114.233002675 53.519208500 36.453233798 -46.937943456 -500.000000000 -500.000000000 -500.000000000
0.789544850 1.147563222 -1.497030282 -1.191936085 -1.993924949 -1.674148495 -0.396000898

3.279033625
0.426444856 0.527992921 -1.925331433 -1.305401602 2.593808448 -2.490460719 -0.642747118
-4.958247859 -1.407868592 4.413836121 6.834940064 -100.000000000 -100.000000000 -100.000000000
65.477490663 32.404384087 139.280825032 46.028402676 270.693513697 500.000000000 500.000000000
0.789696294 1.147464843 -1.497093802 -1.192318909 -1.994028974 -1.674086613 -0.396228338

3.279784742
0.414958266 0.525496269 -1.921713598 -1.302485616 2.977479156 -2.073794052 -0.226080452
-2.756781597 -0.599196349 0.868280371 0.699836583 92.080969951 100.000000000 100.000000000
65.477490663 32.404384087 139.280825032 46.028402676 270.693513697 500.000000000 500.000000000
0.789696294 1.147464843 -1.497093802 -1.192318909 -1.994028974 -1.674086613 -0.396228338

3.280755344
0.429675803 0.523027667 -1.927920211 -1.339921067 2.975395270 -1.662727783 0.014835882
3.532208948 -0.592464634 -1.489587065 -8.984508206 -0.500132525 98.655904722 57.819919950
92.617056225 74.175823934 25.093168724 -2.999357971 -500.000000000 -500.000000000 -500.000000000
0.789848747 1.147365560 -1.497157914 -1.192705111 -1.994133953 -1.674024159 -0.396458112

3.282193277
0.429675803 0.523027667 -1.927920211 -1.339921067 2.975395270 -1.662727783 0.014835882
3.532208948 -0.592464634 -1.489587065 -8.984508206 -0.500132525 98.655904722 57.819919950
92.617056225 74.175823934 25.093168724 -2.999357971 -500.000000000 -500.000000000 -500.000000000
0.789848747 1.147365560 -1.497157914 -1.192705111 -1.994133953 -1.674024159 -0.396458112

3.282814064
0.425525620 0.496853987 -1.872186801 -1.322154069 2.142061937 -2.496061116 -0.818497452
-2.085616396 -4.262894957 10.750028029 5.521550690 -100.000000000 -100.000000000 -100.000000000
13.771857356 103.650713728 -10.537740185 40.394967391 500.000000000 500.000000000 500.000000000
0.789999562 1.147267094 -1.497221505 -1.193087991 -1.994238065 -1.673962216 -0.396686236

3.283798705
0.421488943 0.496731516 -1.878919229 -1.323791883 2.558728604 -2.079394449 -0.401830785
-0.968802519 -0.029393161 -1.615782835 -0.393075180 100.000000000 100.000000000 100.000000000
78.159722175 150.299209814 -177.504031059 -97.524405960 500.000000000 500.000000000 500.000000000
0.790076225 1.147216948 -1.497253890 -1.193282929 -1.994291086 -1.673930666 -0.396802504

3.284800333
0.437555705 0.513195609 -1.941913187 -1.371445458 2.975395270 -1.662727783 0.014835882
3.856022886 3.951382370 -15.118549901 -11.436857999 100.000000000 100.000000000 100.000000000
78.159722175 150.299209814 -177.504031059 -97.524405960 500.000000000 500.000000000 500.000000000
0.790151852 1.147167416 -1.497285880 -1.193475447 -1.994343458 -1.673899501 -0.396917411

3.285807848
0.437555705 0.513195609 -1.941913187 -1.371445458 2.975395270 -1.662727783 0.014835882
3.856022886 3.951382370 -15.118549901 -11.436857999 100.000000000 100.000000000 100.000000000
56.234778573 65.636406465 70.482190649 20.912398930 -500.000000000 -500.000000000 -500.000000000
0.790151852 1.147167416 -1.497285880 -1.193475447 -1.994343458 -1.673899501 -0.396917411

3.286755634
0.439656390 0.521428141 -1.973171358 -1.388835441 2.807757149 -2.079394449 -0.401830785
0.504164542 1.975807675 -7.501961085 -4.173596120 -40.233149273 -100.000000000 -100.000000000
-41.860842978 -15.630466723 346.833728765 246.534161061 -500.000000000 -500.000000000 -500.000000000
0.790231914 1.147114910 -1.497319790 -1.193679480 -1.994398973 -1.673866463 -0.397039280

3.287861652
0.405046548 0.512279951 -1.947805618 -1.358783465 2.807757149 -2.079394449 -0.401830785
-3.900438539 -0.508257489 1.276904646 1.404830365 100.000000000 100.000000000 100.000000000
125.018979803 97.013187526 -50.639865699 -99.075388668 500.000000000 500.000000000 500.000000000
0.790378785 1.147018409 -1.497382112 -1.194054379 -1.994501006 -1.673805731 -0.397263443

3.301955902
0.397527406 0.470182815 -1.849602657 -1.433814062 2.865382511 -0.848042151 0.419614962
6.480753328 4.028571148 -14.503390629 -13.605915922 92.133934863 100.000000000 100.000000000
29.704958721 90.289849573 -29.088426680 29.796214560 -466.125098445 -500.000000000 -500.000000000
0.791423154 1.146325157 -1.497829911 -1.196743640 -1.995233952 -1.673369259 -0.398880568

3.302769782
0.412744848 0.478130400 -1.877312242 -1.450963124 3.102012011 -1.264708817 0.002948295
3.652186005 1.907420501 -6.650300258 -4.115774876 56.791080025 -100.000000000 -100.000000000
29.704958721 90.289849573 -29.088426680 29.796214560 -466.125098445 -500.000000000 -500.000000000
0.791423154 1.146325157 -1.497829911 -1.196743640 -1.995233952 -1.673369259 -0.398880568

3.303801029
0.395806291 0.473142980 -1.857094467 -1.413912402 2.908585007 -1.681375484 -0.413718372
-4.065253642 -1.196980835 4.852265990 8.892173180 -46.422480991 -100.000000000 -100.000000000
-35.168464699 28.666088950 170.951023171 107.718166881 -500.000000000 500.000000000 500.000000000
0.791571060 1.146225953 -1.497893999 -1.197127905 -1.995338831 -1.673306770 -0.399112953

3.304798617
0.395295271 0.448609340 -1.789932064 -1.395774610 2.491918341 -1.264708817 0.002948295
-0.122644890 -5.888073581 16.118976615 4.353070141 -100.000000000 100.000000000 100.000000000
120.881549723 91.247914005 -61.125272985 -156.165013853 438.057236009 500.000000000 500.000000000
0.791644545 1.146176568 -1.497925902 -1.197319143 -1.995391041 -1.673275658 -0.399228727

3.305809090
0.412078409 0.441711700 -1.781248855 -1.431184534 2.408731285 -0.848042151 0.419614962
4.027953243 -1.655433551 2.083970177 -8.498381652 -19.964893249 100.000000000 100.000000000
42.087825225 187.518194442 -293.178916025 -67.215856106 500.000000000 -500.000000000 -500.000000000
0.791717758 1.146127300 -1.497957735 -1.197509893 -1.995443125 -1.673244623 -0.399344291

3.306818337
0.423360801 0.452571726 -1.820664046 -1.436640991 2.825397952 -1.264708817 0.002948295
2.707773966 2.606406242 -9.459645713 -1.309549844 100.000000000 -100.000000000 -100.000000000
-42.595130008 103.550231005 -13.350291495 193.335097130 -41.119576019 -500.000000000 -500.000000000
0.791791839 1.146077385 -1.497989979 -1.197703113 -1.995495895 -1.673213171 -0.399461429

3.307799375
0.410381386 0.468660809 -1.858911598 -1.408455147 3.242064619 -1.681375484 -0.413718372
-3.115059578 3.861379725 -9.179412487 6.764602541 100.000000000 -100.000000000 -100.000000000
-17.312375541 17.222441011 221.460320967 50.084784658 -500.000000000 500.000000000 500.000000000
0.791864480 1.146028372 -1.498021649 -1.197892805 -1.995547709 -1.673182294 -0.399576517

3.308807555
0.415049917 0.459200446 -1.836438159 -1.392905753 3.133944201 -1.264708817 0.002948295
1.120447431 -2.270487072 5.393625399 3.731854548 -25.948900216 100.000000000 100.000000000
100.449500981 -9.490838153 219.677244601 -114.235816586 -500.000000000 500.000000000 500.000000000
0.791938656 1.145978259 -1.498054027 -1.198086720 -1.995600686 -1.673150719 -0.399694248

3.309780348
0.415049917 0.459200446 -1.836438159 -1.392905753 3.133944201 -1.264708817 0.002948295
1.120447431 -2.270487072 5.393625399 3.731854548 -25.948900216 100.000000000 100.000000000
100.449500981 -9.490838153 219.677244601 -114.235816586 -500.000000000 500.000000000 500.000000000
0.791938656 1.145978259 -1.498054027 -1.198086720 -1.995600686 -1.673150719 -0.399694248

3.310880721
0.453157792 0.401927191 -1.705172738 -1.378251325 2.701797163 -1.264708817 0.002948295
2.502964756 -5.762829645 13.440810589 5.439082842 -3.715289133 -100.000000000 -100.000000000
-97.928354118 231.652759324 -334.949603833 58.699161930 500.000000000 -500.000000000 -500.000000000
0.792084042 1.145879843 -1.498117609 -1.198467436 -1.995704728 -1.673088699 -0.399925633

3.313494310
0.453157792 0.401927191 -1.705172738 -1.378251325 2.701797163 -1.264708817 0.002948295
2.502964756 -5.762829645 13.440810589 5.439082842 -3.715289133 -100.000000000 -100.000000000
-16.166670068 189.651858119 -248.110698855 -90.803268027 -395.444406452 500.000000000 500.000000000
0.792084042 1.145879843 -1.498117609 -1.198467436 -1.995704728 -1.673088699 -0.399925633

3.313868456
0.453157792 0.401927191 -1.705172738 -1.378251325 2.701797163 -1.264708817 0.002948295
2.502964756 -5.762829645 13.440810589 5.439082842 -3.715289133 -100.000000000 -100.000000000
-16.166670068 189.651858119 -248.110698855 -90.803268027 -395.444406452 500.000000000 500.000000000
0.792299084 1.145733795 -1.498211974 -1.199032159 -1.995859121 -1.672996655 -0.400269460

3.314829095
0.449949159 0.406124800 -1.713125237 -1.336938103 3.118463830 -1.681375484 -0.413718372
-0.770071989 1.007426072 -1.908599866 9.915173136 100.000000000 -100.000000000 -100.000000000
49.636432372 53.812378083 59.663323635 -184.512868274 -500.000000000 500.000000000 500.000000000
0.792299084 1.145733795 -1.498211974 -1.199032159 -1.995859121 -1.672996655 -0.400269460

3.317039708
0.435542912 0.434605924 -1.771411967 -1.287194750 3.118463830 -2.098042151 -0.830385038
-3.457499119 6.835469879 -13.988815053 11.938404840 0.000000000 -100.000000000 -100.000000000
104.833233053 -65.601808895 307.092940942 -229.971930506 -500.000000000 500.000000000 500.000000000
0.792448136 1.145632227 -1.498277602 -1.199424706 -1.995966490 -1.672932635 -0.400508885

3.317758777
0.569825070 0.473893584 -1.926386702 -1.356249908 2.126067237 -0.848042151 0.419614962
16.159827595 0.639883050 -6.467249488 -15.893579645 -100.000000000 100.000000000 100.000000000
-203.180323801 -11.650286869 349.958292910 111.410003060 500.000000000 -500.000000000 -500.000000000
0.792592600 1.145533516 -1.498341388 -1.199806067 -1.996070836 -1.672870412 -0.400741826

3.318782240
0.591274967 0.473248249 -1.919688758 -1.350835537 2.542733904 -1.264708817 0.002948295
5.147975376 -0.154880460 1.607506477 1.299449075 100.000000000 -100.000000000 -100.000000000
-300.919798915 54.366332197 172.149521124 333.515977011 500.000000000 -500.000000000 -500.000000000
0.792664468 1.145484310 -1.498373186 -1.199996116 -1.996122850 -1.672839392 -0.400858036

3.319806303
0.559184828 0.480143222 -1.905848971 -1.289080875 2.959400570 -1.681375484 -0.413718372
-7.701633488 1.654793719 3.321548803 14.821118764 100.000000000 -100.000000000 -100.000000000
-82.820557394 70.321215327 9.981427674 -10.905039492 -500.000000000 500.000000000 500.000000000
0.792736586 1.145434868 -1.498405134 -1.200187042 -1.996175114 -1.672808220 -0.400974861

3.320823233
0.551751162 0.472543775 -1.856276763 -1.256442540 2.869641273 -1.264708817 0.002948295
-1.784079768 -1.823867312 11.897329980 7.833200460 -21.542231395 100.000000000 100.000000000
177.387845573 33.433290187 -25.686592296 -287.532991944 -500.000000000 500.000000000 500.000000000
0.792809057 1.145385116 -1.498437283 -1.200379128 -1.996227705 -1.672776851 -0.401092482

3.321791274
0.585096751 0.451598582 -1.786094348 -1.276603755 2.452974606 -0.848042151 0.419614962
8.002941252 -5.026846486 16.843779624 -4.838691658 -100.000000000 100.000000000 100.000000000
59.787384857 103.761480366 -202.162651563 -151.057667976 -55.742269930 -500.000000000 -500.000000000
0.792881321 1.145335441 -1.498469380 -1.200570885 -1.996280217 -1.672745525 -0.401209982

3.322852481
0.610607374 0.436197708 -1.734183011 -1.269350646 2.375208362 -1.264708817 0.002948295
6.122549527 -3.696209756 12.458720796 1.740746183 -18.663898609 -100.000000000 -100.000000000
-139.280368027 169.910615655 -308.113095683 104.377120202 500.000000000 -500.000000000 -500.000000000
0.792952931 1.145286145 -1.498501239 -1.200761138 -1.996332324 -1.672714445 -0.401326650

3.323790985
0.614758726 0.442713843 -1.730704486 -1.229684545 2.791875029 -1.681375484 -0.413718372
0.996324696 1.563872443 0.834846161 9.519864253 100.000000000 -100.000000000 -100.000000000
-139.280368027 169.910615655 -308.113095683 104.377120202 500.000000000 -500.000000000 -500.000000000
0.792952931 1.145286145 -1.498501239 -1.200761138 -1.996332324 -1.672714445 -0.401326650

3.324776517
0.643945429 0.453373168 -1.748766157 -1.236962926 3.159563281 -1.264708817 0.002948295
7.004808653 2.558238038 -4.334801114 -1.746811459 88.245180591 100.000000000 100.000000000
-2.099907988 38.974842254 6.520209760 -187.524003212 -500.000000000 500.000000000 500.000000000
0.793096078 1.145187408 -1.498565042 -1.201142102 -1.996436695 -1.672652174 -0.401560507

3.326118322
0.643945429 0.453373168 -1.748766157 -1.236962926 3.159563281 -1.264708817 0.002948295
7.004808653 2.558238038 -4.334801114 -1.746811459 88.245180591 100.000000000 100.000000000
-125.181108200 18.016663277 111.716133795 38.518311566 -500.000000000 -500.000000000 -500.000000000
0.793167615 1.145137963 -1.498596995 -1.201332827 -1.996488961 -1.672620991 -0.401677711

3.326960202
0.700077986 0.441349672 -1.707785892 -1.277663522 2.821499230 -0.848042151 0.419614962
13.471813596 -2.885639008 9.835263519 -9.768143148 -81.135372248 100.000000000 100.000000000
-125.181108200 18.016663277 111.716133795 38.518311566 -500.000000000 -500.000000000 -500.000000000
0.793167615 1.145137963 -1.498596995 -1.201332827 -1.996488961 -1.672620991 -0.401677711

3.327766734
0.711122810 0.418540146 -1.566654675 -1.209259405 2.739041141 -1.681375484 -0.413718372
-2.924088636 -0.290889241 13.708126880 12.625819127 80.210058534 -100.000000000 -100.000000000
-104.503542749 176.201479833 -390.753075967 -69.789391645 500.000000000 500.000000000 500.000000000
0.793310158 1.145039237 -1.498660800 -1.201713531 -1.996593315 -1.672558725 -0.401911917

3.328805854
0.735079008 0.442157756 -1.606933386 -1.214708207 3.155707807 -1.264708817 0.002948295
5.749487346 5.668226376 -9.666890794 -1.307712416 100.000000000 100.000000000 100.000000000
66.700507465 78.467693950 -267.363150169 -251.761795192 -500.000000000 500.000000000 500.000000000
0.793387103 1.144985834 -1.498695311 -1.201919407 -1.996649764 -1.672525038 -0.402038705

3.330730205
0.735079008 0.442157756 -1.606933386 -1.214708207 3.155707807 -1.264708817 0.002948295
5.749487346 5.668226376 -9.666890794 -1.307712416 100.000000000 100.000000000 100.000000000
-109.158937379 -43.081719738 204.161623369 27.433128272 -500.000000000 -500.000000000 -500.000000000
0.793387103 1.144985834 -1.498695311 -1.201919407 -1.996649764 -1.672525038 -0.402038705

3.330953617
0.735079008 0.442157756 -1.606933386 -1.214708207 3.155707807 -1.264708817 0.002948295
5.749487346 5.668226376 -9.666890794 -1.307712416 100.000000000 100.000000000 100.000000000
-109.158937379 -43.081719738 204.161623369 27.433128272 -500.000000000 -500.000000000 -500.000000000
0.793387103 1.144985834 -1.498695311 -1.201919407 -1.996649764 -1.672525038 -0.402038705

3.331953120
0.787310457 0.473255697 -1.674061767 -1.270011471 3.155707807 -0.857881002 0.419614962
12.535547878 7.463505751 -16.110811289 -13.272783397 0.000000000 97.638675567 100.000000000
-109.158937379 -43.081719738 204.161623369 27.433128272 -500.000000000 -500.000000000 -500.000000000
0.793553001 1.144870420 -1.498769903 -1.202364195 -1.996771755 -1.672452233 -0.402312967

3.332804797
0.902216820 0.494330439 -1.676511085 -1.383343763 2.322374474 -0.857881002 0.419614962
7.967709241 0.505746294 9.393243689 -3.518841029 -100.000000000 -100.000000000 -100.000000000
-399.738388171 -25.782231672 221.307557763 490.237939835 500.000000000 -500.000000000 -500.000000000
0.793665627 1.144791856 -1.498820679 -1.202666858 -1.996854797 -1.672402668 -0.402499853

3.333955473
0.881168779 0.497415361 -1.599274210 -1.332624837 2.739041141 -1.274547669 0.002948295
-5.051530044 0.740381196 18.536850015 12.172542202 100.000000000 -100.000000000 -100.000000000
-399.738388171 -25.782231672 221.307557763 490.237939835 500.000000000 -500.000000000 -500.000000000
0.793665627 1.144791856 -1.498820679 -1.202666858 -1.996854797 -1.672402668 -0.402499853

3.334903463
0.881168779 0.497415361 -1.599274210 -1.332624837 2.739041141 -1.274547669 0.002948295
-5.051530044 0.740381196 18.536850015 12.172542202 100.000000000 -100.000000000 -100.000000000
-170.209304210 54.931215820 -170.095833109 88.444511121 500.000000000 500.000000000 500.000000000
0.793759124 1.144726505 -1.498862912 -1.202918549 -1.996923872 -1.672361432 -0.402655425

3.335977278
0.889298498 0.521359089 -1.510377900 -1.362030174 2.739041141 -0.441214336 0.836281628
4.900342326 1.154462689 13.650035443 -8.991408626 -100.000000000 100.000000000 100.000000000
51.476984070 -29.026316793 -146.864792954 -26.531070700 -500.000000000 -500.000000000 -500.000000000
0.793879008 1.144642533 -1.498917186 -1.203241867 -1.997012628 -1.672308448 -0.402855491

3.336802142
0.900865100 0.522600827 -1.444020839 -1.354351863 2.322374474 -0.857881002 0.419614962
2.775984394 0.298016988 15.925694512 1.842794739 -100.000000000 -100.000000000 -100.000000000
-107.548795503 39.239090578 -271.854637516 195.707003244 500.000000000 -500.000000000 -500.000000000
0.793947500 1.144594470 -1.498948249 -1.203426877 -1.997063429 -1.672278117 -0.402970080

3.337777378
0.901273604 0.542794399 -1.416281566 -1.313848695 2.739041141 -1.274547669 0.002948295
0.098041106 4.846457285 6.657425609 9.720760286 100.000000000 -100.000000000 -100.000000000
-66.211447831 56.239024549 -324.006631217 -21.763396138 500.000000000 500.000000000 500.000000000
0.794018822 1.144544351 -1.498980641 -1.203619764 -1.997116402 -1.672246488 -0.403089634

3.351855514
1.232585970 0.864803754 -1.619095781 -1.383436458 2.555306855 -0.058370530 1.236108257
18.807729953 12.383373208 -25.573604083 -38.255360559 -100.000000000 100.000000000 100.000000000
-406.213908710 -254.055837837 500.000000000 500.000000000 -491.074962040 -500.000000000 -500.000000000
0.794922016 1.143903397 -1.499394934 -1.206083277 -1.997793827 -1.671841855 -0.404624232

3.352929433
1.278591183 0.891221024 -1.620102275 -1.462482023 2.189397759 -0.475037196 0.819441591
11.041251138 6.340144877 -0.241558630 -18.970935745 -87.818182959 -100.000000000 -100.000000000
-269.185052586 -101.539596361 16.898716246 405.039642779 500.000000000 500.000000000 500.000000000
0.795060185 1.143804294 -1.499458991 -1.206463638 -1.997898564 -1.671779266 -0.404862444

3.353811466
1.304902271 0.924547726 -1.529206935 -1.520635291 3.022731092 -0.475037196 0.819441591
2.332557478 5.186963960 8.292499077 -9.171306851 100.000000000 100.000000000 100.000000000
-129.654381151 -32.141998545 -264.017647897 123.305334871 -500.000000000 500.000000000 500.000000000
0.795127050 1.143756232 -1.499490057 -1.206648048 -1.997949357 -1.671748909 -0.404978059

3.354803931
1.313422922 0.932607051 -1.450946211 -1.571622842 2.606064426 -0.058370530 1.236108257
2.044956376 1.934238016 18.782573804 -12.237012171 -100.000000000 100.000000000 100.000000000
-97.628671697 -81.818428530 -162.878293704 214.824861334 -500.000000000 -500.000000000 -500.000000000
0.795195325 1.143707086 -1.499521827 -1.206836584 -1.998001296 -1.671717868 -0.405096348

3.355810976
1.311457584 0.932251394 -1.349586878 -1.564950660 2.267158261 -0.475037196 0.819441591
-0.471681218 -0.085357664 24.326239983 1.601323703 -81.337479445 -100.000000000 -100.000000000
-92.721887253 -17.574756775 -380.509037604 281.218869180 500.000000000 -500.000000000 -500.000000000
0.795263801 1.143657726 -1.499553732 -1.207025908 -1.998053462 -1.671686688 -0.405215213

3.356819352
1.302973079 0.944587589 -1.270290972 -1.528175819 2.683824928 -0.891703863 0.402774924
-2.036281292 2.960686704 19.031017399 8.825961691 100.000000000 -100.000000000 -100.000000000
-42.185753955 22.847786443 -500.000000000 3.766001081 500.000000000 500.000000000 500.000000000
0.795332120 1.143608404 -1.499585620 -1.207215047 -1.998105585 -1.671655537 -0.405334053

3.357817438
1.310099836 0.979638332 -1.259395937 -1.536607125 3.100491595 -0.475037196 0.819441591
1.710421680 8.412178430 2.614808494 -2.023513319 100.000000000 100.000000000 100.000000000
-10.038470018 -39.311652554 -403.549812774 -144.423156568 -500.000000000 500.000000000 500.000000000
0.795400484 1.143558981 -1.499617567 -1.207404535 -1.998157815 -1.671624315 -0.405453193

3.358807836
1.319931699 1.003200214 -1.215698137 -1.571101764 2.683824928 -0.058370530 1.236108257
2.359647183 5.654851633 10.487471967 -8.278713460 -100.000000000 100.000000000 100.000000000
-85.678368800 -151.851503709 -76.318332932 73.390525315 -500.000000000 -500.000000000 -500.000000000
0.795468393 1.143509814 -1.499649352 -1.207593007 -1.998209774 -1.671593256 -0.405571782

3.360260327
1.320506573 1.017524294 -1.147792829 -1.553771252 2.347453614 -0.475037196 0.819441591
0.137969889 3.437779338 16.297273828 4.159322910 -80.729115259 -100.000000000 -100.000000000
-85.678368800 -151.851503709 -76.318332932 73.390525315 -500.000000000 -500.000000000 -500.000000000
0.795468393 1.143509814 -1.499649352 -1.207593007 -1.998209774 -1.671593256 -0.405571782

3.360832077
1.306761192 1.018763845 -1.029612982 -1.509079331 1.954046775 -0.891703863 0.402774924
-3.298891561 0.297492190 28.363163378 10.726060948 -94.417641417 -100.000000000 -100.000000000
-55.251676503 -56.165405465 -361.136539552 -48.600713059 500.000000000 500.000000000 500.000000000
0.795603822 1.143411553 -1.499712864 -1.207969567 -1.998313618 -1.671531170 -0.405808963

3.361835282
1.314385158 1.044397791 -1.004096652 -1.506520487 1.859977986 -0.475037196 0.819441591
1.829751881 6.152146996 6.123919084 0.614122698 -22.576509461 100.000000000 100.000000000
14.862094278 6.514926986 -500.000000000 -184.410242509 500.000000000 500.000000000 500.000000000
0.795671402 1.143362412 -1.499744632 -1.208157834 -1.998365550 -1.671500122 -0.405927677

3.362801076
1.349704755 1.098384255 -1.090158123 -1.526932580 1.944622306 -0.058370530 1.236108257
8.476703324 12.956751320 -20.654752893 -4.898902342 20.314636769 100.000000000 100.000000000
-88.466413227 -113.146477860 -172.043179633 17.553811287 65.695835675 -500.000000000 -500.000000000
0.795739526 1.143312801 -1.499776706 -1.208347862 -1.998417976 -1.671468778 -0.406047590

3.363804242
1.373058873 1.142441967 -1.130862106 -1.535155616 2.361288972 -0.475037196 0.819441591
5.604988235 10.573850872 -9.768955873 -1.973528657 100.000000000 -100.000000000 -100.000000000
-224.930589423 -254.642171810 372.133199528 129.836518597 -500.000000000 -500.000000000 -500.000000000
0.795807160 1.143263477 -1.499808588 -1.208536759 -1.998470101 -1.671437607 -0.406166868

3.364812533
1.372406227 1.163044422 -1.094812489 -1.496281413 2.495020503 -0.891703863 0.402774924
-0.156634945 4.944589290 8.651907986 9.329808624 32.095567390 -100.000000000 -100.000000000
-169.824935952 -211.394866440 158.484469184 72.132458882 -500.000000000 500.000000000 500.000000000
0.795874594 1.143214224 -1.499840431 -1.208725343 -1.998522148 -1.671406487 -0.406286042

3.365803648
1.364686053 1.165383204 -1.012412971 -1.491530734 2.078353836 -0.475037196 0.819441591
-1.852841903 0.561307606 19.775884291 1.140162982 -100.000000000 100.000000000 100.000000000
-54.520464454 -100.874805612 -213.540953936 -157.840565405 -500.000000000 500.000000000 500.000000000
0.795941693 1.143165146 -1.499872157 -1.208913224 -1.998574012 -1.671375471 -0.406404853

3.366802860
1.363325734 1.173356491 -0.956795175 -1.515771702 1.661687170 -0.058370530 1.236108257
-0.326476576 1.913588849 13.348271002 -5.817832230 -100.000000000 100.000000000 100.000000000
-19.817597937 -13.447957932 -444.263604418 5.458491361 500.000000000 -500.000000000 -500.000000000
0.796008785 1.143116000 -1.499903928 -1.209101330 -1.998625947 -1.671344412 -0.406523892

3.369567293
1.363325734 1.173356491 -0.956795175 -1.515771702 1.661687170 -0.058370530 1.236108257
-0.326476576 1.913588849 13.348271002 -5.817832230 -100.000000000 100.000000000 100.000000000
-19.817597937 -13.447957932 -444.263604418 5.458491361 500.000000000 -500.000000000 -500.000000000
0.796008785 1.143116000 -1.499903928 -1.209101330 -1.998625947 -1.671344412 -0.406523892

3.369947621
1.363325734 1.173356491 -0.956795175 -1.515771702 1.661687170 -0.058370530 1.236108257
-0.326476576 1.913588849 13.348271002 -5.817832230 -100.000000000 100.000000000 100.000000000
-50.202163351 -41.295826092 -321.276295352 147.023681752 500.000000000 -500.000000000 -500.000000000
0.796008785 1.143116000 -1.499903928 -1.209101330 -1.998625947 -1.671344412 -0.406523892

3.370826932
1.362966401 1.210902368 -0.887194185 -1.484832372 2.495020503 -0.891703863 0.402774924
0.046009452 5.898244165 5.102061868 8.939995450 100.000000000 -100.000000000 -100.000000000
-54.010698463 -66.591726717 -291.198564108 61.530454851 -500.000000000 500.000000000 500.000000000
0.796277789 1.142918218 -1.500031787 -1.209857970 -1.998834948 -1.671219404 -0.407003579

3.371921379
1.366290101 1.231072622 -0.862052396 -1.485958275 2.078353836 -0.475037196 0.819441591
0.797687972 4.840860897 6.034029266 -0.270216576 -100.000000000 100.000000000 100.000000000
-54.010698463 -66.591726717 -291.198564108 61.530454851 -500.000000000 500.000000000 500.000000000
0.796344317 1.142869122 -1.500063526 -1.210045703 -1.998886828 -1.671188369 -0.407122811

3.372808343
1.366290101 1.231072622 -0.862052396 -1.485958275 2.078353836 -0.475037196 0.819441591
0.797687972 4.840860897 6.034029266 -0.270216576 -100.000000000 100.000000000 100.000000000
-57.589050257 -124.763298351 -163.324997582 -151.302468774 -500.000000000 500.000000000 500.000000000
0.796411295 1.142819619 -1.500095529 -1.210234954 -1.998939137 -1.671157075 -0.407243096

3.373830659
1.377714564 1.258310060 -0.868878983 -1.505320954 1.661687170 -0.058370530 1.236108257
2.741871136 6.536985118 -1.638380965 -4.647043012 -100.000000000 100.000000000 100.000000000
-72.941640051 -105.642518248 -184.484898612 32.976663532 500.000000000 -500.000000000 -500.000000000
0.796476290 1.142771511 -1.500126629 -1.210418841 -1.998989973 -1.671126662 -0.407360052

3.374817490
1.377714564 1.258310060 -0.868878983 -1.505320954 1.661687170 -0.058370530 1.236108257
2.741871136 6.536985118 -1.638380965 -4.647043012 -100.000000000 100.000000000 100.000000000
-72.941640051 -105.642518248 -184.484898612 32.976663532 500.000000000 -500.000000000 -500.000000000
0.796476290 1.142771511 -1.500126629 -1.210418841 -1.998989973 -1.671126662 -0.407360052

3.375807737
1.383337413 1.310772328 -0.849440901 -1.459848619 2.495020503 -0.891703863 0.402774924
-0.035923211 6.672019986 2.117511828 10.637271428 100.000000000 -100.000000000 -100.000000000
-86.402502015 -132.403538427 -115.142050757 23.834370938 -500.000000000 500.000000000 500.000000000
0.796611809 1.142670975 -1.500191622 -1.210803007 -1.999096207 -1.671063100 -0.407604659

3.376901068
1.383337413 1.310772328 -0.849440901 -1.459848619 2.495020503 -0.891703863 0.402774924
-0.035923211 6.672019986 2.117511828 10.637271428 100.000000000 -100.000000000 -100.000000000
-86.402502015 -132.403538427 -115.142050757 23.834370938 -500.000000000 500.000000000 500.000000000
0.796611809 1.142670975 -1.500191622 -1.210803007 -1.999096207 -1.671063100 -0.407604659

3.377767450
1.386002911 1.345815902 -0.807498777 -1.481637366 1.661687170 -0.058370530 1.236108257
1.022831396 4.136899264 3.122664129 -6.251781484 -100.000000000 100.000000000 100.000000000
-50.842874309 -104.067766513 -206.840848654 4.006673626 500.000000000 -500.000000000 -500.000000000
0.796741134 1.142574746 -1.500253832 -1.211170578 -1.999197889 -1.671002256 -0.407839036

3.378800938
1.385771848 1.361689170 -0.781296644 -1.488600781 2.078353836 -0.475037196 0.819441591
-0.055455110 3.809584303 6.288511884 -1.671219511 100.000000000 -100.000000000 -100.000000000
-79.382805560 -103.062100807 -131.728788076 152.082308461 500.000000000 -500.000000000 -500.000000000
0.796809400 1.142523838 -1.500286739 -1.211364981 -1.999251684 -1.670970061 -0.407963124

3.379807242
1.382552040 1.384525698 -0.767049406 -1.451106002 2.495020503 -0.891703863 0.402774924
-0.772753743 5.480766741 3.419337160 8.998746859 100.000000000 -100.000000000 -100.000000000
-57.787142613 -98.108219230 -197.669247145 61.147970224 -500.000000000 500.000000000 500.000000000
0.796872827 1.142476465 -1.500317363 -1.211545849 -1.999301742 -1.670940102 -0.408078658

3.380805676
1.379233241 1.399816301 -0.738955233 -1.452861576 2.078353836 -0.475037196 0.819441591
-0.796511940 3.669744719 6.742601463 -0.421337681 -100.000000000 100.000000000 100.000000000
-43.112846446 -133.820258150 -141.713538922 -156.018921817 -500.000000000 500.000000000 500.000000000
0.796939277 1.142426757 -1.500349504 -1.211735592 -1.999354263 -1.670908673 -0.408199955

3.381806186
1.382399489 1.415238501 -0.729266267 -1.483776625 1.661687170 -0.058370530 1.236108257
0.759899623 3.701328131 2.325351825 -7.419611710 -100.000000000 100.000000000 100.000000000
-42.299157573 -99.133848781 -210.991456333 32.539352024 500.000000000 -500.000000000 -500.000000000
0.797004912 1.142377588 -1.500381284 -1.211923240 -1.999406218 -1.670877572 -0.408319990

3.382804326
1.380844082 1.430129239 -0.707003827 -1.494306833 2.078353836 -0.475037196 0.819441591
-0.373297709 3.573776945 5.342985739 -2.527250125 100.000000000 -100.000000000 -100.000000000
-73.737450203 -101.312653916 -123.618538231 175.577572620 500.000000000 -500.000000000 -500.000000000
0.797074956 1.142325031 -1.500415264 -1.212123784 -1.999461752 -1.670844335 -0.408448376

3.383807877
1.376502739 1.452117391 -0.696163064 -1.459677350 2.495020503 -0.891703863 0.402774924
-1.041922387 5.277156495 2.601783122 8.311075901 100.000000000 -100.000000000 -100.000000000
-50.910958424 -100.255959703 -186.200858514 78.763307419 -500.000000000 500.000000000 500.000000000
0.797140745 1.142275588 -1.500447228 -1.212312404 -1.999513994 -1.670813063 -0.408569219

3.384804019
1.371170100 1.466554794 -0.670667420 -1.463636001 2.078353836 -0.475037196 0.819441591
-1.279833304 3.464976800 6.118954409 -0.950076022 -100.000000000 100.000000000 100.000000000
-37.097751565 -136.527310199 -132.464078904 -141.485023423 -500.000000000 500.000000000 500.000000000
0.797202458 1.142229140 -1.500477256 -1.212489567 -1.999563072 -1.670783685 -0.408682799

3.385813713
1.372012307 1.480752683 -0.662701565 -1.496056151 1.661687170 -0.058370530 1.236108257
0.202129833 3.407493299 1.911805268 -7.780836060 -100.000000000 100.000000000 100.000000000
-31.800098103 -101.732101427 -205.360071750 44.116163834 500.000000000 -500.000000000 -500.000000000
0.797273128 1.142175866 -1.500511699 -1.212692724 -1.999619360 -1.670749991 -0.408813144

3.386817468
1.372012307 1.480752683 -0.662701565 -1.496056151 1.661687170 -0.058370530 1.236108257
0.202129833 3.407493299 1.911805268 -7.780836060 -100.000000000 100.000000000 100.000000000
-31.800098103 -101.732101427 -205.360071750 44.116163834 500.000000000 -500.000000000 -500.000000000
0.797273128 1.142175866 -1.500511699 -1.212692724 -1.999619360 -1.670749991 -0.408813144

3.387838077
1.372012307 1.480752683 -0.662701565 -1.496056151 1.661687170 -0.058370530 1.236108257
0.202129833 3.407493299 1.911805268 -7.780836060 -100.000000000 100.000000000 100.000000000
-31.800098103 -101.732101427 -205.360071750 44.116163834 500.000000000 -500.000000000 -500.000000000
0.797273128 1.142175866 -1.500511699 -1.212692724 -1.999619360 -1.670749991 -0.408813144

3.388802897
1.399655735 1.496214374 -0.703158253 -1.513796913 2.866611649 -1.089933180 0.023532562
3.251591607 2.968969225 -10.208105292 5.558034893 89.677474126 -95.547776309 -91.993220901
-91.183058633 -48.902882819 -80.094846053 67.341436234 -500.000000000 500.000000000 500.000000000
0.797461066 1.142033763 -1.500603561 -1.213234417 -1.999769507 -1.670660094 -0.409161181

3.389806543
1.399655735 1.496214374 -0.703158253 -1.513796913 2.866611649 -1.089933180 0.023532562
3.251591607 2.968969225 -10.208105292 5.558034893 89.677474126 -95.547776309 -91.993220901
-125.251299009 -94.797445545 124.417574982 -81.104448322 -500.000000000 500.000000000 500.000000000
0.797525281 1.141985065 -1.500635042 -1.213419985 -1.999820961 -1.670629283 -0.409280575

3.401797793
1.341110950 1.434493499 -0.680157487 -1.296464104 3.161655085 -1.762947645 0.711986852
0.294408771 3.122812331 -10.096468894 12.776621437 100.000000000 -100.000000000 100.000000000
-53.123014519 -36.855166510 54.909281629 -188.888230234 -500.000000000 500.000000000 500.000000000
0.798293048 1.141396887 -1.501015280 -1.215658445 -2.000442393 -1.670257072 -0.410727587

3.403807735
1.320863741 1.399254000 -0.615970268 -1.305266236 2.684197649 -0.929614312 0.711986852
-2.234710782 -5.784413956 8.768058793 -6.159801289 -99.948713520 100.000000000 -100.000000000
-0.689476564 25.260530574 -217.591787212 -74.570225337 -217.293058167 -500.000000000 -500.000000000
0.798420249 1.141298358 -1.501078976 -1.216032911 -2.000546488 -1.670194703 -0.410970884

3.404798070
1.311489216 1.386658856 -0.601401406 -1.291201234 2.350985510 -1.346280979 0.295320185
-2.249885848 -3.022834704 3.496526982 3.375600405 -79.970913386 -100.000000000 -100.000000000
-7.550133483 89.892714875 -263.872046563 132.119358221 500.000000000 -500.000000000 500.000000000
0.798482762 1.141249819 -1.501110356 -1.216217332 -2.000597768 -1.670163978 -0.411090837

3.405798360
1.302923101 1.385852511 -0.598428371 -1.265694933 2.429129287 -1.762947645 0.711986852
-2.055867722 -0.193522696 0.713528328 6.121512350 18.754506530 -100.000000000 100.000000000
-6.302928474 35.915790416 -159.901434617 -60.013617899 500.000000000 500.000000000 500.000000000
0.798545813 1.141200787 -1.501142051 -1.216403593 -2.000649570 -1.670132935 -0.411212071

3.406808011
1.315139435 1.386813966 -0.654293820 -1.280274384 2.845795954 -1.346280979 1.128653519
2.931920282 0.230749123 -13.407707669 -3.499068264 100.000000000 100.000000000 100.000000000
-9.320374294 -20.594718552 -104.541934521 -117.501113025 -500.000000000 500.000000000 -500.000000000
0.798608721 1.141151784 -1.501173734 -1.216589705 -2.000701338 -1.670101917 -0.411333302

3.407936108
1.315139435 1.386813966 -0.654293820 -1.280274384 2.845795954 -1.346280979 1.128653519
2.931920282 0.230749123 -13.407707669 -3.499068264 100.000000000 100.000000000 100.000000000
-9.320374294 -20.594718552 -104.541934521 -117.501113025 -500.000000000 500.000000000 -500.000000000
0.798608721 1.141151784 -1.501173734 -1.216589705 -2.000701338 -1.670101917 -0.411333302

3.408816183
1.315139435 1.386813966 -0.654293820 -1.280274384 2.845795954 -1.346280979 1.128653519
2.931920282 0.230749123 -13.407707669 -3.499068264 100.000000000 100.000000000 100.000000000
-110.291477100 -29.181200689 183.466161951 76.349833199 -500.000000000 -500.000000000 -500.000000000
0.798608721 1.141151784 -1.501173734 -1.216589705 -2.000701338 -1.670101917 -0.411333302

3.409804543
1.355884960 1.373341342 -0.789899535 -1.419147385 2.745354484 -0.512947645 0.295320185
5.319117809 -2.136350311 -17.313591360 -21.068327960 -36.605162848 100.000000000 -100.000000000
-110.276917179 -29.192571834 183.458811552 76.306659983 -500.000000000 -500.000000000 -500.000000000
0.798754320 1.141038072 -1.501247238 -1.217021437 -2.000821470 -1.670029917 -0.411614853

3.410767466
1.357050160 1.360516767 -0.816381710 -1.449312533 2.424476722 -0.929614312 -0.121346481
0.279647989 -3.077897927 -6.355721903 -7.239635693 -77.010662953 -100.000000000 -100.000000000
-162.090217277 19.492605514 275.134423526 441.563691597 257.481357837 -500.000000000 500.000000000
0.798860606 1.140954792 -1.501301076 -1.217337505 -2.000909449 -1.669977188 -0.411821279

3.411847241
1.335058199 1.344715604 -0.776519261 -1.445112292 2.044199003 -1.346280979 0.295320185
-5.278070460 -3.792279157 9.566987770 1.008057995 -91.266652467 -100.000000000 100.000000000
-61.411915128 39.601761058 58.622501498 167.990216654 500.000000000 500.000000000 500.000000000
0.798922195 1.140906430 -1.501332337 -1.217521003 -2.000960541 -1.669946563 -0.411941238

3.412803537
1.327839107 1.337804930 -0.790749465 -1.467172491 2.143914454 -0.929614312 0.711986852
-1.732582236 -1.658561610 -3.415248866 -5.294447786 23.931708294 100.000000000 100.000000000
-61.411915128 39.601761058 58.622501498 167.990216654 500.000000000 500.000000000 500.000000000
0.798922195 1.140906430 -1.501332337 -1.217521003 -2.000960541 -1.669946563 -0.411941238

3.413802082
1.346728657 1.351900362 -0.918355703 -1.490494455 2.560581121 -0.512947645 0.295320185
4.533492107 3.382903640 -30.625497146 -5.597271426 100.000000000 100.000000000 -100.000000000
-18.233555317 13.476276752 -2.756610118 130.834737135 -500.000000000 -500.000000000 -500.000000000
0.799048770 1.140806794 -1.501396746 -1.217898933 -2.001065798 -1.669883468 -0.412188579

3.414916887
1.344373948 1.359298310 -0.985802789 -1.473363645 2.799765117 -0.929614312 -0.121346481
-0.565130279 1.775507462 -16.187300715 4.111394304 57.404158895 -100.000000000 -100.000000000
-145.437830903 -88.767429603 500.000000000 139.204980663 -500.000000000 -500.000000000 500.000000000
0.799108279 1.140759837 -1.501427097 -1.218076993 -2.001115404 -1.669853728 -0.412305235

3.415799886
1.309085971 1.338609217 -0.933230666 -1.411591569 2.383098450 -1.346280979 0.295320185
-8.469114337 -4.965382236 12.617309633 14.825298285 -100.000000000 -100.000000000 100.000000000
-43.223961298 -57.363996483 272.183583531 -56.699220879 -500.000000000 500.000000000 500.000000000
0.799170559 1.140710613 -1.501458919 -1.218263616 -2.001167404 -1.669822556 -0.412427594

3.416798539
1.269533236 1.300227231 -0.830323858 -1.401466918 1.966431783 -0.929614312 0.711986852
-9.492656512 -9.211676600 24.697633710 2.429916328 -100.000000000 100.000000000 100.000000000
118.390745462 79.517784298 -309.169018030 -277.173170404 500.000000000 500.000000000 -500.000000000
0.799232043 1.140661940 -1.501490380 -1.218448114 -2.001218823 -1.669791727 -0.412548644

3.417806642
1.259245887 1.287771245 -0.858852121 -1.396086702 2.383098450 -0.512947645 0.295320185
-2.468963803 -2.989436695 -6.846783007 1.291251783 100.000000000 100.000000000 -100.000000000
142.823011007 168.277002833 -500.000000000 -30.296446220 500.000000000 -500.000000000 -500.000000000
0.799293477 1.140613227 -1.501521867 -1.218632724 -2.001270282 -1.669760872 -0.412669855

3.418799089
1.258962545 1.295134304 -0.931492647 -1.368027417 2.799765117 -0.929614312 -0.121346481
-0.068001891 1.767134079 -17.433726341 6.734228416 100.000000000 -100.000000000 -100.000000000
3.384035139 45.072932111 72.668685579 -8.079637846 -500.000000000 -500.000000000 500.000000000
0.799355164 1.140564234 -1.501553533 -1.218818361 -2.001322038 -1.669729837 -0.412791828

3.419820187
1.235106123 1.286588161 -0.913056293 -1.304384585 2.383098450 -1.346280979 0.295320185
-5.725541501 -2.051074284 4.424725076 15.274279635 -100.000000000 -100.000000000 100.000000000
-44.600700289 -50.799688532 291.668438217 -119.763662687 -500.000000000 500.000000000 500.000000000
0.799416742 1.140515243 -1.501585206 -1.219003953 -2.001373790 -1.669698811 -0.412913868

3.420798143
1.207077179 1.256880781 -0.837998958 -1.297219017 1.966431783 -0.929614312 0.711986852
-6.726946464 -7.129771188 18.013760336 1.719736431 -100.000000000 100.000000000 100.000000000
70.941891996 26.414193900 -147.347392867 -296.947529452 500.000000000 500.000000000 -500.000000000
0.799477934 1.140466481 -1.501616726 -1.219188640 -2.001425300 -1.669667923 -0.413035396

3.421798079
1.206080206 1.248521241 -0.890803033 -1.293953958 2.383098450 -0.512947645 0.295320185
-0.239273512 -2.006289522 -12.672978015 0.783614104 100.000000000 100.000000000 -100.000000000
93.779004829 130.953993803 -426.636983488 -26.591690938 500.000000000 -500.000000000 -500.000000000
0.799539117 1.140417645 -1.501648295 -1.219373572 -2.001476888 -1.669636989 -0.413157176

3.422827099
1.212527671 1.260225008 -0.988044516 -1.265797219 2.799765117 -0.929614312 -0.121346481
1.547391499 2.808903900 -23.337955888 6.757617399 100.000000000 -100.000000000 -100.000000000
-35.868638646 29.315430861 192.375034168 -8.214243474 -500.000000000 -500.000000000 500.000000000
0.799600396 1.140368654 -1.501679959 -1.219559056 -2.001528641 -1.669605950 -0.413279403

3.423799018
1.191058826 1.250806475 -0.973189470 -1.200603619 2.383098450 -1.346280979 0.295320185
-5.152522604 -2.260447854 3.565210957 15.646463959 -100.000000000 -100.000000000 100.000000000
-72.240557417 -68.163713330 415.395573486 -130.528531703 -500.000000000 500.000000000 500.000000000
0.799661414 1.140319789 -1.501711546 -1.219744026 -2.001580259 -1.669574994 -0.413401385

3.425249684
1.191058826 1.250806475 -0.973189470 -1.200603619 2.383098450 -1.346280979 0.295320185
-5.152522604 -2.260447854 3.565210957 15.646463959 -100.000000000 -100.000000000 100.000000000
-72.240557417 -68.163713330 415.395573486 -130.528531703 -500.000000000 500.000000000 500.000000000
0.799661414 1.140319789 -1.501711546 -1.219744026 -2.001580259 -1.669574994 -0.413401385

3.425823627
1.191058826 1.250806475 -0.973189470 -1.200603619 2.383098450 -1.346280979 0.295320185
-5.152522604 -2.260447854 3.565210957 15.646463959 -100.000000000 -100.000000000 100.000000000
-72.240557417 -68.163713330 415.395573486 -130.528531703 -500.000000000 500.000000000 500.000000000
0.799661414 1.140319789 -1.501711546 -1.219744026 -2.001580259 -1.669574994 -0.413401385

3.426815834
1.191058826 1.250806475 -0.973189470 -1.200603619 2.383098450 -1.346280979 0.295320185
-5.152522604 -2.260447854 3.565210957 15.646463959 -100.000000000 -100.000000000 100.000000000
63.910710813 34.160288485 -124.156426736 -314.843319859 500.000000000 500.000000000 -500.000000000
0.799843833 1.140173215 -1.501806286 -1.220298635 -2.001735090 -1.669482129 -0.413767659

3.427777833
1.162254711 1.200556224 -0.924808784 -1.194781271 2.383098450 -0.512947645 0.295320185
-0.314074159 -3.256970861 -10.699753426 -0.124977349 100.000000000 100.000000000 -100.000000000
95.606319745 168.666417174 -500.000000000 -33.050629149 500.000000000 -500.000000000 -500.000000000
0.799902864 1.140125628 -1.501837040 -1.220478626 -2.001785359 -1.669451973 -0.413886698

3.428897140
1.171079877 1.211891631 -1.032131306 -1.169512402 2.799765117 -0.929614312 -0.121346481
2.118039967 2.720497704 -25.757405211 6.064528447 100.000000000 -100.000000000 -100.000000000
-29.953701474 59.096357611 156.292242946 -0.070188543 -500.000000000 -500.000000000 500.000000000
0.799902864 1.140125628 -1.501837040 -1.220478626 -2.001785359 -1.669451973 -0.413886698

3.429986586
1.152082937 1.201455370 -1.019530980 -1.106076977 2.383098450 -1.346280979 0.295320185
-4.559265776 -2.504702540 3.024078184 15.224501949 -100.000000000 -100.000000000 100.000000000
-79.471803977 -61.591962523 468.174035325 -126.407642366 -500.000000000 500.000000000 500.000000000
0.800024897 1.140026999 -1.501900790 -1.220851562 -2.001889541 -1.669389479 -0.414133620

3.430896731
1.152082937 1.201455370 -1.019530980 -1.106076977 2.383098450 -1.346280979 0.295320185
-4.559265776 -2.504702540 3.024078184 15.224501949 -100.000000000 -100.000000000 100.000000000
-79.471803977 -61.591962523 468.174035325 -126.407642366 -500.000000000 500.000000000 500.000000000
0.800024897 1.140026999 -1.501900790 -1.220851562 -2.001889541 -1.669389479 -0.414133620

3.431803558
1.090403555 1.097091143 -0.739192747 -1.152144723 1.549765117 -0.512947645 1.128653519
-8.709354711 -15.052415629 41.490270629 -11.728064163 -100.000000000 100.000000000 100.000000000
89.214653025 197.915663589 -500.000000000 -25.216392205 500.000000000 -500.000000000 -500.000000000
0.800145267 1.139929384 -1.501963884 -1.221220517 -2.001992650 -1.669327623 -0.414378265

3.432746406
1.059886235 1.059638875 -0.630259941 -1.168717498 1.966431783 -0.929614312 0.711986852
-7.324156867 -8.988544338 26.143873585 -3.977465993 100.000000000 -100.000000000 -100.000000000
89.219210881 197.911963183 -500.000000000 -25.230376903 500.000000000 -500.000000000 -500.000000000
0.800205244 1.139880622 -1.501995400 -1.221404767 -2.002044156 -1.669296721 -0.414500570

3.433798691
1.047509460 1.050800185 -0.615085858 -1.141541694 2.383098450 -1.346280979 0.295320185
-2.970425956 -2.121285498 3.641779944 6.522192844 100.000000000 -100.000000000 -100.000000000
120.515038251 187.795061474 -500.000000000 74.280592903 -500.000000000 500.000000000 500.000000000
0.800265620 1.139831455 -1.502027171 -1.221590510 -2.002096091 -1.669265555 -0.414623948

3.434832823
1.052889221 1.039841674 -0.626632711 -1.167165584 2.146032615 -0.929614312 0.711986852
1.291142662 -2.630042602 -2.771244908 -6.149733469 -56.895800292 100.000000000 100.000000000
34.684135145 51.328837008 -161.529730184 -138.448738393 -500.000000000 500.000000000 500.000000000
0.800325426 1.139782666 -1.502058704 -1.221774791 -2.002147626 -1.669234634 -0.414746453

3.435809798
1.066295510 1.021539418 -0.642505478 -1.243861446 1.729365949 -0.512947645 1.128653519
3.217509303 -4.392541486 -3.809463941 -18.407006942 -100.000000000 100.000000000 100.000000000
-51.079232733 62.594951229 -32.117701157 117.533748692 500.000000000 -500.000000000 -500.000000000
0.800385111 1.139733892 -1.502090227 -1.221958976 -2.002199144 -1.669203721 -0.414868983

3.437003114
1.066295510 1.021539418 -0.642505478 -1.243861446 1.729365949 -0.512947645 1.128653519
3.217509303 -4.392541486 -3.809463941 -18.407006942 -100.000000000 100.000000000 100.000000000
-90.941225895 99.670277168 -9.769196116 370.330385850 500.000000000 -500.000000000 -500.000000000
0.800444660 1.139685148 -1.502121730 -1.222143015 -2.002250631 -1.669172826 -0.414991504

3.437844419
1.072420312 1.023879932 -0.690010008 -1.210802563 2.562699282 -1.346280979 0.295320185
0.170344385 2.490768488 -8.836679865 12.050731594 100.000000000 -100.000000000 -100.000000000
-53.118751252 51.199245279 -33.604972780 86.219084160 -500.000000000 500.000000000 500.000000000
0.800504755 1.139635868 -1.502153583 -1.222329037 -2.002302681 -1.669141594 -0.415115443

3.453804588
1.080631983 1.092472184 -0.977201083 -0.965818692 2.829861589 -0.929614312 0.711986852
-3.290293731 -6.199169864 19.949546068 0.241997754 -100.000000000 100.000000000 100.000000000
-25.622203013 -135.860331211 395.330363922 -333.075956560 -55.929019580 -500.000000000 -500.000000000
0.801440920 1.138856840 -1.502656999 -1.225264747 -2.003125486 -1.668647660 -0.417083489

3.454798766
1.051511417 1.062872130 -0.868003145 -0.936267187 2.668944149 -1.346280979 0.295320185
-6.988935784 -7.104013100 26.207505211 7.092361270 -38.620185649 -100.000000000 -100.000000000
37.886768342 128.621862832 -451.536512921 -30.784560568 500.000000000 -500.000000000 -500.000000000
0.801498573 1.138808139 -1.502688465 -1.225447961 -2.003176921 -1.668616772 -0.417207079

3.455797898
1.043122819 1.075030154 -0.917944573 -0.878244976 3.085610816 -1.762947645 -0.121346481
-2.013263469 2.917925712 -11.985942698 13.925330726 100.000000000 -100.000000000 -100.000000000
114.777431300 149.673862924 -500.000000000 -170.765302777 305.191605971 500.000000000 500.000000000
0.801556190 1.138759382 -1.502719967 -1.225631347 -2.003228414 -1.668585848 -0.417330876

3.456824373
1.060491593 1.085778548 -1.012700476 -0.885255810 3.085610816 -1.351776109 0.256607728
4.168505780 2.579614552 -22.741416712 -1.682600208 0.000000000 98.681168775 90.709010348
16.108606400 -51.985591362 181.241314485 -313.245251695 -500.000000000 500.000000000 500.000000000
0.801613222 1.138711034 -1.502751204 -1.225813162 -2.003279477 -1.668555181 -0.417453701

3.457761079
1.073508586 1.057921923 -0.966626270 -0.953207336 2.668944149 -0.935109442 0.673274395
3.124078132 -6.685589832 11.057809380 -16.308366231 -100.000000000 100.000000000 100.000000000
-109.257952743 -46.299042404 405.823261374 -0.403731110 -500.000000000 -500.000000000 -500.000000000
0.801670455 1.138662425 -1.502782615 -1.225995920 -2.003330812 -1.668524353 -0.417577259

3.458793654
1.050300536 1.016037334 -0.817055385 -0.954445372 2.252277483 -1.351776109 0.256607728
-5.569931959 -10.052301326 35.897012433 -0.297128785 -100.000000000 -100.000000000 -100.000000000
-89.665375705 141.785846796 -274.771822091 298.888466183 500.000000000 -500.000000000 -500.000000000
0.801730178 1.138611614 -1.502815437 -1.226186918 -2.003384476 -1.668492118 -0.417706474

3.460311695
1.029861217 1.011327363 -0.772898578 -0.900613483 2.589747364 -1.768442775 -0.160058938
-4.905436515 -1.130393181 10.597633595 12.919653444 80.992771647 -100.000000000 -100.000000000
86.541603415 213.303454484 -500.000000000 -21.231578829 500.000000000 500.000000000 500.000000000
0.801787246 1.138562966 -1.502846873 -1.226369747 -2.003435852 -1.668461264 -0.417830268

3.460799278
1.054824375 1.025380125 -0.889655535 -0.905520377 3.006414031 -1.351776109 0.256607728
5.991157983 3.372663052 -28.021669733 -1.177654687 100.000000000 100.000000000 100.000000000
75.301333224 35.331423903 -284.947501380 -290.968695308 -500.000000000 500.000000000 500.000000000
0.801842474 1.138515808 -1.502877334 -1.226546939 -2.003485656 -1.668431345 -0.417950320

3.461794417
1.086640002 1.016591684 -0.935310902 -0.982501183 2.772019336 -0.935109442 0.673274395
7.635750389 -2.109225948 -10.957287888 -18.475393417 -56.254726774 100.000000000 100.000000000
-145.121349729 -56.139692734 499.111214820 -8.549562441 -500.000000000 -500.000000000 -500.000000000
0.801909714 1.138458278 -1.502914504 -1.226763063 -2.003546413 -1.668394852 -0.418096875

3.462799538
1.077847648 0.992054771 -0.855764828 -0.990833543 2.355352670 -1.351776109 0.256607728
-2.110165032 -5.888859165 19.091057737 -1.999766395 -100.000000000 -100.000000000 -100.000000000
-181.188036562 54.371178306 162.385397523 345.081680419 500.000000000 -500.000000000 -500.000000000
0.801955969 1.138418631 -1.502940115 -1.226911970 -2.003588284 -1.668369698 -0.418197921

3.463805465
1.054258084 0.989658485 -0.810856113 -0.934280777 2.625734393 -1.768442775 -0.160058938
-5.661495173 -0.575108628 10.778091524 13.572664008 64.891613656 -100.000000000 -100.000000000
14.614132816 132.413569329 -446.538683494 16.387485276 500.000000000 500.000000000 500.000000000
0.802012362 1.138370214 -1.502971395 -1.227093786 -2.003639416 -1.668338983 -0.418321383

3.464807142
1.070299553 1.004228394 -0.903604266 -0.931470283 3.042401060 -1.351776109 0.256607728
3.849952375 3.496778153 -22.259556673 0.674518533 100.000000000 100.000000000 100.000000000
88.005331184 26.373345472 -284.773358656 -300.734581056 -500.000000000 500.000000000 500.000000000
0.802068932 1.138321553 -1.503002836 -1.227276479 -2.003690803 -1.668308116 -0.418445538

3.467941414
1.070299553 1.004228394 -0.903604266 -0.931470283 3.042401060 -1.351776109 0.256607728
3.849952375 3.496778153 -22.259556673 0.674518533 100.000000000 100.000000000 100.000000000
88.005331184 26.373345472 -284.773358656 -300.734581056 -500.000000000 500.000000000 500.000000000
0.802068932 1.138321553 -1.503002836 -1.227276479 -2.003690803 -1.668308116 -0.418445538

3.468744357
1.094016003 0.995373181 -0.927784012 -0.998126142 2.808630349 -0.935109442 0.673274395
5.691948013 -2.125250979 -5.803139193 -15.997406270 -56.104970547 100.000000000 100.000000000
-103.822109599 -56.526247147 385.251276427 -43.070990318 -500.000000000 -500.000000000 -500.000000000
0.802266235 1.138151146 -1.503112913 -1.227915970 -2.003870763 -1.668199994 -0.418880819

3.469802740
1.082882593 0.973883233 -0.851282674 -1.002286969 2.391963683 -1.351776109 0.256607728
-2.672018348 -5.157587662 18.360321208 -0.998598329 -100.000000000 -100.000000000 -100.000000000
-143.011171587 56.780418340 58.528344340 296.960148231 500.000000000 -500.000000000 -500.000000000
0.802349811 1.138078627 -1.503159759 -1.228187977 -2.003947345 -1.668153982 -0.419066311

3.470800157
1.063163929 0.977121436 -0.827430887 -0.947824571 2.675669430 -1.768442775 -0.160058938
-4.732479207 0.777168819 5.724428782 13.070975435 68.089379308 -100.000000000 -100.000000000
25.387088764 119.571292694 -432.394132690 -2.618134246 500.000000000 500.000000000 500.000000000
0.802405777 1.138029955 -1.503191197 -1.228370493 -2.003998745 -1.668123095 -0.419190887

3.471841758
1.082433007 0.995865446 -0.935111662 -0.948698838 3.092336096 -1.351776109 0.256607728
4.624578561 4.498562307 -25.843385911 -0.209824142 100.000000000 100.000000000 100.000000000
68.573768908 0.547475477 -182.064606633 -289.474100925 -500.000000000 500.000000000 500.000000000
0.802405777 1.138029955 -1.503191197 -1.228370493 -2.003998745 -1.668123095 -0.419190887

3.472860371
1.104344333 0.987938834 -0.954478825 -1.014788930 2.844364895 -0.935109442 0.673274395
5.258718384 -1.902386790 -4.648118989 -15.861622092 -59.513088285 100.000000000 100.000000000
-120.488342143 -75.759981780 460.056414300 -23.790127557 -500.000000000 -500.000000000 -500.000000000
0.802517964 1.137932113 -1.503254396 -1.228737276 -2.004102068 -1.668061008 -0.419441516

3.473799983
1.089114934 0.965009449 -0.867513747 -1.016716572 2.427698228 -1.351776109 0.256607728
-3.655055766 -5.503052393 20.871618573 -0.462633983 -100.000000000 -100.000000000 -100.000000000
-135.357004638 53.047063719 38.084822686 295.837607321 500.000000000 -500.000000000 -500.000000000
0.802572044 1.137884812 -1.503284953 -1.228914541 -2.004152017 -1.668030996 -0.419562784

3.474798957
1.065985658 0.967596617 -0.836437482 -0.962386852 2.714854990 -1.768442775 -0.160058938
-5.551026255 0.620920177 7.458303570 13.039132789 68.917622716 -100.000000000 -100.000000000
44.446826289 127.348584155 -481.009492057 -11.967117200 500.000000000 500.000000000 500.000000000
0.802572044 1.137884812 -1.503284953 -1.228914541 -2.004152017 -1.668030996 -0.419562784

3.475799611
1.083899749 0.987085098 -0.940584816 -0.964934973 3.131521656 -1.351776109 0.256607728
4.299381786 4.677235417 -24.995360087 -0.611549155 100.000000000 100.000000000 100.000000000
84.688424009 4.602296964 -215.856062660 -287.465843338 -500.000000000 500.000000000 500.000000000
0.802683277 1.137787258 -1.503347964 -1.229280024 -2.004255033 -1.667969087 -0.419813079

3.476751970
1.105517066 0.980963493 -0.961645707 -1.030619987 2.889387597 -0.935109442 0.673274395
5.188156167 -1.469185077 -5.054613842 -15.764403166 -58.112174158 100.000000000 100.000000000
-114.109282950 -78.474492313 443.630886959 -14.203521932 -500.000000000 -500.000000000 -500.000000000
0.802742574 1.137735106 -1.503381641 -1.229475348 -2.004310107 -1.667935983 -0.419946988

3.477759864
1.105517066 0.980963493 -0.961645707 -1.030619987 2.889387597 -0.935109442 0.673274395
5.188156167 -1.469185077 -5.054613842 -15.764403166 -58.112174158 100.000000000 100.000000000
-134.040572564 45.060862828 46.918683476 295.402527223 500.000000000 -500.000000000 -500.000000000
0.802742574 1.137735106 -1.503381641 -1.229475348 -2.004310107 -1.667935983 -0.419946988

3.478840001
1.069070163 0.965805715 -0.861127486 -0.980107976 2.757910190 -1.768442775 -0.160058938
-5.315492440 1.193607302 5.425495494 12.658013939 68.445422192 -100.000000000 -100.000000000
39.793559876 114.314624822 -435.945658771 -8.979148194 500.000000000 500.000000000 500.000000000
0.802851032 1.137639433 -1.503443435 -1.229833561 -2.004411135 -1.667875265 -0.420192862

3.479801421
1.084733861 0.986153091 -0.960196040 -0.983251373 3.174576857 -1.351776109 0.256607728
3.759287487 4.883370083 -23.776452923 -0.754415240 100.000000000 100.000000000 100.000000000
79.687935687 -6.688774302 -172.741504788 -278.132837286 -500.000000000 500.000000000 500.000000000
0.802904318 1.137592296 -1.503473879 -1.230009993 -2.004460909 -1.667845348 -0.420314096

3.480799017
1.102164312 0.979353418 -0.968842727 -1.045364343 2.926482855 -0.935109442 0.673274395
4.183308115 -1.631921413 -2.075205019 -14.907112978 -59.542560273 100.000000000 100.000000000
-103.368703992 -82.523481122 421.201274530 -9.587557236 -500.000000000 -500.000000000 -500.000000000
0.802958559 1.137544228 -1.503504921 -1.230189876 -2.004511667 -1.667814837 -0.420437788

3.481799498
1.085527108 0.959466712 -0.887930199 -1.045421328 2.509816189 -1.351776109 0.256607728
-3.992928866 -4.772809510 19.419006824 -0.013676245 -100.000000000 -100.000000000 -100.000000000
-113.586737580 48.457509251 -11.962119003 279.659706331 500.000000000 -500.000000000 -500.000000000
0.803012489 1.137496346 -1.503535839 -1.230369024 -2.004562229 -1.667784441 -0.420561061

3.482813526
1.064313000 0.966521188 -0.872240911 -0.994047984 2.802855245 -1.768442775 -0.160058938
-5.091385868 1.693074336 3.765428944 12.329602563 70.329373458 -100.000000000 -100.000000000
51.607115458 113.259153659 -449.940700480 -18.221244752 500.000000000 500.000000000 500.000000000
0.803066517 1.137448285 -1.503566876 -1.230548809 -2.004612979 -1.667753933 -0.420684867

3.483846296
1.080870415 0.988880181 -0.975652681 -0.999387664 3.219521912 -1.351776109 0.256607728
3.973779516 5.366158252 -24.818824796 -1.281523251 100.000000000 100.000000000 100.000000000
75.703069044 -16.768777043 -138.441175296 -270.242133807 -500.000000000 500.000000000 500.000000000
0.803120721 1.137399971 -1.503598080 -1.230729502 -2.004663995 -1.667723270 -0.420809396

3.485832075
1.080870415 0.988880181 -0.975652681 -0.999387664 3.219521912 -1.351776109 0.256607728
3.973779516 5.366158252 -24.818824796 -1.281523251 100.000000000 100.000000000 100.000000000
-107.250559672 -92.471186003 443.581956041 2.496281153 -500.000000000 -500.000000000 -500.000000000
0.803120721 1.137399971 -1.503598080 -1.230729502 -2.004663995 -1.667723270 -0.420809396

3.486803755
1.080870415 0.988880181 -0.975652681 -0.999387664 3.219521912 -1.351776109 0.256607728
3.973779516 5.366158252 -24.818824796 -1.281523251 100.000000000 100.000000000 100.000000000
-107.250559672 -92.471186003 443.581956041 2.496281153 -500.000000000 -500.000000000 -500.000000000
0.803120721 1.137399971 -1.503598080 -1.230729502 -2.004663995 -1.667723270 -0.420809396

3.487813862
1.097177946 0.982939246 -0.982164623 -1.060258262 2.967900155 -0.935109442 0.673274395
3.913807448 -1.425824278 -1.562866059 -14.608943534 -60.389221531 100.000000000 100.000000000
-107.665621525 43.948019630 -20.895412097 275.077395503 500.000000000 -500.000000000 -500.000000000
0.803337529 1.137205809 -1.503723453 -1.231455295 -2.004869017 -1.667600008 -0.421310495

3.500752780
1.043410391 0.990899622 -0.926501351 -1.092804405 2.675693611 -1.351776109 0.256607728
-4.640819190 -4.292201556 18.756521965 1.117274223 -100.000000000 -100.000000000 -100.000000000
-77.528788183 41.843997793 -93.235588528 245.851049992 500.000000000 -500.000000000 -500.000000000
0.803976618 1.136624453 -1.504098779 -1.233624873 -2.005482853 -1.667230875 -0.422817353

3.501798699
1.024804741 1.002858186 -0.928375738 -1.046171068 2.978464702 -1.768442775 -0.160058938
-4.465356095 2.870055408 -0.449853026 11.192000766 72.665061823 -100.000000000 -100.000000000
68.878193020 100.411734772 -432.893267327 -36.445343756 500.000000000 500.000000000 500.000000000
0.804080056 1.136529043 -1.504160363 -1.233980420 -2.005583590 -1.667170282 -0.423065580

3.502831080
1.030491166 1.017765555 -0.978277982 -1.051028492 2.976183707 -1.359556693 0.209627459
1.364742164 3.577768625 -11.976538478 -1.165781714 -0.547438727 98.132659656 88.724735306
67.234653400 -44.034022439 -48.581401907 -242.620950554 -500.000000000 500.000000000 500.000000000
0.804132174 1.136480829 -1.504191478 -1.234160039 -2.005634496 -1.667139657 -0.423191117

3.503783271
1.037491767 1.005763490 -0.950067271 -1.109315488 2.559517040 -0.942890027 0.626294125
1.680144209 -2.880495690 6.770570556 -13.988878937 -100.000000000 100.000000000 100.000000000
-49.930742462 -59.683845152 186.939419914 5.002479535 -487.233045833 -500.000000000 -500.000000000
0.804184510 1.136432311 -1.504222796 -1.234340751 -2.005685721 -1.667108845 -0.423317520

3.504806739
1.018073941 0.987226686 -0.859303723 -1.110273268 2.142850374 -1.359556693 0.209627459
-4.660278308 -4.448832984 21.783251522 -0.229867249 -100.000000000 -100.000000000 -100.000000000
-56.933609884 70.676795870 -190.826963592 267.275052365 500.000000000 -500.000000000 -500.000000000
0.804237500 1.136383085 -1.504254571 -1.234524061 -2.005737693 -1.667077584 -0.423445837

3.505790669
1.018073941 0.987226686 -0.859303723 -1.110273268 2.142850374 -1.359556693 0.209627459
-4.660278308 -4.448832984 21.783251522 -0.229867249 -100.000000000 -100.000000000 -100.000000000
-56.933609884 70.676795870 -190.826963592 267.275052365 500.000000000 -500.000000000 -500.000000000
0.804287987 1.136336093 -1.504284898 -1.234699017 -2.005787308 -1.667047735 -0.423568392

3.506780754
0.998963005 0.995298921 -0.835248376 -1.060786197 2.431548784 -1.776223360 -0.207039208
-4.586624645 1.937336518 5.773283312 11.876896935 69.287618392 -100.000000000 -100.000000000
72.264991101 -24.643013206 -182.369318379 -254.929220656 -500.000000000 500.000000000 500.000000000
0.804343439 1.136284371 -1.504318277 -1.234891539 -2.005841915 -1.667014884 -0.423703357

3.507797564
0.984761918 1.032789053 -0.894025199 -0.962609248 2.848215450 -2.192890027 -0.623705875
-3.408260791 8.997631679 -14.106437473 23.562467905 100.000000000 -100.000000000 -100.000000000
72.264991101 -24.643013206 -182.369318379 -254.929220656 -500.000000000 500.000000000 500.000000000
0.804343439 1.136284371 -1.504318277 -1.234891539 -2.005841915 -1.667014884 -0.423703357

3.508944264
1.004375956 1.088873330 -1.086441400 -0.914282536 3.264882117 -1.776223360 -0.207039208
4.707369025 13.460226324 -46.179888101 11.598410849 100.000000000 100.000000000 100.000000000
50.123367866 -169.603101797 221.099441639 -498.477587270 -500.000000000 500.000000000 500.000000000
0.804451164 1.136183568 -1.504383330 -1.235266635 -2.005948341 -1.666950855 -0.423966623

3.509897280
1.037032294 1.154005031 -1.336158712 -0.924510419 3.264882117 -1.361187145 0.165155415
7.837521177 15.631608324 -59.932154946 -2.454691998 0.000000000 99.608691586 89.326709392
-114.144705358 -264.468963016 500.000000000 -264.049736736 -500.000000000 -500.000000000 -500.000000000
0.804451164 1.136183568 -1.504383330 -1.235266635 -2.005948341 -1.666950855 -0.423966623

3.511354841
1.071177076 1.196641891 -1.490380632 -1.009318617 2.848215450 -0.944520479 0.581822081
8.194747555 10.232846332 -37.013260940 -20.353967463 -100.000000000 100.000000000 100.000000000
-180.008536585 -314.414312752 500.000000000 18.018218341 -500.000000000 -500.000000000 -500.000000000
0.804522182 1.136116879 -1.504426364 -1.235514704 -2.006018750 -1.666908492 -0.424140956

3.511824467
1.071177076 1.196641891 -1.490380632 -1.009318617 2.848215450 -0.944520479 0.581822081
8.194747555 10.232846332 -37.013260940 -20.353967463 -100.000000000 100.000000000 100.000000000
-190.556928318 -210.712733123 500.000000000 384.447448452 500.000000000 -500.000000000 -500.000000000
0.804557303 1.136083826 -1.504447693 -1.235637625 -2.006053646 -1.666887496 -0.424227409

3.512809193
1.115532118 1.213678319 -1.538272646 -1.171283831 2.431548784 -0.527853812 0.998488748
10.645210232 4.088742849 -11.494083336 -38.871651510 -100.000000000 100.000000000 100.000000000
-243.996397231 -89.539292629 233.260944190 500.000000000 500.000000000 -500.000000000 -500.000000000
0.804610192 1.136033963 -1.504479872 -1.235823030 -2.006106288 -1.666855825 -0.424357894

3.513834326
1.148094214 1.145445976 -1.313922569 -1.348994343 1.598215450 -1.361187145 0.165155415
1.508465676 -12.727423287 39.624988781 -17.897099687 -100.000000000 -100.000000000 -100.000000000
-159.843640212 66.717784144 -286.928950140 498.910974561 500.000000000 500.000000000 500.000000000
0.804700031 1.135949026 -1.504534673 -1.236138757 -2.006195961 -1.666801864 -0.424580320

3.514799695
1.154645220 1.127728668 -1.259483171 -1.428391255 1.711971532 -0.944520479 0.581822081
1.572241507 -4.252153972 13.065455438 -19.055258961 27.301459619 100.000000000 100.000000000
-64.508731858 253.598770798 -500.000000000 369.227552362 500.000000000 500.000000000 500.000000000
0.804749673 1.135901958 -1.504565042 -1.236313672 -2.006245654 -1.666771963 -0.424703674

3.515798968
1.171526966 1.149030789 -1.318255254 -1.506738287 2.120473030 -0.527853812 0.998488748
4.051619069 5.112509224 -14.105299736 -18.803287724 98.040359422 100.000000000 100.000000000
-66.434384874 85.860408432 -285.817295877 400.312937550 -500.000000000 -500.000000000 -500.000000000
0.804800120 1.135854023 -1.504595975 -1.236491766 -2.006296258 -1.666741515 -0.424829368

3.516807246
1.172241904 1.160771368 -1.323913185 -1.545594470 2.437804933 -0.944520479 0.581822081
0.171584937 2.817738774 -1.357903438 -9.325483773 76.159656853 -100.000000000 -100.000000000
-117.705065994 -103.567861108 263.471922579 403.090406647 -500.000000000 -500.000000000 -500.000000000
0.804850641 1.135805922 -1.504627009 -1.236670441 -2.006347039 -1.666710957 -0.424955562

3.517806753
1.153442039 1.156574854 -1.276430921 -1.530452407 2.403983535 -1.361187145 0.165155415
-4.511967379 -1.007163208 11.395743262 3.634095143 -8.117135675 -100.000000000 -100.000000000
-40.170824973 -58.851320024 9.086686301 217.402078293 -500.000000000 500.000000000 500.000000000
0.804901089 1.135757789 -1.504658065 -1.236849199 -2.006397854 -1.666680379 -0.425081910

3.518805692
1.135197941 1.141089526 -1.201620587 -1.547846111 1.987316868 -0.944520479 0.581822081
-4.378583548 -3.716478708 17.954480151 -4.174489168 -100.000000000 100.000000000 100.000000000
55.385252521 18.061557642 -250.737579612 -43.321582126 -278.695425325 500.000000000 500.000000000
0.804951597 1.135709501 -1.504689215 -1.237028497 -2.006448833 -1.666649698 -0.425208730

3.519799021
1.126322293 1.137401325 -1.169171453 -1.601404954 1.570650201 -0.527853812 0.998488748
-2.130155606 -0.885168368 7.787792111 -12.854122096 -100.000000000 100.000000000 100.000000000
54.547036548 73.791571619 -389.396465803 114.571544821 500.000000000 -500.000000000 -500.000000000
0.805001699 1.135661499 -1.504720180 -1.237206692 -2.006499509 -1.666619199 -0.425334865

3.520798164
1.113689580 1.139345012 -1.138920822 -1.609977540 1.987316868 -0.944520479 0.581822081
-3.031851236 0.466484988 7.260151583 -2.057420806 100.000000000 -100.000000000 -100.000000000
10.471052720 17.529384805 -189.310714900 293.502268052 500.000000000 -500.000000000 -500.000000000
0.805051836 1.135613361 -1.504751235 -1.237385359 -2.006550328 -1.666588615 -0.425461431

3.521807092
1.096369347 1.151261785 -1.126946768 -1.567703389 2.403983535 -1.361187145 0.165155415
-4.156855913 2.860025520 2.873772817 10.145796201 100.000000000 -100.000000000 -100.000000000
29.773250357 -9.702864905 -181.786073033 78.407634222 -500.000000000 500.000000000 500.000000000
0.805101888 1.135565200 -1.504782305 -1.237564071 -2.006601171 -1.666558018 -0.425588126

3.522797928
1.084407828 1.158100613 -1.108767916 -1.566758063 2.157971306 -0.944520479 0.581822081
-2.870764416 1.641318789 4.362924535 0.226878278 -59.042934983 100.000000000 100.000000000
54.010372455 -58.770168932 -95.259010049 -169.901992188 -500.000000000 500.000000000 500.000000000
0.805151755 1.135517118 -1.504813321 -1.237742453 -2.006651930 -1.666527468 -0.425714680

3.523798706
1.079280726 1.162696197 -1.096253045 -1.610029827 1.741304639 -0.527853812 0.998488748
-1.230504512 1.102939949 3.003568927 -10.385223227 -100.000000000 100.000000000 100.000000000
29.489681002 -35.084725319 -126.863031219 28.363995468 500.000000000 -500.000000000 -500.000000000
0.805201698 1.135468863 -1.504844444 -1.237921441 -2.006702873 -1.666496804 -0.425841754

3.524796350
1.068256132 1.166934023 -1.073389511 -1.609257665 2.157971306 -0.944520479 0.581822081
-2.645902676 1.017078307 5.487248155 0.185318764 100.000000000 -100.000000000 -100.000000000
-2.797812578 -24.781532372 -100.930518446 244.915303059 500.000000000 -500.000000000 -500.000000000
0.805251283 1.135420849 -1.504875412 -1.238099495 -2.006753560 -1.666466294 -0.425968263

3.525821334
1.068256132 1.166934023 -1.073389511 -1.609257665 2.157971306 -0.944520479 0.581822081
-2.645902676 1.017078307 5.487248155 0.185318764 100.000000000 -100.000000000 -100.000000000
-2.797812578 -24.781532372 -100.930518446 244.915303059 500.000000000 -500.000000000 -500.000000000
0.805251283 1.135420849 -1.504875412 -1.238099495 -2.006753560 -1.666466294 -0.425968263

3.526859748
1.068256132 1.166934023 -1.073389511 -1.609257665 2.157971306 -0.944520479 0.581822081
-2.645902676 1.017078307 5.487248155 0.185318764 100.000000000 -100.000000000 -100.000000000
-2.797812578 -24.781532372 -100.930518446 244.915303059 500.000000000 -500.000000000 -500.000000000
0.805251283 1.135420849 -1.504875412 -1.238099495 -2.006753560 -1.666466294 -0.425968263

3.527814052
1.041997200 1.186184521 -1.050538113 -1.553394318 2.321104609 -0.944520479 0.581822081
-2.802554472 1.162517671 5.081850043 1.837677796 -60.848007140 100.000000000 100.000000000
45.161299722 -73.755531396 -51.373426035 -199.137990603 -500.000000000 500.000000000 500.000000000
0.805399355 1.135276849 -1.504968291 -1.238633281 -2.006905574 -1.666374795 -0.426348099

3.528781561
1.041997200 1.186184521 -1.050538113 -1.553394318 2.321104609 -0.944520479 0.581822081
-2.802554472 1.162517671 5.081850043 1.837677796 -60.848007140 100.000000000 100.000000000
32.391304923 -28.341120607 -147.080018670 -5.277452247 500.000000000 -500.000000000 -500.000000000
0.805399355 1.135276849 -1.504968291 -1.238633281 -2.006905574 -1.666374795 -0.426348099

3.529965067
1.034910937 1.184490599 -1.022452299 -1.590987197 1.904437943 -0.527853812 0.998488748
-1.700703280 -0.406541289 6.740595476 -9.022290827 -100.000000000 100.000000000 100.000000000
32.391304923 -28.341120607 -147.080018670 -5.277452247 500.000000000 -500.000000000 -500.000000000
0.805448904 1.135228456 -1.504999501 -1.238812592 -2.006956660 -1.666344043 -0.426475884

3.530806238
1.034910937 1.184490599 -1.022452299 -1.590987197 1.904437943 -0.527853812 0.998488748
-1.700703280 -0.406541289 6.740595476 -9.022290827 -100.000000000 100.000000000 100.000000000
11.073581571 3.199012713 -183.070240136 215.642536496 500.000000000 -500.000000000 -500.000000000
0.805546864 1.135132472 -1.505061397 -1.239168132 -2.007057986 -1.666283044 -0.426729542

3.531798055
1.034910937 1.184490599 -1.022452299 -1.590987197 1.904437943 -0.527853812 0.998488748
-1.700703280 -0.406541289 6.740595476 -9.022290827 -100.000000000 100.000000000 100.000000000
11.073581571 3.199012713 -183.070240136 215.642536496 500.000000000 -500.000000000 -500.000000000
0.805595454 1.135084705 -1.505092200 -1.239345009 -2.007108409 -1.666252689 -0.426855878

3.532810734
1.024409302 1.186345666 -0.997555500 -1.585497588 2.321104609 -0.944520479 0.581822081
-2.520392312 0.445216121 5.975231735 1.317506013 100.000000000 -100.000000000 -100.000000000
11.082517311 3.190236400 -183.075899624 215.610035281 500.000000000 -500.000000000 -500.000000000
0.805644591 1.135036295 -1.505123417 -1.239524234 -2.007159513 -1.666221924 -0.426983988

3.533821037
1.024409302 1.186345666 -0.997555500 -1.585497588 2.321104609 -0.944520479 0.581822081
-2.520392312 0.445216121 5.975231735 1.317506013 100.000000000 -100.000000000 -100.000000000
28.531375093 -14.035259559 -170.261426394 8.247215144 -500.000000000 500.000000000 500.000000000
0.805692740 1.134988750 -1.505154078 -1.239700215 -2.007209700 -1.666191712 -0.427109877

3.534803390
1.015033306 1.203977232 -1.011105820 -1.536182332 2.737771276 -1.361187145 0.165155415
-2.250238940 4.231575728 -3.252076783 11.835661386 100.000000000 -100.000000000 -100.000000000
28.536190031 -14.040013996 -170.264492481 8.229617100 -500.000000000 500.000000000 500.000000000
0.805742544 1.134939469 -1.505185850 -1.239882587 -2.007261723 -1.666160390 -0.427240429

3.535901271
1.006595732 1.209194075 -0.996083654 -1.525637949 2.478512854 -0.944520479 0.581822081
-2.025017921 1.252042499 3.605319806 2.530651906 -62.222021236 100.000000000 100.000000000
24.075702603 -91.535290828 15.633532588 -207.083253190 -500.000000000 500.000000000 500.000000000
0.805789833 1.134892574 -1.505216083 -1.240056092 -2.007311227 -1.666130582 -0.427364727

3.536799357
1.006595732 1.209194075 -0.996083654 -1.525637949 2.478512854 -0.944520479 0.581822081
-2.025017921 1.252042499 3.605319806 2.530651906 -62.222021236 100.000000000 100.000000000
20.419768603 -32.471000147 -123.019639066 -22.054852404 500.000000000 -500.000000000 -500.000000000
0.805838318 1.134844383 -1.505247156 -1.240234354 -2.007362096 -1.666099956 -0.427492535

3.537805741
1.006595732 1.209194075 -0.996083654 -1.525637949 2.478512854 -0.944520479 0.581822081
-2.025017921 1.252042499 3.605319806 2.530651906 -62.222021236 100.000000000 100.000000000
20.424617078 -32.475819260 -123.022746363 -22.072678595 500.000000000 -500.000000000 -500.000000000
0.805886510 1.134796379 -1.505278104 -1.240411884 -2.007412768 -1.666069446 -0.427619910

3.554807424
0.956402085 1.254774987 -0.914482532 -1.398493025 3.307846152 -1.361187145 0.165155415
2.914107288 6.675470844 -18.214481513 9.447257651 100.000000000 -100.000000000 -100.000000000
-26.692280153 -34.746883671 -35.864081249 -29.553340299 500.000000000 -500.000000000 -500.000000000
0.806690554 1.133979037 -1.505804867 -1.243428881 -2.008275500 -1.665549891 -0.429799389

3.555802736
0.970161673 1.299921619 -1.034543512 -1.345770545 3.307846152 -1.777853812 -0.143551239
3.302301018 10.835191688 -28.814635265 12.653395062 0.000000000 -100.000000000 -74.089596758
-73.253298912 -145.589011893 305.157396733 -173.438738637 -500.000000000 500.000000000 500.000000000
0.806733901 1.133934049 -1.505833849 -1.243594623 -2.008322984 -1.665521289 -0.429919938

3.556800786
0.967868255 1.308186300 -1.058456957 -1.322048146 2.891179486 -1.361187145 0.273115428
-0.550420355 1.983523495 -5.739226806 5.693375798 -100.000000000 100.000000000 100.000000000
-82.388797572 -233.302590726 500.000000000 -242.850308962 -500.000000000 500.000000000 500.000000000
0.806779739 1.133886360 -1.505864578 -1.243770280 -2.008373316 -1.665490977 -0.430047803

3.557811316
0.956332315 1.280364783 -0.984837439 -1.344482668 2.474512819 -0.944520479 0.689782095
-2.768625543 -6.677164082 17.668684295 -5.384285315 -100.000000000 100.000000000 100.000000000
-5.100444481 -57.100463881 70.043774066 -106.039729323 500.000000000 -500.000000000 -500.000000000
0.806823457 1.133840783 -1.505893935 -1.243938125 -2.008421422 -1.665461997 -0.430170059

3.558812664
0.943331841 1.269155479 -0.957392797 -1.328121489 2.891179486 -1.361187145 0.273115428
-3.120113785 -2.690232956 6.586714261 3.926683194 100.000000000 -100.000000000 -100.000000000
40.421625050 118.890881611 -405.479335484 117.740160625 500.000000000 -500.000000000 -500.000000000
0.806871545 1.133790530 -1.505926302 -1.244123148 -2.008474463 -1.665430044 -0.430304929

3.559835369
0.943331841 1.269155479 -0.957392797 -1.328121489 2.891179486 -1.361187145 0.273115428
-3.120113785 -2.690232956 6.586714261 3.926683194 100.000000000 -100.000000000 -100.000000000
40.421625050 118.890881611 -405.479335484 117.740160625 500.000000000 -500.000000000 -500.000000000
0.806871545 1.133790530 -1.505926302 -1.244123148 -2.008474463 -1.665430044 -0.430304929

3.560837225
0.941796454 1.296748274 -1.044910000 -1.274670842 3.264675381 -1.361187145 0.273115428
-0.448732698 0.711752925 -3.661483323 3.092293949 -10.360985052 100.000000000 100.000000000
-15.278422827 -134.215680578 299.221724095 -190.396512053 -500.000000000 500.000000000 500.000000000
0.806962173 1.133695470 -1.505987539 -1.244473031 -2.008574792 -1.665369611 -0.430560286

3.561815875
0.930009612 1.262836910 -0.955907220 -1.292085506 2.848008715 -0.944520479 0.689782095
-2.828842047 -8.138727241 21.360667256 -4.179519372 -100.000000000 100.000000000 100.000000000
-4.508774085 -30.540338863 27.121912579 -58.826097921 -320.105316311 -500.000000000 -500.000000000
0.807007898 1.133647347 -1.506018528 -1.244650097 -2.008625584 -1.665339008 -0.430689650

3.562797647
0.908645805 1.235586194 -0.873859836 -1.270601721 2.431342048 -1.361187145 0.273115428
-5.127313650 -6.540171958 19.691372252 5.156108273 -100.000000000 -100.000000000 -100.000000000
44.276669515 149.855588540 -482.224475855 88.333928316 500.000000000 -500.000000000 -500.000000000
0.807052893 1.133599870 -1.506049107 -1.244824750 -2.008675693 -1.665308824 -0.430817358

3.563806767
0.900388885 1.241365427 -0.884791615 -1.219762205 2.731567592 -1.777853812 -0.143551239
-1.981660862 1.387016093 -2.623627106 12.201483981 72.054130477 -100.000000000 -100.000000000
92.386981832 120.604806820 -457.046372190 -100.544468357 500.000000000 500.000000000 500.000000000
0.807098102 1.133552054 -1.506079904 -1.245000611 -2.008726158 -1.665278423 -0.430946048

3.564807778
0.919561741 1.259710632 -0.975294244 -1.221516621 3.148234258 -1.361187145 0.273115428
4.601485513 4.402849075 -21.720630768 -0.421059818 100.000000000 100.000000000 100.000000000
30.304138972 -38.521659172 -9.656286731 -246.553520266 -500.000000000 500.000000000 500.000000000
0.807144352 1.133503020 -1.506111481 -1.245180914 -2.008777910 -1.665247246 -0.431078086

3.565819556
0.919561741 1.259710632 -0.975294244 -1.221516621 3.148234258 -1.361187145 0.273115428
4.601485513 4.402849075 -21.720630768 -0.421059818 100.000000000 100.000000000 100.000000000
30.304138972 -38.521659172 -9.656286731 -246.553520266 -500.000000000 500.000000000 500.000000000
0.807144352 1.133503020 -1.506111481 -1.245180914 -2.008777910 -1.665247246 -0.431078086

3.566848573
0.919561741 1.259710632 -0.975294244 -1.221516621 3.148234258 -1.361187145 0.273115428
4.601485513 4.402849075 -21.720630768 -0.421059818 100.000000000 100.000000000 100.000000000
30.304138972 -38.521659172 -9.656286731 -246.553520266 -500.000000000 500.000000000 500.000000000
0.807144352 1.133503020 -1.506111481 -1.245180914 -2.008777910 -1.665247246 -0.431078086

3.567807917
0.919561741 1.259710632 -0.975294244 -1.221516621 3.148234258 -1.361187145 0.273115428
4.601485513 4.402849075 -21.720630768 -0.421059818 100.000000000 100.000000000 100.000000000
-103.276074161 -100.672839248 381.334049317 6.072797307 -500.000000000 -500.000000000 -500.000000000
0.807251465 1.133388993 -1.506184905 -1.245600048 -2.008898256 -1.665174739 -0.431385422

3.568969148
0.932443834 1.249973257 -0.976802924 -1.268552946 2.918401062 -0.944520479 0.689782095
3.091702329 -2.336969851 -0.362083197 -11.288718222 -55.159967256 100.000000000 100.000000000
-74.350696818 35.078207070 -45.698313519 228.059499555 500.000000000 -500.000000000 -500.000000000
0.807277332 1.133361358 -1.506202698 -1.245701595 -2.008927422 -1.665157166 -0.431459967

3.569804110
0.923345098 1.230702504 -0.929811386 -1.263127072 2.501734395 -1.361187145 0.273115428
-2.183696690 -4.624980845 11.277969083 1.302209865 -100.000000000 -100.000000000 -100.000000000
32.071733536 82.760602673 -283.201668261 -24.319650511 500.000000000 500.000000000 500.000000000
0.807323095 1.133312362 -1.506234252 -1.245881604 -2.008979131 -1.665126018 -0.431592200

3.570922831
0.923235481 1.245180423 -0.996801244 -1.219804039 3.180379818 -1.361187145 0.273115428
2.458363957 2.790621618 -14.969828104 -0.433707283 100.000000000 100.000000000 100.000000000
39.132572901 -23.712125389 -35.030156661 -219.437038981 -500.000000000 500.000000000 500.000000000
0.807411873 1.133216975 -1.506295662 -1.246231933 -2.009079800 -1.665065362 -0.431849828

3.571763267
0.928925725 1.228903416 -0.972383644 -1.263041585 2.945824705 -0.944520479 0.689782095
1.365658495 -3.906481665 5.860223879 -10.377010975 -56.293227199 100.000000000 100.000000000
39.132572901 -23.712125389 -35.030156661 -219.437038981 -500.000000000 500.000000000 500.000000000
0.807411873 1.133216975 -1.506295662 -1.246231933 -2.009079800 -1.665065362 -0.431849828

3.572911373
0.916056787 1.207374406 -0.915147843 -1.255401383 2.529158038 -1.361187145 0.273115428
-3.088544961 -5.166962487 13.736592243 1.833648509 -100.000000000 -100.000000000 -100.000000000
-39.458570919 68.554533406 -170.599835073 209.197482698 500.000000000 -500.000000000 -500.000000000
0.807498896 1.133123018 -1.506356146 -1.246576866 -2.009178961 -1.665005613 -0.432103872

3.573807765
0.906296853 1.212183611 -0.924737176 -1.210592665 2.806065697 -1.777853812 -0.143551239
-2.342384316 1.154209322 -2.301439944 10.754092211 66.457838167 -100.000000000 -100.000000000
50.915110125 95.914110985 -333.852675107 -35.790518436 500.000000000 500.000000000 500.000000000
0.807542898 1.133075337 -1.506386838 -1.246751856 -2.009229283 -1.664975291 -0.432232900

3.574928060
0.918990191 1.226707182 -0.997286038 -1.214434381 3.222732364 -1.361187145 0.273115428
3.046401096 3.485656948 -17.411726781 -0.922011656 100.000000000 100.000000000 100.000000000
36.972290804 -30.995013922 -12.136167321 -218.697763293 -500.000000000 500.000000000 500.000000000
0.807586650 1.133027802 -1.506417440 -1.246926269 -2.009279448 -1.664945067 -0.432361606

3.575820291
0.925814055 1.212270488 -0.977990132 -1.258348237 2.986124371 -0.944520479 0.689782095
1.637727405 -3.464806493 4.631017330 -10.539325594 -56.785918179 100.000000000 100.000000000
-72.068375993 -79.081076958 297.321395466 15.191044276 -500.000000000 -500.000000000 -500.000000000
0.807586650 1.133027802 -1.506417440 -1.246926269 -2.009279448 -1.664945067 -0.432361606

3.576784760
0.912824193 1.191482446 -0.922200056 -1.250640047 2.569457705 -1.361187145 0.273115428
-3.117566781 -4.989130102 13.389618349 1.849965581 -100.000000000 -100.000000000 -100.000000000
-72.068375993 -79.081076958 297.321395466 15.191044276 -500.000000000 -500.000000000 -500.000000000
0.807652368 1.132956190 -1.506463529 -1.247188958 -2.009355024 -1.664899524 -0.432555627

3.577764079
0.902509422 1.196924860 -0.932722962 -1.206151990 2.845691510 -1.777853812 -0.143551239
-2.475545187 1.306179346 -2.525497421 10.677133824 66.296113153 -100.000000000 -100.000000000
51.836313729 93.927616210 -326.220233171 -36.662858550 500.000000000 500.000000000 500.000000000
0.807718501 1.132883851 -1.506510085 -1.247454224 -2.009431367 -1.664853520 -0.432751783

3.578899281
0.914382776 1.211680543 -1.004217211 -1.210643543 3.262358176 -1.361187145 0.273115428
2.849605038 3.541363795 -17.158619684 -1.077972899 100.000000000 100.000000000 100.000000000
40.031811721 -32.527687800 -6.868763848 -217.672899963 -500.000000000 500.000000000 500.000000000
0.807764824 1.132833012 -1.506542806 -1.247640600 -2.009485018 -1.664821193 -0.432889742

3.579800302
0.920153173 1.196849628 -0.981530655 -1.253606087 3.023542986 -0.944520479 0.689782095
1.384895436 -3.559419388 5.444773455 -10.311010455 -57.315645593 100.000000000 100.000000000
-67.653895898 -78.712028960 292.939834163 17.859752334 -500.000000000 -500.000000000 -500.000000000
0.807804240 1.132789649 -1.506570711 -1.247799534 -2.009530781 -1.664793616 -0.433007475

3.580801242
0.906304084 1.176096624 -0.924408276 -1.245259779 2.606876320 -1.361187145 0.273115428
-3.323781450 -4.980721051 13.709370799 2.003113932 -100.000000000 -100.000000000 -100.000000000
-38.932802018 64.782389787 -161.399474736 206.800864411 500.000000000 -500.000000000 -500.000000000
0.807847338 1.132742117 -1.506601301 -1.247973710 -2.009580941 -1.664763392 -0.433136597

3.583609214
0.906304084 1.176096624 -0.924408276 -1.245259779 2.606876320 -1.361187145 0.273115428
-3.323781450 -4.980721051 13.709370799 2.003113932 -100.000000000 -100.000000000 -100.000000000
-38.932802018 64.782389787 -161.399474736 206.800864411 500.000000000 -500.000000000 -500.000000000
0.807847338 1.132742117 -1.506601301 -1.247973710 -2.009580941 -1.664763392 -0.433136597

3.583872695
0.896061263 1.182624556 -0.937489615 -1.201277477 2.886739693 -1.777853812 -0.143551239
-2.458277072 1.566703673 -3.139521395 10.555752363 67.167209498 -100.000000000 -100.000000000
56.629954350 95.278970329 -332.406718420 -40.333671723 500.000000000 500.000000000 500.000000000
0.807847338 1.132742117 -1.506601301 -1.247973710 -2.009580941 -1.664763392 -0.433136597

3.585091358
0.897578175 1.256319129 -1.147476898 -1.089360176 3.303406359 -1.777853812 -0.353347782
1.379480383 8.995718878 -27.862083651 9.025828241 0.000000000 100.000000000 49.648829501
40.344148907 -36.322317345 5.879259371 -215.784670503 -500.000000000 500.000000000 500.000000000
0.808018585 1.132552065 -1.506723580 -1.248669767 -2.009781505 -1.664642523 -0.433653573

3.585864655
0.897578175 1.256319129 -1.147476898 -1.089360176 3.303406359 -1.777853812 -0.353347782
1.379480383 8.995718878 -27.862083651 9.025828241 0.000000000 100.000000000 49.648829501
11.923339404 -182.443704966 403.166218757 -368.840716940 -500.000000000 500.000000000 500.000000000
0.808018585 1.132552065 -1.506723580 -1.248669767 -2.009781505 -1.664642523 -0.433653573

3.586752274
0.893987802 1.201235600 -1.006752620 -1.170994738 2.470073026 -0.944520479 0.479985551
-0.459419976 -11.223273767 30.011735773 -17.135421612 -100.000000000 100.000000000 100.000000000
-0.738698530 28.385995886 -112.737082312 34.212808021 500.000000000 -500.000000000 -500.000000000
0.808104950 1.132455477 -1.506785713 -1.249023284 -2.009883434 -1.664581091 -0.433916742

3.587800584
0.888286185 1.182657111 -0.966396663 -1.192101112 2.886739693 -1.361187145 0.063318884
-1.368387987 -4.458837437 9.685429773 -5.065529815 100.000000000 -100.000000000 -100.000000000
0.600114307 217.587463007 -500.000000000 334.905577602 500.000000000 -500.000000000 -500.000000000
0.808145811 1.132409595 -1.506815230 -1.249191158 -2.009931851 -1.664551914 -0.434041863

3.588812173
0.888286185 1.182657111 -0.966396663 -1.192101112 2.886739693 -1.361187145 0.063318884
-1.368387987 -4.458837437 9.685429773 -5.065529815 100.000000000 -100.000000000 -100.000000000
19.353722305 84.151997197 -247.750452224 95.601591684 -500.000000000 500.000000000 500.000000000
0.808192632 1.132356885 -1.506849135 -1.249383974 -2.009987474 -1.664518391 -0.434185684

3.603836449
0.929370759 1.137481422 -1.133084331 -1.460898788 2.721446520 -0.944520479 0.718460179
-1.163887492 0.616697850 -6.789741502 -1.819940125 100.000000000 -100.000000000 -100.000000000
25.132173915 83.350006753 -144.153507848 257.971714559 241.929902231 -500.000000000 -500.000000000
0.808763151 1.131701868 -1.507270293 -1.251776140 -2.010678664 -1.664101782 -0.435980273

3.604919301
0.909929067 1.154532478 -1.202908896 -1.418354822 2.829428661 -0.944520479 0.718460179
-2.979645343 -1.184852923 0.558562259 2.026170212 -74.084286161 100.000000000 100.000000000
22.373721970 -108.324290966 316.122274984 -146.205250526 -500.000000000 500.000000000 500.000000000
0.808846855 1.131603691 -1.507333385 -1.252134066 -2.010782260 -1.664039331 -0.436250430

3.605861940
0.909929067 1.154532478 -1.202908896 -1.418354822 2.829428661 -0.944520479 0.718460179
-2.979645343 -1.184852923 0.558562259 2.026170212 -74.084286161 100.000000000 100.000000000
22.373721970 -108.324290966 316.122274984 -146.205250526 -500.000000000 500.000000000 500.000000000
0.808846855 1.131603691 -1.507333385 -1.252134066 -2.010782260 -1.664039331 -0.436250430

3.606847494
0.876329829 1.108202939 -1.101761098 -1.435519782 2.829428661 -0.944520479 0.718460179
-4.270099886 -3.823992422 7.738136983 2.595654812 100.000000000 -100.000000000 -100.000000000
67.351545948 146.643139514 -368.083261454 153.704776300 500.000000000 -500.000000000 -500.000000000
0.808926879 1.131509300 -1.507394040 -1.252478031 -2.010881858 -1.663979291 -0.436510466

3.607800782
0.867560638 1.126353475 -1.159339736 -1.394904099 3.246095328 -1.361187145 0.301793512
-2.104606019 4.356128822 -13.818873110 9.747763866 100.000000000 -100.000000000 -100.000000000
78.661702670 78.810484558 -195.326033837 -33.608921210 -500.000000000 500.000000000 500.000000000
0.808967842 1.131460776 -1.507425223 -1.252654798 -2.010933058 -1.663948431 -0.436644262

3.608833706
0.859612328 1.124637087 -1.163533098 -1.383308209 2.961346514 -0.944520479 0.718460179
-1.907594350 -0.411933210 -1.006406780 2.783013614 -68.339715359 100.000000000 100.000000000
36.232840779 -86.611846432 241.568913486 -180.730347218 -500.000000000 500.000000000 500.000000000
0.809009148 1.131411708 -1.507456750 -1.252833503 -2.010984831 -1.663917221 -0.436779628

3.609875065
0.859612328 1.124637087 -1.163533098 -1.383308209 2.961346514 -0.944520479 0.718460179
-1.907594350 -0.411933210 -1.006406780 2.783013614 -68.339715359 100.000000000 100.000000000
33.091569000 8.916126308 -14.264229643 -42.612801744 500.000000000 -500.000000000 -500.000000000
0.809009148 1.131411708 -1.507456750 -1.252833503 -2.010984831 -1.663917221 -0.436779628

3.611144031
0.836428980 1.085472546 -1.077397825 -1.397455719 2.961346514 -0.944520479 0.718460179
-2.834175751 -2.695314922 4.961442846 2.684295430 100.000000000 -100.000000000 -100.000000000
50.679449078 137.547471516 -355.163507998 137.149536226 500.000000000 -500.000000000 -500.000000000
0.809086080 1.131319941 -1.507515707 -1.253167611 -2.011081658 -1.663858850 -0.437033002

3.611758776
0.835724895 1.109930399 -1.154329737 -1.359985241 3.378013180 -1.361187145 0.301793512
-0.168980369 5.869884549 -18.463659076 8.992914687 100.000000000 -100.000000000 -100.000000000
53.949225087 58.491037909 -142.240645126 -39.257097758 -500.000000000 500.000000000 500.000000000
0.809130069 1.131267246 -1.507549558 -1.253359400 -2.011137258 -1.663825331 -0.437178619

3.612797879
0.832639832 1.110762362 -1.166129860 -1.347619344 3.081029679 -0.944520479 0.718460179
-0.740415049 0.199671208 -2.832029291 2.967815327 -71.276040349 100.000000000 100.000000000
0.720124819 -115.264006257 333.951199517 -169.195709646 -500.000000000 500.000000000 500.000000000
0.809164539 1.131225835 -1.507576159 -1.253510084 -2.011180952 -1.663798993 -0.437293117

3.613800321
0.822924814 1.080145776 -1.091290258 -1.368705078 2.664363012 -0.527853812 1.135126845
-2.331604378 -7.347980710 17.961504352 -5.060576118 -100.000000000 100.000000000 100.000000000
12.460771693 -1.947076808 22.495955880 -49.945380566 500.000000000 -500.000000000 -500.000000000
0.809203991 1.131178322 -1.507606674 -1.253682941 -2.011231085 -1.663768765 -0.437424552

3.614754206
0.812729292 1.068152322 -1.067182191 -1.355643332 3.081029679 -0.944520479 0.718460179
-2.446925328 -2.878428823 5.785936176 3.134819052 100.000000000 -100.000000000 -100.000000000
45.260005252 152.062868783 -400.861728613 112.713736015 500.000000000 -500.000000000 -500.000000000
0.809243885 1.131130127 -1.507637632 -1.253858236 -2.011281935 -1.663738113 -0.437557955

3.615803986
0.810822749 1.085803004 -1.123431864 -1.314187954 3.081029679 -1.361187145 0.555855577
-0.457570281 4.236163511 -13.499921676 9.949290619 0.000000000 -100.000000000 -39.025104499
48.589965856 63.866356920 -159.764267664 -52.517871443 -500.000000000 500.000000000 500.000000000
0.809282607 1.131083221 -1.507667754 -1.254028806 -2.011331427 -1.663708274 -0.437687856

3.616805176
0.810267155 1.083246264 -1.127259734 -1.308259778 2.664363012 -0.944520479 0.972522243
-0.133342519 -0.613617516 -0.918688802 1.422762324 -100.000000000 100.000000000 100.000000000
8.997391435 -80.195248504 231.574844535 -192.969897529 -500.000000000 500.000000000 500.000000000
0.809320394 1.131037320 -1.507697228 -1.254195682 -2.011379857 -1.663679073 -0.437815040

3.617816026
0.808510159 1.059232714 -1.075474895 -1.348014123 2.247696346 -0.527853812 1.389188910
-0.421679080 -5.763252049 12.428361502 -9.541042853 -100.000000000 100.000000000 100.000000000
2.572174320 17.051455967 -19.669973336 -23.048836846 500.000000000 -500.000000000 -500.000000000
0.809359086 1.130990181 -1.507727502 -1.254367027 -2.011429594 -1.663649090 -0.437945739

3.618812177
0.802676596 1.047073455 -1.051673698 -1.342827938 2.664363012 -0.944520479 0.972522243
-1.400055058 -2.918222159 5.712287224 1.244684449 100.000000000 -100.000000000 -100.000000000
8.518474335 122.440787666 -291.792490744 200.185566656 500.000000000 -500.000000000 -500.000000000
0.809397673 1.130943032 -1.507757780 -1.254538365 -2.011479339 -1.663619103 -0.438076534

3.619971168
0.802824405 1.065590156 -1.110505549 -1.297057881 3.081029679 -1.361187145 0.555855577
0.035474080 4.444008242 -14.119644136 10.984813729 100.000000000 -100.000000000 -100.000000000
28.673208839 66.751400891 -159.854152707 -16.064731698 -500.000000000 500.000000000 500.000000000
0.809397673 1.130943032 -1.507757780 -1.254538365 -2.011479339 -1.663619103 -0.438076534

3.621464369
0.802824405 1.065590156 -1.110505549 -1.297057881 3.081029679 -1.361187145 0.555855577
0.035474080 4.444008242 -14.119644136 10.984813729 100.000000000 -100.000000000 -100.000000000
28.673208839 66.751400891 -159.854152707 -16.064731698 -500.000000000 500.000000000 500.000000000
0.809397673 1.130943032 -1.507757780 -1.254538365 -2.011479339 -1.663619103 -0.438076534

3.622092086
0.802824405 1.065590156 -1.110505549 -1.297057881 3.081029679 -1.361187145 0.555855577
0.035474080 4.444008242 -14.119644136 10.984813729 100.000000000 -100.000000000 -100.000000000
28.673208839 66.751400891 -159.854152707 -16.064731698 -500.000000000 500.000000000 500.000000000
0.809514433 1.130799541 -1.507849909 -1.255059580 -2.011630733 -1.663527829 -0.438475032

3.622809143
0.802581153 1.136369898 -1.316291922 -1.175692669 2.664363012 -1.361187145 0.664614836
-0.139055493 6.088554882 -19.244314621 10.667885461 -100.000000000 100.000000000 100.000000000
-0.052154786 -82.344877216 242.667659556 -215.444323029 -500.000000000 500.000000000 500.000000000
0.809550845 1.130754531 -1.507878803 -1.255222998 -2.011678221 -1.663499198 -0.438600169

3.623867171
0.803859633 1.125276442 -1.300909513 -1.194779693 2.247696346 -0.944520479 1.081281503
0.306835033 -2.662429246 3.691778031 -4.580885825 -100.000000000 100.000000000 100.000000000
3.478079070 -122.332634286 365.727604329 -221.310742104 500.000000000 -500.000000000 -500.000000000
0.809588911 1.130707350 -1.507909085 -1.255394265 -2.011728002 -1.663469181 -0.438731409

3.624945738
0.803859633 1.125276442 -1.300909513 -1.194779693 2.247696346 -0.944520479 1.081281503
0.306835033 -2.662429246 3.691778031 -4.580885825 -100.000000000 100.000000000 100.000000000
-5.563772849 53.791675660 -94.535517753 85.556259349 500.000000000 -500.000000000 -500.000000000
0.809588911 1.130707350 -1.507909085 -1.255394265 -2.011728002 -1.663469181 -0.438731409

3.625810432
0.793914828 1.115633519 -1.289933948 -1.168477957 2.664363012 -1.361187145 0.664614836
-2.386753124 -2.314301546 2.634135710 6.312416705 100.000000000 -100.000000000 -100.000000000
49.307963881 47.786579926 -74.484614386 -134.964765495 -500.000000000 500.000000000 500.000000000
0.809664297 1.130613480 -1.507969340 -1.255734897 -2.011827039 -1.663409474 -0.438992755

3.626802726
0.772434391 1.124603417 -1.344501056 -1.090587057 3.019933754 -1.361187145 0.664614836
-1.503443604 -1.806139790 1.408076232 4.165041111 -14.663022073 100.000000000 100.000000000
76.133781716 -79.329858062 274.323512901 -305.354850067 -500.000000000 500.000000000 500.000000000
0.809702042 1.130566279 -1.507999629 -1.255906121 -2.011876839 -1.663379446 -0.439124271

3.627801432
0.773908614 1.080808220 -1.232071600 -1.123701031 2.603267087 -0.944520479 1.081281503
0.353813556 -10.510847402 26.983069468 -7.947353856 -100.000000000 100.000000000 100.000000000
33.795637201 36.719081941 -44.511381995 -99.832728626 -209.920617787 -500.000000000 -500.000000000
0.809740342 1.130518235 -1.508030462 -1.256080363 -2.011927527 -1.663348885 -0.439258216

3.628767510
0.762639495 1.042807894 -1.128554312 -1.117648370 2.308223261 -1.361187145 0.664614836
-2.704588578 -9.120078146 24.844149023 1.452638714 -70.810518301 -100.000000000 -100.000000000
-3.493098317 215.187949530 -500.000000000 145.709143972 500.000000000 -500.000000000 -500.000000000
0.809776925 1.130472208 -1.508059998 -1.256247252 -2.011976087 -1.663319607 -0.439386608

3.629797865
0.755200179 1.043830130 -1.135433999 -1.073051790 2.724889927 -1.777853812 0.247948170
-1.785435899 0.245336593 -1.651124920 10.703179196 100.000000000 -100.000000000 -100.000000000
58.805514535 191.167994287 -500.000000000 -42.912662492 500.000000000 500.000000000 500.000000000
0.809814523 1.130424758 -1.508090447 -1.256419264 -2.012026147 -1.663289427 -0.439519048

3.630755890
0.778755650 1.068790037 -1.254085679 -1.087128848 3.141556594 -1.361187145 0.664614836
5.653313242 5.990377682 -28.476403152 -3.378494030 100.000000000 100.000000000 100.000000000
41.170152467 3.752730905 -4.243146421 -232.400331321 -500.000000000 500.000000000 500.000000000
0.809851654 1.130377763 -1.508120600 -1.256589587 -2.012075728 -1.663259532 -0.439650285

3.631798967
0.804638206 1.064188027 -1.272020995 -1.151436607 2.893866602 -0.944520479 1.081281503
6.211813443 -1.104482451 -4.304475786 -15.433862136 -59.445598004 100.000000000 100.000000000
-109.956664504 -113.648781079 500.000000000 50.623806702 -500.000000000 -500.000000000 -500.000000000
0.809888516 1.130330960 -1.508150630 -1.256759173 -2.012125104 -1.663229764 -0.439781063

3.632765686
0.803394416 1.039436105 -1.211025091 -1.151878250 2.477199936 -1.361187145 0.664614836
-0.298509655 -5.940461248 14.639017023 -0.105994183 -100.000000000 -100.000000000 -100.000000000
-123.711237901 28.703942383 62.476552188 298.144986162 500.000000000 -500.000000000 -500.000000000
0.809888516 1.130330960 -1.508150630 -1.256759173 -2.012125104 -1.663229764 -0.439781063

3.633806604
0.788408481 1.034508812 -1.192633323 -1.102962444 2.742293468 -1.777853812 0.247948170
-3.596624465 -1.182550360 4.414024113 11.739793349 63.622447694 -100.000000000 -100.000000000
6.623285033 127.894022509 -322.495901620 -8.385191843 500.000000000 500.000000000 500.000000000
0.809962192 1.130237005 -1.508210902 -1.257099506 -2.012224229 -1.663169996 -0.440043808

3.634807458
0.796571936 1.047338389 -1.254415637 -1.104741719 3.158960134 -1.361187145 0.664614836
1.959229227 3.079098497 -14.827755236 -0.427025905 100.000000000 100.000000000 100.000000000
74.087860422 33.223826507 -119.838240103 -250.209573234 -500.000000000 500.000000000 500.000000000
0.809998775 1.130190142 -1.508240959 -1.257269200 -2.012273670 -1.663140183 -0.440174966

3.635797908
0.812674624 1.034229738 -1.235378056 -1.156049164 2.919361399 -0.944520479 1.081281503
3.864645116 -3.146076138 4.569019425 -12.313786984 -57.503696574 100.000000000 100.000000000
-37.841900685 -53.296794647 271.172572508 -6.712230029 -500.000000000 -500.000000000 -500.000000000
0.810035293 1.130143206 -1.508271070 -1.257439118 -2.012323185 -1.663110333 -0.440306413

3.636798850
0.807813423 1.009465435 -1.168045857 -1.152221165 2.502694732 -1.361187145 0.664614836
-1.166688290 -5.943432768 16.159727858 0.918719816 -100.000000000 -100.000000000 -100.000000000
-77.556835456 72.512869519 -118.669689882 236.136744356 500.000000000 -500.000000000 -500.000000000
0.810035293 1.130143206 -1.508271070 -1.257439118 -2.012323185 -1.663110333 -0.440306413

3.640010181
0.796268969 1.011394345 -1.167268770 -1.106127207 2.788522052 -1.777853812 0.247948170
-2.770668942 0.462938402 0.186500735 11.062550042 68.598556707 -100.000000000 -100.000000000
23.555952768 130.936432427 -357.217078489 -28.896191562 500.000000000 500.000000000 500.000000000
0.810035293 1.130143206 -1.508271070 -1.257439118 -2.012323185 -1.663110333 -0.440306413

3.654801376
0.864410120 0.908003591 -0.420394790 -1.130460890 2.338008461 -1.777853812 -0.168718497
13.920420164 5.895349746 -22.244310793 4.635678447 1.689246934 100.000000000 100.000000000
-438.369458498 -149.739203700 500.000000000 -316.289444772 -500.000000000 53.194627075 500.000000000
0.810706606 1.129253112 -1.508841579 -1.260654205 -2.013262175 -1.662544153 -0.442813030

3.655772657
0.863642728 0.908622801 -0.341408755 -1.146577064 1.921341794 -1.403127672 0.247948170
-0.184174144 0.148610445 18.956648370 -3.867881756 -100.000000000 89.934273614 100.000000000
-283.778754631 -95.782042822 336.041536968 -105.732900501 -468.912002193 -500.000000000 -500.000000000
0.810740915 1.129206117 -1.508871679 -1.260823570 -2.013311748 -1.662514261 -0.442946119

3.656825433
0.813434196 0.908236121 -0.134234123 -1.133137568 1.504675127 -1.819794338 -0.168718497
-12.050047526 -0.092803213 49.721911681 3.225478982 -100.000000000 -100.000000000 -100.000000000
-1.606698377 19.086122673 -495.879259787 65.932984537 500.000000000 -500.000000000 -500.000000000
0.810774726 1.129159645 -1.508901445 -1.260991012 -2.013360770 -1.662484705 -0.443077806

3.657849536
0.795900434 0.929469009 -0.022402681 -1.092662885 1.550911547 -2.236461005 -0.585385164
-4.208103006 5.095892953 26.839546177 9.713923971 11.096740817 -100.000000000 -100.000000000
240.735003531 23.948416622 -500.000000000 -77.294924001 500.000000000 500.000000000 500.000000000
0.810809333 1.129111921 -1.508932008 -1.261162923 -2.013411111 -1.662454352 -0.443213113

3.658946075
0.841054077 0.945622019 -0.088820860 -1.074006021 1.967578214 -1.819794338 -0.168718497
10.836874276 3.876722404 -15.940363120 4.477647369 100.000000000 100.000000000 100.000000000
85.652950035 -81.953567781 -500.000000000 -211.128483247 -500.000000000 500.000000000 500.000000000
0.810842255 1.129066376 -1.508961169 -1.261326952 -2.013459156 -1.662425379 -0.443342311

3.661410963
0.841054077 0.945622019 -0.088820860 -1.074006021 1.967578214 -1.819794338 -0.168718497
10.836874276 3.876722404 -15.940363120 4.477647369 100.000000000 100.000000000 100.000000000
85.652950035 -81.953567781 -500.000000000 -211.128483247 -500.000000000 500.000000000 500.000000000
0.810842255 1.129066376 -1.508961169 -1.261326952 -2.013459156 -1.662425379 -0.443342311

3.661783518
0.841054077 0.945622019 -0.088820860 -1.074006021 1.967578214 -1.819794338 -0.168718497
10.836874276 3.876722404 -15.940363120 4.477647369 100.000000000 100.000000000 100.000000000
-219.758667627 -59.190012357 176.793231507 -108.285040490 -500.000000000 -500.000000000 -500.000000000
0.810943106 1.128925892 -1.509051118 -1.261832661 -2.013607344 -1.662336029 -0.443741287

3.663796886
0.903437996 0.948433444 -0.199474692 -1.118246241 1.965835610 -1.403127672 0.247948170
14.972140630 0.674742154 -26.556919722 -10.617652814 -0.418225014 100.000000000 100.000000000
-308.692301607 4.554401662 400.180751916 197.994414248 -389.579795098 -500.000000000 -500.000000000
0.810975909 1.128879887 -1.509080568 -1.261998192 -2.013655872 -1.662306769 -0.443872086

3.664991799
0.924306397 0.958142668 -0.184680568 -1.133152462 1.549168943 -1.819794338 -0.168718497
5.008416359 2.330213666 3.550589836 -3.577492980 -100.000000000 -100.000000000 -100.000000000
-111.497362001 -29.536201369 -203.455412764 58.644962237 500.000000000 500.000000000 500.000000000
0.811016049 1.128823387 -1.509116729 -1.262201435 -2.013715470 -1.662270830 -0.444032818

3.665760870
0.905972756 0.967835574 -0.064782422 -1.143061504 1.132502276 -2.236461005 -0.585385164
-4.400073821 2.326297476 28.775555182 -2.378170231 -100.000000000 -100.000000000 -100.000000000
-111.497362001 -29.536201369 -203.455412764 58.644962237 500.000000000 500.000000000 500.000000000
0.811073373 1.128742274 -1.509168646 -1.262493119 -2.013801030 -1.662219243 -0.444263778

3.666800752
0.824438080 1.003415017 0.285554479 -1.144651171 1.141045561 -1.819794338 -0.582711294
-4.622781440 4.501241098 27.590237645 -0.680427172 100.000000000 100.000000000 100.000000000
295.648189775 -66.348260101 -500.000000000 -18.045848535 500.000000000 57.424176263 500.000000000
0.811107570 1.128693657 -1.509199757 -1.262667891 -2.013852312 -1.662188320 -0.444402313

3.667800416
0.854883126 1.013182132 0.249538451 -1.149906803 1.557712227 -1.403127672 -0.166044627
7.306811175 2.344107683 -8.643846558 -1.261351598 100.000000000 100.000000000 100.000000000
91.122577862 -77.496957957 -500.000000000 1.806871468 -500.000000000 -500.000000000 -500.000000000
0.811140099 1.128647242 -1.509229460 -1.262834707 -2.013901270 -1.662158801 -0.444534654

3.668801040
0.885291645 1.034747532 0.231465209 -1.137420966 1.532974368 -1.819794338 -0.582711294
7.298044382 5.175696012 -4.337578223 2.996600822 -5.937086133 -100.000000000 -100.000000000
-150.510526263 -35.335642723 -2.999860006 13.934241479 -500.000000000 -500.000000000 -500.000000000
0.811172519 1.128600820 -1.509259165 -1.263001511 -2.013950236 -1.662129279 -0.444667089

3.669799932
0.889984112 1.069537793 0.294159832 -1.110157104 1.116307702 -2.236461005 -0.999377961
1.126192291 8.349662588 15.046709555 6.543326878 -100.000000000 -100.000000000 -100.000000000
-153.372800239 -94.128591495 -87.320872940 -72.490070915 -235.950737786 500.000000000 500.000000000
0.811205304 1.128553719 -1.509289295 -1.263170713 -2.013999919 -1.662099317 -0.444801527

3.670786170
0.889984112 1.069537793 0.294159832 -1.110157104 1.116307702 -2.236461005 -0.999377961
1.126192291 8.349662588 15.046709555 6.543326878 -100.000000000 -100.000000000 -100.000000000
-30.401726610 -161.091659167 -481.279103824 -146.167898457 500.000000000 500.000000000 500.000000000
0.811237444 1.128507375 -1.509318943 -1.263337158 -2.014048801 -1.662069843 -0.444933886

3.671806299
0.958753757 1.093005986 0.191004064 -1.110769331 1.243066416 -1.403127672 -0.166044627
13.675593372 0.135564728 -30.906915288 -0.262749699 100.000000000 100.000000000 100.000000000
-65.635892532 -106.329408250 -305.900799547 -17.682564762 500.000000000 -500.000000000 -500.000000000
0.811269539 1.128460928 -1.509348658 -1.263503935 -2.014097792 -1.662040306 -0.445066618

3.672806352
1.026267255 1.103813196 0.041707666 -1.082038331 1.659733082 -1.819794338 -0.582711294
16.203239700 2.593730264 -35.831135317 6.895440019 100.000000000 -100.000000000 -100.000000000
-288.260289239 0.834199667 448.103033637 -10.018466439 -500.000000000 -500.000000000 -500.000000000
0.811301748 1.128414148 -1.509378584 -1.263671872 -2.014147135 -1.662010558 -0.445200381

3.673806085
1.041075345 1.128892998 0.041116481 -1.047220098 1.351461621 -2.236461005 -0.999377961
3.553941529 6.019152494 -0.141884619 8.356375979 -73.985150717 -100.000000000 -100.000000000
-345.561344792 -49.414510068 500.000000000 -156.072154468 -500.000000000 500.000000000 500.000000000
0.811333413 1.128368005 -1.509408091 -1.263837480 -2.014195806 -1.661981208 -0.445332383

3.674806961
1.022928264 1.141818593 0.129519823 -1.054367472 0.934794954 -1.819794338 -0.582711294
-4.355299579 3.102143016 21.216802227 -1.715369801 -100.000000000 100.000000000 100.000000000
-94.053023771 -120.435549107 -152.214764805 -188.789257813 500.000000000 500.000000000 500.000000000
0.811365339 1.128321306 -1.509437958 -1.264005047 -2.014245062 -1.661951509 -0.445466061

3.675815274
1.037734885 1.141267637 0.096465962 -1.073662627 1.242837225 -1.403127672 -0.166044627
3.553589166 -0.132229513 -7.932926668 -4.630837236 73.930144909 100.000000000 100.000000000
65.949699171 -63.392589067 -500.000000000 13.343638523 500.000000000 -500.000000000 -500.000000000
0.811396855 1.128275046 -1.509467539 -1.264171001 -2.014293856 -1.661922088 -0.445598554

3.676806844
1.074878343 1.149500755 0.006784144 -1.052085010 1.659503891 -1.819794338 -0.582711294
8.914429856 1.975948244 -21.523636420 5.178628096 100.000000000 -100.000000000 -100.000000000
-93.705586369 1.345331140 -1.934816765 73.565907372 -500.000000000 -500.000000000 -500.000000000
0.811428398 1.128228567 -1.509497263 -1.264337698 -2.014342878 -1.661892533 -0.445731755

3.677814534
1.085138054 1.169705565 -0.001787687 -1.013843102 1.401080968 -2.236461005 -0.999377961
2.462330660 4.849154385 -2.057239299 9.178057938 -62.021501728 -100.000000000 -100.000000000
-204.633591612 -41.646183620 278.844587741 -124.797830664 -500.000000000 500.000000000 500.000000000
0.811460471 1.128181137 -1.509527591 -1.264507770 -2.014392905 -1.661862372 -0.445867759

3.680348159
1.085138054 1.169705565 -0.001787687 -1.013843102 1.401080968 -2.236461005 -0.999377961
2.462330660 4.849154385 -2.057239299 9.178057938 -62.021501728 -100.000000000 -100.000000000
-204.633591612 -41.646183620 278.844587741 -124.797830664 -500.000000000 500.000000000 500.000000000
0.811460471 1.128181137 -1.509527591 -1.264507770 -2.014392905 -1.661862372 -0.445867759

3.680812136
1.075425873 1.177326295 0.046012501 -1.016534523 0.984414301 -1.819794338 -0.582711294
-2.330923322 1.828975371 11.472045135 -0.645941060 -100.000000000 100.000000000 100.000000000
-76.614371515 -101.135530447 -109.629204448 -208.627625516 500.000000000 500.000000000 500.000000000
0.811554367 1.128041265 -1.509617006 -1.265009079 -2.014540434 -1.661773421 -0.446269284

3.681842619
1.075425873 1.177326295 0.046012501 -1.016534523 0.984414301 -1.819794338 -0.582711294
-2.330923322 1.828975371 11.472045135 -0.645941060 -100.000000000 100.000000000 100.000000000
20.231315836 -41.508010448 -385.003853386 -11.928634439 500.000000000 -500.000000000 -500.000000000
0.811554367 1.128041265 -1.509617006 -1.265009079 -2.014540434 -1.661773421 -0.446269284

3.682810152
1.135243913 1.179097593 -0.138288851 -1.010599155 1.708242709 -1.819794338 -0.582711294
9.085886670 1.570176244 -27.219517226 5.409545294 100.000000000 -100.000000000 -100.000000000
-133.988559373 18.444704812 191.778539012 56.495491506 -500.000000000 -500.000000000 -500.000000000
0.811589014 1.127989257 -1.509650247 -1.265195389 -2.014595288 -1.661740348 -0.446418757

3.683851120
1.135243913 1.179097593 -0.138288851 -1.010599155 1.708242709 -1.819794338 -0.582711294
9.085886670 1.570176244 -27.219517226 5.409545294 100.000000000 -100.000000000 -100.000000000
-214.079545083 -36.519902789 407.250661927 -133.670385856 -500.000000000 500.000000000 500.000000000
0.811647744 1.127900597 -1.509706909 -1.265512890 -2.014688800 -1.661683968 -0.446673793

3.684760799
1.106279189 1.210760786 -0.039279125 -0.921663267 1.011812911 -2.236461005 -1.414138476
-7.021025006 4.039007029 23.904754398 11.963366371 -97.428090575 -0.000000000 -99.542523748
-33.778395988 -77.806287006 -134.234060250 -217.025159071 500.000000000 500.000000000 500.000000000
0.811675970 1.127857766 -1.509734274 -1.265666220 -2.014733975 -1.661656728 -0.446797091

3.685756413
1.114442871 1.218478249 -0.066780126 -0.896215766 1.428479578 -1.819794338 -0.997471810
1.959283680 1.852191168 -6.600240329 6.107400204 100.000000000 100.000000000 100.000000000
110.960178265 -89.070442604 -500.000000000 -273.667622735 500.000000000 57.480427716 500.000000000
0.811706374 1.127811455 -1.509763865 -1.265831972 -2.014782820 -1.661627279 -0.446930486

3.686761009
1.164336766 1.216993901 -0.255418066 -0.908399720 1.845146245 -1.403127672 -0.580805143
11.974534799 -0.356243622 -45.273105707 -2.924148854 100.000000000 100.000000000 100.000000000
-69.459323227 -46.110502819 -12.293567292 -159.109624669 -500.000000000 -500.000000000 -500.000000000
0.811737037 1.127764561 -1.509793830 -1.265999769 -2.014832277 -1.661597466 -0.447065645

3.687844643
1.183268719 1.222045443 -0.325845596 -0.913692200 1.747369913 -1.819794338 -0.997471810
4.543668726 1.212370039 -16.902607131 -1.270195290 -23.466319558 -100.000000000 -100.000000000
-274.750668804 -1.798061544 500.000000000 22.722972144 -500.000000000 -500.000000000 -500.000000000
0.811770685 1.127712904 -1.509826831 -1.266184564 -2.014886759 -1.661564618 -0.447214614

3.688761044
1.183268719 1.222045443 -0.325845596 -0.913692200 1.747369913 -1.819794338 -0.997471810
4.543668726 1.212370039 -16.902607131 -1.270195290 -23.466319558 -100.000000000 -100.000000000
-128.023177882 -33.680654618 219.654019149 -9.845330571 93.100723983 500.000000000 500.000000000
0.811797196 1.127672056 -1.509852921 -1.266330663 -2.014929843 -1.661538640 -0.447332476

3.704891424
1.136116249 1.237188747 -0.307137468 -0.915362530 1.831622203 -1.812905207 -1.411970750
5.821473394 1.225458415 -28.677135087 3.787358358 100.000000000 -99.531281673 -100.000000000
-38.057556416 47.039004650 55.915755969 121.903316455 -500.000000000 -500.000000000 -500.000000000
0.812261329 1.126932758 -1.510324815 -1.268969577 -2.015709537 -1.661068597 -0.449475996

3.705865022
1.209665881 1.295515279 -0.724870185 -0.815501414 1.840831222 -2.229571874 -2.245096696
5.532686035 7.560646141 -41.845011949 12.522098054 -97.789835387 0.000000000 -99.950226870
-279.819684584 -142.462416813 500.000000000 -269.020671923 -500.000000000 500.000000000 500.000000000
0.812289029 1.126887080 -1.510353949 -1.269132299 -2.015757709 -1.661039559 -0.449609083

3.706948099
1.208593054 1.293509120 -0.767123737 -0.830942138 1.424164555 -1.812905207 -1.828430029
-0.257478464 -0.481478188 -10.140852515 -3.705773709 -100.000000000 100.000000000 100.000000000
-279.819684584 -142.462416813 500.000000000 -269.020671923 -500.000000000 500.000000000 500.000000000
0.812316774 1.126841139 -1.510383248 -1.269295919 -2.015806158 -1.661010354 -0.449743010

3.707863212
1.208593054 1.293509120 -0.767123737 -0.830942138 1.424164555 -1.812905207 -1.828430029
-0.257478464 -0.481478188 -10.140852515 -3.705773709 -100.000000000 100.000000000 100.000000000
-150.391405925 -168.075742811 500.000000000 -295.805049566 500.000000000 56.853231439 500.000000000
0.812316774 1.126841139 -1.510383248 -1.269295919 -2.015806158 -1.661010354 -0.449743010

3.708851766
1.209726488 1.280694323 -0.812008544 -0.875288793 1.635411683 -1.396238540 -1.411763362
0.272023953 -3.075551383 -10.772353716 -10.643197223 50.699310760 100.000000000 100.000000000
-34.478058745 -7.037234406 128.491099216 30.280096103 500.000000000 -500.000000000 -500.000000000
0.812344446 1.126795125 -1.510412591 -1.269459759 -2.015854683 -1.660981104 -0.449877227

3.709842450
1.188470516 1.252018742 -0.822142735 -0.912184411 1.996903234 -1.396238540 -1.411763362
-2.476195145 -6.488414374 7.096470165 -12.642487126 -13.242027815 100.000000000 100.000000000
13.863159150 -7.355969226 124.700462596 -116.762394639 -500.000000000 500.000000000 500.000000000
0.812399445 1.126703089 -1.510471275 -1.269787353 -2.015951742 -1.660922602 -0.450145919

3.710753580
1.176996677 1.204125982 -0.739876470 -1.023083658 1.580236568 -0.979571874 -0.995096696
-2.753721425 -11.494262436 19.743903664 -26.615819232 -100.000000000 100.000000000 100.000000000
11.916795731 117.236722159 -210.762257298 217.089448263 -136.444941276 -500.000000000 -500.000000000
0.812426779 1.126657055 -1.510500623 -1.269951151 -2.016000288 -1.660893341 -0.450280430

3.711832025
1.146566566 1.167884070 -0.641196113 -1.072625045 1.341555871 -1.396238540 -1.411763362
-7.303226619 -8.698058809 23.683285563 -11.889932969 -57.283367127 -100.000000000 -100.000000000
18.617438722 222.138355954 -471.940488656 500.000000000 500.000000000 -500.000000000 -500.000000000
0.812454110 1.126610833 -1.510530086 -1.270115576 -2.016049032 -1.660863959 -0.450415561

3.712753661
1.122931809 1.164070075 -0.617524423 -1.051476398 1.758222538 -1.812905207 -1.828430029
-5.672341637 -0.915358823 5.681205595 5.075675343 100.000000000 -100.000000000 -100.000000000
112.653286715 169.833852444 -500.000000000 218.049606322 500.000000000 500.000000000 500.000000000
0.812480971 1.126565210 -1.510559165 -1.270277834 -2.016097144 -1.660834958 -0.450549020

3.713804932
1.142984431 1.181839408 -0.758472973 -1.049020738 2.174889205 -1.396238540 -1.411763362
4.812629232 4.264639770 -33.827651969 0.589358342 100.000000000 100.000000000 100.000000000
112.653286715 169.833852444 -500.000000000 218.049606322 500.000000000 500.000000000 500.000000000
0.812507885 1.126519301 -1.510588422 -1.270441069 -2.016145558 -1.660805776 -0.450683391

3.714832086
1.142984431 1.181839408 -0.758472973 -1.049020738 2.174889205 -1.396238540 -1.411763362
4.812629232 4.264639770 -33.827651969 0.589358342 100.000000000 100.000000000 100.000000000
82.401748915 14.556689879 -202.927586044 -123.393650460 -500.000000000 500.000000000 500.000000000
0.812507885 1.126519301 -1.510588422 -1.270441069 -2.016145558 -1.660805776 -0.450683391

3.715825027
1.142984431 1.181839408 -0.758472973 -1.049020738 2.174889205 -1.396238540 -1.411763362
4.812629232 4.264639770 -33.827651969 0.589358342 100.000000000 100.000000000 100.000000000
82.401748915 14.556689879 -202.927586044 -123.393650460 -500.000000000 500.000000000 500.000000000
0.812507885 1.126519301 -1.510588422 -1.270441069 -2.016145558 -1.660805776 -0.450683391

3.717018740
1.142984431 1.181839408 -0.758472973 -1.049020738 2.174889205 -1.396238540 -1.411763362
4.812629232 4.264639770 -33.827651969 0.589358342 100.000000000 100.000000000 100.000000000
82.401748915 14.556689879 -202.927586044 -123.393650460 -500.000000000 500.000000000 500.000000000
0.812507885 1.126519301 -1.510588422 -1.270441069 -2.016145558 -1.660805776 -0.450683391

3.717837814
1.236883566 1.210875778 -1.147331915 -1.382943811 1.161634634 -0.146238540 -0.161763362
8.880007564 4.203483575 -35.331785181 -34.110078403 -100.000000000 100.000000000 100.000000000
-220.029658499 -92.519191797 500.000000000 500.000000000 500.000000000 -500.000000000 -500.000000000
0.812588493 1.126380575 -1.510676822 -1.270934091 -2.016291849 -1.660717605 -0.451089910

3.718817422
1.213782936 1.169115370 -1.081647651 -1.614400157 1.161634634 -0.979571874 -0.995096696
-5.994087732 -6.342913051 14.983453454 -23.128004647 100.000000000 -100.000000000 -100.000000000
-220.029658499 -92.519191797 500.000000000 500.000000000 500.000000000 -500.000000000 -500.000000000
0.812641305 1.126288681 -1.510735361 -1.271260481 -2.016388754 -1.660659200 -0.451359579

3.719980673
1.213782936 1.169115370 -1.081647651 -1.614400157 1.161634634 -0.979571874 -0.995096696
-5.994087732 -6.342913051 14.983453454 -23.128004647 100.000000000 -100.000000000 -100.000000000
-220.029658499 -92.519191797 500.000000000 500.000000000 500.000000000 -500.000000000 -500.000000000
0.812641305 1.126288681 -1.510735361 -1.271260481 -2.016388754 -1.660659200 -0.451359579

3.720894676
1.155317929 1.128023385 -0.944161658 -1.648768033 1.578301301 -1.396238540 -1.411763362
-14.031601875 -9.862076517 32.996638493 -8.248290159 100.000000000 -100.000000000 -100.000000000
246.367349572 197.062849148 -500.000000000 202.698057368 -500.000000000 500.000000000 500.000000000
0.812671049 1.126236573 -1.510768547 -1.271445491 -2.016443704 -1.660626078 -0.451512626

3.721871510
1.103143031 1.107635883 -0.866250552 -1.703332259 1.402851256 -0.979571874 -0.995096696
-12.521975320 -4.893000430 18.698665342 -13.095414325 -42.108010869 100.000000000 100.000000000
246.367349572 197.062849148 -500.000000000 202.698057368 -500.000000000 500.000000000 500.000000000
0.812698391 1.126188417 -1.510799221 -1.271616423 -2.016494484 -1.660595478 -0.451654168

3.722838810
1.071610373 1.111396212 -0.873735330 -1.777123884 0.986184589 -0.562905207 -0.578430029
-7.567837959 0.902478994 -1.796346713 -17.709989977 -100.000000000 100.000000000 100.000000000
221.397454490 99.710995400 -438.430890802 305.064729255 500.000000000 -500.000000000 -500.000000000
0.812745171 1.126105511 -1.510852013 -1.271910601 -2.016581909 -1.660542789 -0.451898036

3.723803764
1.034360153 1.121218379 -0.862533425 -1.809206857 1.402851256 -0.979571874 -0.995096696
-8.940052958 2.357320143 2.688457246 -7.699913621 100.000000000 -100.000000000 -100.000000000
125.470238959 -16.578649974 -27.784734094 404.721127876 500.000000000 -500.000000000 -500.000000000
0.812770583 1.126060185 -1.510880873 -1.272071379 -2.016629705 -1.660513985 -0.452031471

3.724804434
0.985959359 1.130783061 -0.826627625 -1.789443591 1.819517922 -1.396238540 -1.411763362
-11.616190478 2.295523705 8.617391891 4.743183977 100.000000000 -100.000000000 -100.000000000
156.642102228 -46.662222274 -118.603889710 207.711820271 -500.000000000 500.000000000 500.000000000
0.812796086 1.126014486 -1.510909968 -1.272233442 -2.016677894 -1.660484946 -0.452166085

3.725802938
0.949411742 1.145853513 -0.825541180 -1.803005345 1.613560043 -0.979571874 -0.995096696
-8.771428053 3.616908462 0.260746947 -3.254820949 -49.429891039 100.000000000 100.000000000
215.007482232 -46.387331623 -240.776072122 -43.142664619 -500.000000000 500.000000000 500.000000000
0.812821529 1.125968699 -1.510939110 -1.272395778 -2.016726177 -1.660455845 -0.452301025

3.726803442
0.929653636 1.170846683 -0.875783403 -1.847644600 1.196893376 -0.562905207 -0.578430029
-4.741945525 5.998360843 -12.058133534 -10.713421216 -100.000000000 100.000000000 100.000000000
161.769539727 -74.326650646 -73.754732011 118.157375643 500.000000000 -500.000000000 -500.000000000
0.812847160 1.125922345 -1.510968617 -1.272560087 -2.016775056 -1.660426391 -0.452437727

3.727804036
0.896880333 1.189359669 -0.878909932 -1.853729717 1.613560043 -0.979571874 -0.995096696
-7.865592644 4.443116595 -0.750367133 -1.460428080 100.000000000 -100.000000000 -100.000000000
83.158262874 -124.459650727 177.644149302 271.776875564 500.000000000 -500.000000000 -500.000000000
0.812872235 1.125876791 -1.510997607 -1.272721520 -2.016823092 -1.660397441 -0.452572142

3.728803489
0.852275408 1.201712245 -0.850654700 -1.812889788 2.030226710 -1.396238540 -1.411763362
-10.705181929 2.964618101 6.781255783 9.801582932 100.000000000 -100.000000000 -100.000000000
148.911043040 -95.210619779 -48.201424835 87.309381242 -500.000000000 500.000000000 500.000000000
0.812897363 1.125830926 -1.511026793 -1.272884016 -2.016871456 -1.660368296 -0.452707553

3.729874907
0.815378624 1.214413330 -0.838042669 -1.811102937 1.814311782 -0.979571874 -0.995096696
-8.855228161 3.048260454 3.026887459 0.428844148 -51.819582543 100.000000000 100.000000000
210.165834008 -66.880493933 -201.662324945 -142.031081462 -500.000000000 500.000000000 500.000000000
0.812922207 1.125785344 -1.511055803 -1.273045467 -2.016919518 -1.660339340 -0.452842215

3.730797523
0.815378624 1.214413330 -0.838042669 -1.811102937 1.814311782 -0.979571874 -0.995096696
-8.855228161 3.048260454 3.026887459 0.428844148 -51.819582543 100.000000000 100.000000000
176.858921501 -69.828007624 -127.839062588 45.228864106 500.000000000 -500.000000000 -500.000000000
0.812947217 1.125739271 -1.511085112 -1.273208624 -2.016968103 -1.660310059 -0.452978395

3.732673933
0.760825196 1.247318230 -0.855876683 -1.844282469 1.814311782 -0.979571874 -0.995096696
-7.554949371 3.299840840 1.815324311 0.735532172 100.000000000 -100.000000000 -100.000000000
176.858921501 -69.828007624 -127.839062588 45.228864106 500.000000000 -500.000000000 -500.000000000
0.812947217 1.125739271 -1.511085112 -1.273208624 -2.016968103 -1.660310059 -0.452978395

3.732909629
0.760825196 1.247318230 -0.855876683 -1.844282469 1.814311782 -0.979571874 -0.995096696
-7.554949371 3.299840840 1.815324311 0.735532172 100.000000000 -100.000000000 -100.000000000
112.821774102 -102.729666952 57.145298437 231.386253548 500.000000000 -500.000000000 -500.000000000
0.812975082 1.125687662 -1.511117943 -1.273391335 -2.017022522 -1.660277267 -0.453131036

3.734036725
0.760825196 1.247318230 -0.855876683 -1.844282469 1.814311782 -0.979571874 -0.995096696
-7.554949371 3.299840840 1.815324311 0.735532172 100.000000000 -100.000000000 -100.000000000
112.821774102 -102.729666952 57.145298437 231.386253548 500.000000000 -500.000000000 -500.000000000
0.812975082 1.125687662 -1.511117943 -1.273391335 -2.017022522 -1.660277267 -0.453131036

3.734984972
0.723485609 1.259768378 -0.837123456 -1.796147326 2.230978449 -1.396238540 -1.411763362
-8.961500826 2.988035495 4.500774690 11.552434495 100.000000000 -100.000000000 -100.000000000
156.320045649 -78.171214408 -101.837825969 42.338337648 -500.000000000 500.000000000 500.000000000
0.813044841 1.125557222 -1.511200906 -1.273852912 -2.017160065 -1.660194388 -0.453517281

3.735935400
0.692180229 1.270199589 -0.824214078 -1.788896204 2.013590421 -0.979571874 -0.995096696
-7.513291341 2.503490626 3.098250588 1.740269257 -52.173126800 100.000000000 100.000000000
188.185939639 -73.181825542 -157.423238874 -178.819248560 -500.000000000 500.000000000 500.000000000
0.813069258 1.125511124 -1.511230224 -1.274015959 -2.017208671 -1.660165104 -0.453653940

3.736869606
0.671070128 1.283159932 -0.834520177 -1.823026916 1.596923754 -0.562905207 -0.578430029
-5.066424135 3.110482246 -2.473463679 -8.191370967 -100.000000000 100.000000000 100.000000000
162.354729737 -64.538659055 -130.666626329 16.682639382 500.000000000 -500.000000000 -500.000000000
0.813093344 1.125465429 -1.511259281 -1.274177540 -2.017256853 -1.660136075 -0.453789483

3.753825602
0.443389923 1.352186696 -0.746106299 -1.474843095 2.194075744 -1.812905207 -1.828430029
-4.125631618 1.159769504 1.580344265 9.767711140 23.930373995 -100.000000000 -100.000000000
119.513783488 -45.928094800 -108.160671571 -175.501506827 -500.000000000 500.000000000 500.000000000
0.813479471 1.124699266 -1.511745966 -1.276880925 -2.018064684 -1.659649423 -0.456073883

3.755073559
0.446005166 1.363212049 -0.792897388 -1.465376409 2.610742410 -1.396238540 -1.411763362
0.627658225 2.646084783 -11.229861416 2.272004587 100.000000000 100.000000000 100.000000000
119.522111981 -45.945224594 -108.171545266 -175.561849101 -500.000000000 500.000000000 500.000000000
0.813484719 1.124688351 -1.511752899 -1.276919358 -2.018076191 -1.659642498 -0.456106601

3.756281258
0.447511460 1.359492466 -0.803533826 -1.506677658 2.432013184 -0.979571874 -0.995096696
0.361510662 -0.892699788 -2.552745111 -9.912299675 -42.895014397 100.000000000 100.000000000
24.196817312 -76.778286482 152.708998813 -26.609247178 -500.000000000 -500.000000000 -500.000000000
0.813504984 1.124646141 -1.511779684 -1.277067963 -2.018120695 -1.659615692 -0.456233126

3.756934334
0.433079847 1.350483011 -0.776114039 -1.506918846 2.025064482 -1.396238540 -1.411763362
-3.463587203 -2.162269343 6.580748962 -0.057885267 -97.667688332 -100.000000000 -100.000000000
29.372141424 -5.636931212 -19.773677412 221.184809024 412.880263731 -500.000000000 -500.000000000
0.813535007 1.124583197 -1.511819623 -1.277289502 -2.018187058 -1.659575724 -0.456421934

3.757810687
0.415246185 1.351232549 -0.763088579 -1.469646261 2.161669554 -1.812905207 -1.828430029
-4.280078735 0.179889195 3.126110323 8.945420410 32.785217203 -100.000000000 -100.000000000
107.319332248 20.651034424 -205.188310146 24.105259775 500.000000000 500.000000000 500.000000000
0.813569373 1.124510569 -1.511865691 -1.277545032 -2.018263633 -1.659529601 -0.456639970

3.758818820
0.418196468 1.360240449 -0.808019500 -1.461842621 2.578336221 -1.396238540 -1.411763362
0.708067828 2.161895961 -10.783420837 1.872873659 100.000000000 100.000000000 100.000000000
125.433893442 -26.269981915 -137.399917651 -159.698285284 -500.000000000 500.000000000 500.000000000
0.813590698 1.124465148 -1.511894506 -1.277704786 -2.018311520 -1.659500765 -0.456776444

3.759790426
0.421357538 1.355811491 -0.821094211 -1.504838730 2.401351399 -0.979571874 -0.995096696
0.758656932 -1.062949967 -3.137930762 -10.319066094 -42.476357328 100.000000000 100.000000000
25.378066440 -66.815449314 145.280916128 -19.043689655 -500.000000000 -500.000000000 -500.000000000
0.813611848 1.124419856 -1.511923231 -1.277864049 -2.018359272 -1.659472008 -0.456912606

3.760758585
0.408382524 1.345781235 -0.794852180 -1.506639184 1.996061202 -1.396238540 -1.411763362
-3.114003455 -2.407261487 6.298087492 -0.432108928 -97.269647220 -100.000000000 -100.000000000
24.052292288 -1.880164120 -6.324286796 229.078789930 407.556079537 -500.000000000 -500.000000000
0.813633636 1.124372929 -1.511952991 -1.278029021 -2.018408747 -1.659442213 -0.457053768

3.761798893
0.391044406 1.344882985 -0.780480665 -1.470244685 2.127811752 -1.812905207 -1.828430029
-4.161148415 -0.215579878 3.449163611 8.734679751 31.620132126 -100.000000000 -100.000000000
102.805180274 26.004399151 -197.671830921 31.503194829 500.000000000 500.000000000 500.000000000
0.813653849 1.124329150 -1.511980747 -1.278182887 -2.018454905 -1.659414415 -0.457185533

3.762807862
0.394451557 1.352953544 -0.824896687 -1.462144286 2.544478419 -1.396238540 -1.411763362
0.817716275 1.936934016 -10.659845343 1.944095773 100.000000000 100.000000000 100.000000000
125.483912659 -17.743785990 -142.133280440 -155.487415280 -500.000000000 500.000000000 500.000000000
0.813674604 1.124283941 -1.512009408 -1.278341738 -2.018502568 -1.659385712 -0.457321680

3.763806839
0.398829927 1.348273351 -0.839988336 -1.505355007 2.368433922 -0.979571874 -0.995096696
1.050808768 -1.123246283 -3.621995819 -10.370573090 -42.250679397 100.000000000 100.000000000
25.567979192 -61.605640536 144.485634803 -20.501660714 -500.000000000 -500.000000000 -500.000000000
0.813695213 1.124238764 -1.512038053 -1.278500440 -2.018550196 -1.659357037 -0.457457825

3.764808824
0.386826453 1.337338659 -0.813929241 -1.507831044 1.963740033 -1.396238540 -1.411763362
-2.880833671 -2.624326068 6.254182876 -0.594248896 -97.126533289 -100.000000000 -100.000000000
20.470353305 0.061467040 5.234944732 230.096918512 406.315176153 -500.000000000 -500.000000000
0.813715935 1.124193111 -1.512066985 -1.278660777 -2.018598330 -1.659328048 -0.457595469

3.765777336
0.369656888 1.334847512 -0.797362714 -1.471805756 2.093569269 -1.812905207 -1.828430029
-4.120695695 -0.597875257 3.975966568 8.646069140 31.159016569 -100.000000000 -100.000000000
100.305621657 31.171966572 -194.897431884 34.802004590 500.000000000 500.000000000 500.000000000
0.813715935 1.124193111 -1.512066985 -1.278660777 -2.018598330 -1.659328048 -0.457595469

3.766817093
0.373362264 1.342115597 -0.840826089 -1.463095207 2.510235935 -1.396238540 -1.411763362
0.889290438 1.744340549 -10.431210171 2.090531617 100.000000000 100.000000000 100.000000000
126.822407912 -9.113681947 -150.993401294 -153.627062597 -500.000000000 500.000000000 500.000000000
0.813741828 1.124135641 -1.512103413 -1.278862554 -2.018658917 -1.659291572 -0.457768875

3.767809514
0.378921666 1.337428432 -0.857965083 -1.506303050 2.335415130 -0.979571874 -0.995096696
1.334256361 -1.124919759 -4.113358461 -10.369882142 -41.956993269 100.000000000 100.000000000
26.254377415 -56.689788382 141.493314446 -23.404853133 -500.000000000 -500.000000000 -500.000000000
0.813776596 1.124057812 -1.512152729 -1.279135714 -2.018740971 -1.659242166 -0.458003905

3.768806775
0.367917153 1.325866487 -0.832243721 -1.509375756 1.931746536 -1.396238540 -1.411763362
-2.641083004 -2.774866660 6.173126843 -0.737449648 -96.880462526 -100.000000000 -100.000000000
16.800365737 1.161333195 16.848404598 230.114376424 403.724255278 -500.000000000 -500.000000000
0.813796528 1.124012820 -1.512181236 -1.279293570 -2.018788404 -1.659213609 -0.458139887

3.771926591
0.350962422 1.322001235 -0.813533978 -1.473737511 2.058697867 -1.812905207 -1.828430029
-4.069135530 -0.927660515 4.490338272 8.553179009 30.468319468 -100.000000000 -100.000000000
97.409597537 35.311966462 -191.456288378 37.757211576 500.000000000 500.000000000 500.000000000
0.813816410 1.123967687 -1.512209824 -1.279451883 -2.018835987 -1.659184959 -0.458276366

3.772814137
0.374182583 1.342994002 -0.939998706 -1.496322567 2.892031201 -0.979571874 -0.995096696
4.603128418 3.442865372 -20.141390778 -7.658938513 100.000000000 100.000000000 100.000000000
26.491593165 -52.386269354 138.583062993 -26.310386059 -500.000000000 -500.000000000 -500.000000000
0.813860842 1.123865787 -1.512274365 -1.279809172 -2.018943414 -1.659120285 -0.458584817

3.773792710
0.374182583 1.342994002 -0.939998706 -1.496322567 2.892031201 -0.979571874 -0.995096696
4.603128418 3.442865372 -20.141390778 -7.658938513 100.000000000 100.000000000 100.000000000
-48.093166415 -90.773776233 345.597940284 174.817326194 -500.000000000 -500.000000000 -500.000000000
0.813876602 1.123829314 -1.512297458 -1.279937007 -2.018981866 -1.659097132 -0.458695314

3.774823414
0.366557395 1.359101078 -1.009374086 -1.450485457 2.785257404 -1.812905207 -1.828430029
-2.866320608 1.296947327 -4.767823672 10.166189538 -69.912189186 -100.000000000 -100.000000000
22.813916107 -74.365999614 185.363761372 4.581690168 -500.000000000 500.000000000 500.000000000
0.813914962 1.123739727 -1.512354182 -1.280250897 -2.019076312 -1.659040279 -0.458966967

3.775834034
0.349350252 1.340413849 -0.969388914 -1.439187514 2.368590737 -1.396238540 -1.411763362
-4.129714262 -4.484934737 9.596441421 2.711506251 -100.000000000 100.000000000 100.000000000
102.062168894 -49.475081604 45.058463910 -186.300334769 500.000000000 500.000000000 500.000000000
0.813933973 1.123694927 -1.512382538 -1.280407808 -2.019123543 -1.659011845 -0.459102925

3.776806945
0.347790611 1.327918716 -0.972477311 -1.474002470 2.400293064 -0.979571874 -0.995096696
-0.374313806 -2.998832080 -0.741215308 -8.355589452 7.608558451 100.000000000 100.000000000
129.052657293 68.026802474 -246.228190830 -38.352154358 500.000000000 -500.000000000 -500.000000000
0.813952535 1.123650885 -1.512410417 -1.280562024 -2.019169973 -1.658983900 -0.459236671

3.777798473
0.351249004 1.334694985 -1.026197581 -1.469456831 2.816959731 -1.396238540 -1.411763362
0.830014321 1.626304502 -12.892864825 1.090953502 100.000000000 -100.000000000 -100.000000000
54.102468529 39.549858502 -39.169004440 186.455833730 -500.000000000 -500.000000000 -500.000000000
0.813971433 1.123605787 -1.512438954 -1.280719897 -2.019217516 -1.658955278 -0.459373692

3.778801402
0.345064655 1.345084954 -1.071819655 -1.429154982 2.742492987 -1.812905207 -1.828430029
-1.484243825 2.493592699 -10.949297731 9.672443810 -17.872018429 -100.000000000 -100.000000000
29.671956493 -53.635009775 209.233159178 -2.945376669 -500.000000000 500.000000000 500.000000000
0.813989598 1.123562146 -1.512466571 -1.280872632 -2.019263523 -1.658927588 -0.459506372

3.779798870
0.329036703 1.357548076 -1.106477340 -1.354698463 2.325826320 -2.229571874 -2.245096696
-3.846708403 2.991149144 -8.317844497 17.869564451 -100.000000000 -100.000000000 -100.000000000
76.577370751 -72.024134738 174.921263001 -178.620641248 -118.735282380 500.000000000 500.000000000
0.814008754 1.123515821 -1.512495883 -1.281034723 -2.019312359 -1.658898196 -0.459647297

3.781059625
0.319149358 1.358980862 -1.128709077 -1.319267333 2.110958118 -1.812905207 -1.828430029
-2.372962931 0.343868670 -5.335616819 8.503471122 -51.568368652 100.000000000 100.000000000
125.431373166 -83.226208302 125.755035651 -350.024914973 500.000000000 500.000000000 500.000000000
0.814026865 1.123471760 -1.512523754 -1.281188856 -2.019358810 -1.658870233 -0.459781407

3.782038000
0.319149358 1.358980862 -1.128709077 -1.319267333 2.110958118 -1.812905207 -1.828430029
-2.372962931 0.343868670 -5.335616819 8.503471122 -51.568368652 100.000000000 100.000000000
96.947009317 -30.428283601 68.330868703 -166.261574655 500.000000000 -500.000000000 -500.000000000
0.814045365 1.123426430 -1.512552429 -1.281347384 -2.019406596 -1.658841475 -0.459919469

3.782808031
0.326526089 1.365008751 -1.192763166 -1.330373450 2.527624784 -1.396238540 -1.411763362
1.770415600 1.446693355 -15.372981370 -2.665467956 100.000000000 100.000000000 100.000000000
96.947009317 -30.428283601 68.330868703 -166.261574655 500.000000000 -500.000000000 -500.000000000
0.814063728 1.123381138 -1.512581076 -1.281505739 -2.019454342 -1.658812741 -0.460057495

3.783800855
0.330721816 1.384525419 -1.289140809 -1.320145163 2.944291451 -1.812905207 -1.828430029
1.006974379 4.684000431 -23.130634283 2.454788982 100.000000000 -100.000000000 -100.000000000
28.194703618 -119.794436703 440.268658941 -45.231837296 -500.000000000 500.000000000 500.000000000
0.814082253 1.123335160 -1.512610147 -1.281666454 -2.019502813 -1.658783564 -0.460197687

3.784798224
0.332930471 1.420968785 -1.472174072 -1.320021712 3.360958118 -1.812905207 -1.895122460
-0.196823998 -0.673137928 -9.091441406 -2.048356916 0.000000000 100.000000000 83.993816548
33.495145017 -218.434749304 500.000000000 -38.577658113 -500.000000000 500.000000000 500.000000000
0.814099567 1.123291880 -1.512637514 -1.281817702 -2.019548439 -1.658756107 -0.460329741

3.785797277
0.334809518 1.374695924 -1.400330646 -1.341650371 2.944291451 -1.396238540 -1.478455793
0.450971240 -11.105486630 17.242422248 -5.190878110 -100.000000000 100.000000000 100.000000000
52.053389558 -16.304931936 177.782483900 44.787539301 -500.000000000 -500.000000000 -500.000000000
0.814117327 1.123247176 -1.512665780 -1.281973884 -2.019595564 -1.658727751 -0.460466221

3.786797474
0.324266113 1.325326052 -1.317347142 -1.327082715 2.527624784 -1.812905207 -1.895122460
-2.530417165 -11.848769138 19.916041062 3.496237241 -100.000000000 -100.000000000 -100.000000000
38.911356137 196.964857863 -356.081958401 109.785210875 500.000000000 -500.000000000 -500.000000000
0.814135086 1.123202173 -1.512694232 -1.282131074 -2.019643005 -1.658699204 -0.460603697

3.787798198
0.311493820 1.307391082 -1.309910380 -1.292866001 2.589885327 -2.229571874 -2.311789127
-3.065350208 -4.304392797 1.784822680 8.212011465 14.942530178 -100.000000000 -100.000000000
99.595240663 216.762994804 -417.855530282 -65.429580667 500.000000000 500.000000000 500.000000000
0.814152633 1.123157423 -1.512722514 -1.282287339 -2.019690179 -1.658670814 -0.460740469

3.788798211
0.311493820 1.307391082 -1.309910380 -1.292866001 2.589885327 -2.229571874 -2.311789127
-3.065350208 -4.304392797 1.784822680 8.212011465 14.942530178 -100.000000000 -100.000000000
111.572885387 67.664490018 -55.977666918 -163.182363119 -500.000000000 500.000000000 500.000000000
0.814152633 1.123157423 -1.512722514 -1.282287339 -2.019690179 -1.658670814 -0.460740469

3.803765824
0.415751537 1.060133902 -1.251601536 -1.501935542 2.539925834 -0.979571874 -1.061789127
3.612962560 -3.067414367 -0.463570607 -9.877228460 -43.691702902 100.000000000 100.000000000
-3.911782152 -3.734611608 165.032889013 -12.390982783 -500.000000000 -500.000000000 -500.000000000
0.814417340 1.122439629 -1.513175706 -1.284788490 -2.020446830 -1.658215625 -0.462945605

3.804797601
0.416823418 1.037880104 -1.217612678 -1.499392305 2.131650965 -1.396238540 -1.478455793
0.257251518 -5.340911435 8.157326007 0.610376904 -97.985968475 -100.000000000 -100.000000000
-32.392670801 67.578860062 -16.886004764 219.259274420 417.796791692 -500.000000000 -500.000000000
0.814432077 1.122396957 -1.513202619 -1.284936857 -2.020491809 -1.658188577 -0.463077369

3.805806401
0.409861487 1.025556350 -1.199388087 -1.459926118 2.272102960 -1.812905207 -1.895122460
-1.670863491 -2.957700834 4.373901787 9.471884955 33.708478872 -100.000000000 -100.000000000
34.615835591 115.269914062 -192.705514252 9.238006749 500.000000000 500.000000000 500.000000000
0.814447628 1.122351602 -1.513231215 -1.285094519 -2.020539619 -1.658159822 -0.463217494

3.806797344
0.420085336 1.028675154 -1.239829802 -1.453066288 2.688769627 -1.396238540 -1.478455793
2.453723752 0.748512878 -9.706011583 1.646359233 100.000000000 100.000000000 100.000000000
73.875883911 68.833541817 -118.862348497 -171.954539254 -500.000000000 500.000000000 500.000000000
0.814463011 1.122306341 -1.513259752 -1.285251808 -2.020587326 -1.658131133 -0.463357419

3.807796833
0.436481764 1.017899673 -1.245090856 -1.494972343 2.507597843 -0.979571874 -1.061789127
3.935142888 -2.586115552 -1.262652901 -10.057453232 -43.481228092 100.000000000 100.000000000
-9.636707490 -5.607138828 166.777236666 -16.145736709 -500.000000000 -500.000000000 -500.000000000
0.814477557 1.122263210 -1.513286940 -1.285401663 -2.020632791 -1.658103792 -0.463490837

3.808766463
0.437981416 0.997024818 -1.210925822 -1.493265294 2.098854144 -1.396238540 -1.478455793
0.359916497 -5.009965226 8.199608045 0.409691702 -98.098487709 -100.000000000 -100.000000000
-40.903278453 62.158664765 -1.566550378 222.106132651 416.801498438 -500.000000000 -500.000000000
0.814493925 1.122214240 -1.513317809 -1.285571754 -2.020684408 -1.658072755 -0.463642417

3.809744140
0.430596906 0.985196581 -1.189479354 -1.453907709 2.236871160 -1.812905207 -1.895122460
-1.772282369 -2.838776714 5.147152407 9.445820354 33.124083738 -100.000000000 -100.000000000
30.452920941 112.718246772 -194.231359521 12.575519940 500.000000000 500.000000000 500.000000000
0.814508209 1.122171159 -1.513344956 -1.285721354 -2.020729819 -1.658045448 -0.463775843

3.810797181
0.441322079 0.989282075 -1.229725268 -1.446530560 2.653537827 -1.396238540 -1.478455793
2.574041433 0.980518560 -9.659019384 1.770515812 100.000000000 100.000000000 100.000000000
73.836777621 70.472992065 -135.329608356 -172.097771595 -500.000000000 500.000000000 500.000000000
0.814522638 1.122127266 -1.513372615 -1.285873734 -2.020776085 -1.658017631 -0.463911870

3.811796724
0.458960977 0.980412653 -1.238348992 -1.489254144 2.473631291 -0.979571874 -1.061789127
4.233335425 -2.128661336 -2.069693842 -10.253660065 -43.177568443 100.000000000 100.000000000
-14.160772821 -6.325852111 164.815652976 -19.344633633 -500.000000000 -500.000000000 -500.000000000
0.814537064 1.122083013 -1.513400497 -1.286027327 -2.020822730 -1.657989585 -0.464049095

3.812797307
0.460834333 0.960927976 -1.204322046 -1.488549369 2.065046324 -1.396238540 -1.478455793
0.449605478 -4.676322408 8.166467156 0.169145841 -98.060392173 -100.000000000 -100.000000000
-49.109099756 56.740262715 13.888726353 225.395882975 414.105966693 -500.000000000 -500.000000000
0.814551916 1.122037048 -1.513429456 -1.286186818 -2.020871179 -1.657960458 -0.464191719

3.813797866
0.452898359 0.949538675 -1.179690524 -1.449468260 2.199434815 -1.812905207 -1.895122460
-1.904633819 -2.733432199 5.911565260 9.379466225 32.253237725 -100.000000000 -100.000000000
-49.109099756 56.740262715 13.888726353 225.395882975 414.105966693 -500.000000000 -500.000000000
0.814551916 1.122037048 -1.513429456 -1.286186818 -2.020871179 -1.657960458 -0.464191719

3.815748888
0.452898359 0.949538675 -1.179690524 -1.449468260 2.199434815 -1.812905207 -1.895122460
-1.904633819 -2.733432199 5.911565260 9.379466225 32.253237725 -100.000000000 -100.000000000
-49.109099756 56.740262715 13.888726353 225.395882975 414.105966693 -500.000000000 -500.000000000
0.814551916 1.122037048 -1.513429456 -1.286186818 -2.020871179 -1.657960458 -0.464191719

3.816813537
0.452898359 0.949538675 -1.179690524 -1.449468260 2.199434815 -1.812905207 -1.895122460
-1.904633819 -2.733432199 5.911565260 9.379466225 32.253237725 -100.000000000 -100.000000000
74.262554253 71.904229324 -151.614173725 -171.310605298 -500.000000000 500.000000000 500.000000000
0.814607276 1.121862020 -1.513539675 -1.286793751 -2.021055666 -1.657849549 -0.464735604

3.817795017
0.438897455 0.954767948 -1.201957027 -1.326913935 2.986483750 -1.396238540 -1.478455793
1.092409310 -1.488517432 1.178875187 1.082058030 -11.108255482 100.000000000 100.000000000
45.037584187 -42.439894488 151.374566980 -193.932035730 -500.000000000 -500.000000000 -500.000000000
0.814621096 1.121817335 -1.513567809 -1.286948603 -2.021102764 -1.657821241 -0.464874673

3.818857500
0.432023254 0.943489526 -1.173662859 -1.293739959 2.569817083 -1.812905207 -1.895122460
-1.649808432 -2.706821366 6.790600425 7.961754293 -100.000000000 -100.000000000 -100.000000000
15.724177814 46.475287311 -54.738581905 -17.644627320 -278.593541801 -500.000000000 -500.000000000
0.814634808 1.121772626 -1.513595946 -1.287103500 -2.021149890 -1.657792911 -0.465013891

3.820010456
0.432023254 0.943489526 -1.173662859 -1.293739959 2.569817083 -1.812905207 -1.895122460
-1.649808432 -2.706821366 6.790600425 7.961754293 -100.000000000 -100.000000000 -100.000000000
15.724177814 46.475287311 -54.738581905 -17.644627320 -278.593541801 -500.000000000 -500.000000000
0.814634808 1.121772626 -1.513595946 -1.287103500 -2.021149890 -1.657792911 -0.465013891

3.820801999
0.429662715 0.943172798 -1.185537308 -1.233178393 2.569817083 -1.812905207 -1.895122460
2.832658144 1.859764516 -11.312562164 2.251949951 100.000000000 100.000000000 100.000000000
107.662877201 57.345045510 -206.776730534 -250.129501374 500.000000000 500.000000000 500.000000000
0.814652358 1.121689928 -1.513652468 -1.287388500 -2.021235884 -1.657745499 -0.465279316

3.821799334
0.466081386 0.961868212 -1.297306780 -1.282889848 2.986483750 -1.396238540 -1.478455793
8.740481004 4.486899192 -26.824673343 -11.930749374 100.000000000 100.000000000 100.000000000
-18.154198625 -19.343577321 193.439727332 -50.460009708 -500.000000000 -500.000000000 -500.000000000
0.814653655 1.121651794 -1.513682497 -1.287518625 -2.021274501 -1.657728051 -0.465408644

3.822799014
0.482140758 0.972232071 -1.356551359 -1.298095911 2.960219128 -1.812905207 -1.895122460
3.854249420 2.487326235 -14.218698755 -3.649455060 -6.303509195 -100.000000000 -100.000000000
-139.952393126 -73.759625633 500.000000000 238.152109784 -500.000000000 -500.000000000 -500.000000000
0.814654829 1.121613513 -1.513712639 -1.287649212 -2.021313267 -1.657710541 -0.465538558

3.823747078
0.472653389 0.964171619 -1.343061402 -1.266234942 2.543552462 -2.229571874 -2.311789127
-2.276968696 -1.934508440 3.237589511 7.646632620 -100.000000000 -100.000000000 -100.000000000
-43.833581307 -34.808380441 268.657847109 74.033771094 -372.083055653 500.000000000 500.000000000
0.814655907 1.121574490 -1.513743354 -1.287782297 -2.021352788 -1.657692688 -0.465671074

3.824811865
0.464418242 0.935412772 -1.277228923 -1.257840262 2.126885795 -1.812905207 -1.895122460
-1.976435356 -6.902123244 15.799795068 2.014723210 -100.000000000 100.000000000 100.000000000
79.739625691 54.430455887 -81.819985418 -155.087387868 500.000000000 500.000000000 500.000000000
0.814656803 1.121536774 -1.513773050 -1.287910886 -2.021390984 -1.657675451 -0.465799263

3.825805049
0.476701852 0.924637465 -1.290468760 -1.293458438 2.390239971 -1.396238540 -1.478455793
2.948066491 -2.586073803 -3.177560868 -8.548362304 63.205002216 100.000000000 100.000000000
74.552563242 156.654865013 -339.650314056 -43.301526642 500.000000000 -500.000000000 -500.000000000
0.814657598 1.121498078 -1.513803510 -1.288042777 -2.021430173 -1.657657767 -0.465930867

3.826815376
0.489955510 0.940874117 -1.375210636 -1.296944724 2.806906638 -1.812905207 -1.895122460
3.180877860 3.896796593 -20.338050280 -0.836708654 100.000000000 -100.000000000 -100.000000000
-25.165755182 71.407537372 41.217742340 171.508812230 -500.000000000 -500.000000000 -500.000000000
0.814658256 1.121460737 -1.513832892 -1.288170017 -2.021467993 -1.657640696 -0.466057938

3.827803764
0.487209471 0.953718646 -1.428605363 -1.269108694 2.570053803 -2.229571874 -2.311789127
-0.659049178 3.082686875 -12.814734401 6.680647119 -56.844680188 -100.000000000 -100.000000000
-31.147282595 -59.877269899 392.898779999 17.611643839 -500.000000000 500.000000000 500.000000000
0.814658783 1.121422662 -1.513862859 -1.288299720 -2.021506555 -1.657623306 -0.466187615

3.828803846
0.485050114 0.938261951 -1.409837173 -1.263039632 2.153387137 -1.812905207 -1.895122460
-0.518245735 -3.709606688 4.504365554 1.456575035 -100.000000000 100.000000000 100.000000000
45.925914750 -44.883335933 247.768938418 -135.532044905 500.000000000 500.000000000 500.000000000
0.814659186 1.121384444 -1.513892934 -1.288429872 -2.021545263 -1.657605856 -0.466317869

3.829804427
0.495003643 0.930190009 -1.432216393 -1.294555987 2.396088713 -1.396238540 -1.478455793
2.388846944 -1.937266251 -5.371012801 -7.563925164 58.248378337 100.000000000 100.000000000
43.325821850 92.504383033 -100.492887197 -31.670524725 500.000000000 -500.000000000 -500.000000000
0.814659463 1.121346292 -1.513922952 -1.288559763 -2.021583906 -1.657588437 -0.466447985

3.830805426
0.497056580 0.939863739 -1.498006693 -1.290238623 2.812755380 -1.812905207 -1.895122460
0.492704933 2.321695255 -15.789672105 1.036167177 100.000000000 -100.000000000 -100.000000000
-15.811356862 57.860953352 99.249600156 151.878125630 -500.000000000 -500.000000000 -500.000000000
0.814659610 1.121307964 -1.513953107 -1.288690218 -2.021622727 -1.657570944 -0.466578799

3.833306359
0.497056580 0.939863739 -1.498006693 -1.290238623 2.812755380 -1.812905207 -1.895122460
0.492704933 2.321695255 -15.789672105 1.036167177 100.000000000 -100.000000000 -100.000000000
-15.811356862 57.860953352 99.249600156 151.878125630 -500.000000000 -500.000000000 -500.000000000
0.814659610 1.121307964 -1.513953107 -1.288690218 -2.021622727 -1.657570944 -0.466578799

3.833815664
0.484446733 0.942712864 -1.528795445 -1.254507770 2.575776658 -2.229571874 -2.311789127
-3.026363376 0.683789959 -7.389300299 8.575404825 -56.874893346 -100.000000000 -100.000000000
21.906204293 -28.289482619 314.198800750 -20.568502995 -500.000000000 500.000000000 500.000000000
0.814659236 1.121189709 -1.514046130 -1.289092475 -2.021742510 -1.657517008 -0.466982996

3.834814954
0.484446733 0.942712864 -1.528795445 -1.254507770 2.575776658 -2.229571874 -2.311789127
-3.026363376 0.683789959 -7.389300299 8.575404825 -56.874893346 -100.000000000 -100.000000000
93.548517792 4.171885320 149.260937443 -174.966567012 500.000000000 500.000000000 500.000000000
0.814658897 1.121156288 -1.514072419 -1.289206094 -2.021776362 -1.657501779 -0.467097399

3.835810259
0.487715221 0.911593832 -1.520520275 -1.275482986 2.409684347 -1.396238540 -1.478455793
2.116746568 -2.228759683 -5.435027739 -7.632276709 60.137845517 100.000000000 100.000000000
93.548517792 4.171885320 149.260937443 -174.966567012 500.000000000 500.000000000 500.000000000
0.814658400 1.121118174 -1.514102391 -1.289335634 -2.021814971 -1.657484408 -0.467227942

3.836830267
0.487715221 0.911593832 -1.520520275 -1.275482986 2.409684347 -1.396238540 -1.478455793
2.116746568 -2.228759683 -5.435027739 -7.632276709 60.137845517 100.000000000 100.000000000
60.222536511 124.823753100 -150.041178164 -56.516924465 500.000000000 -500.000000000 -500.000000000
0.814658400 1.121118174 -1.514102391 -1.289335634 -2.021814971 -1.657484408 -0.467227942

3.837797682
0.480697528 0.957796646 -1.729261855 -1.267075253 3.243017681 -2.229571874 -2.311789127
-1.767623706 8.666184414 -32.792610224 1.649121149 100.000000000 -100.000000000 -100.000000000
-9.640692360 65.522972304 109.338682272 151.244451294 -500.000000000 -500.000000000 -500.000000000
0.814657026 1.121042664 -1.514161764 -1.289592165 -2.021891464 -1.657450014 -0.467486850

3.856765281
0.374823830 0.752626438 -1.967810185 -1.314356313 2.365523349 -1.812905207 -2.310819509
-2.072692041 -6.103617027 3.998238036 7.197230479 -17.010735712 -100.000000000 -100.000000000
27.956089840 97.322325552 127.990735481 69.456822068 -500.000000000 500.000000000 500.000000000
0.814620889 1.120357189 -1.514700257 -1.291914201 -2.022586003 -1.657138760 -0.469854256

3.857799506
0.382991145 0.719863984 -1.925786382 -1.318576973 1.948856682 -1.396238540 -1.894152842
1.960155503 -7.862988969 10.085712745 -1.012958347 -100.000000000 100.000000000 100.000000000
85.433215649 158.841565657 -34.656789884 -141.713403817 -98.600122584 500.000000000 500.000000000
0.814614764 1.120287206 -1.514755187 -1.292150577 -2.022656924 -1.657107089 -0.470097712

3.858799256
0.401999475 0.700675748 -1.924567055 -1.370042252 1.532190016 -0.979571874 -1.477486175
4.561999146 -4.605176636 0.292638355 -12.351667007 -100.000000000 100.000000000 100.000000000
3.959251898 197.302101611 -160.611135484 22.901806593 500.000000000 -500.000000000 -500.000000000
0.814611282 1.120249417 -1.514784837 -1.292278163 -2.022695223 -1.657089987 -0.470229296

3.859799107
0.410859273 0.681599559 -1.919189494 -1.372069781 1.948856682 -1.396238540 -1.894152842
2.126351611 -4.578285466 1.290614615 -0.486606844 100.000000000 -100.000000000 -100.000000000
-49.978802222 134.060899624 35.125454722 254.809749066 500.000000000 -500.000000000 -500.000000000
0.814607663 1.120211617 -1.514814493 -1.292405749 -2.022733534 -1.657072886 -0.470361016

3.860807825
0.399380135 0.664520193 -1.917418725 -1.325203490 2.365523349 -1.812905207 -2.310819509
-2.754993034 -4.099047675 0.424984710 11.247909880 100.000000000 -100.000000000 -100.000000000
-2.152193217 135.426915142 14.625207813 17.698540081 -500.000000000 500.000000000 500.000000000
0.814603960 1.120174364 -1.514843721 -1.292531450 -2.022771291 -1.657056044 -0.470490929

3.861811581
0.404861071 0.643762725 -1.901657105 -1.320549975 2.365087350 -1.396238540 -1.894152842
1.315424422 -4.981792427 3.782788615 1.116843462 -0.104639894 100.000000000 100.000000000
96.622243144 127.546370550 31.757806203 -221.690993604 -500.000000000 500.000000000 500.000000000
0.814600107 1.120136866 -1.514873134 -1.292657938 -2.022809296 -1.657039092 -0.470621783

3.862809845
0.434357416 0.618364081 -1.874977139 -1.369423569 1.948420683 -0.979571874 -1.477486175
7.079122802 -6.095674487 6.403192010 -11.729662496 -100.000000000 100.000000000 100.000000000
14.665415228 147.273262700 -36.977375145 -19.547665545 -436.696866645 -500.000000000 -500.000000000
0.814596112 1.120099320 -1.514902586 -1.292784553 -2.022847350 -1.657022128 -0.470752909

3.863812170
0.434357416 0.618364081 -1.874977139 -1.369423569 1.948420683 -0.979571874 -1.477486175
7.079122802 -6.095674487 6.403192010 -11.729662496 -100.000000000 100.000000000 100.000000000
-103.558586429 172.087013658 -92.056384948 242.257151549 500.000000000 -500.000000000 -500.000000000
0.814591943 1.120061444 -1.514932296 -1.292912242 -2.022885739 -1.657005022 -0.470885288

3.865168740
0.458603402 0.578167475 -1.808822574 -1.383932075 1.531754016 -1.396238540 -1.894152842
5.819036774 -9.647185419 15.877095448 -3.482041504 -100.000000000 -100.000000000 -100.000000000
-103.558586429 172.087013658 -92.056384948 242.257151549 500.000000000 -500.000000000 -500.000000000
0.814591943 1.120061444 -1.514932296 -1.292912242 -2.022885739 -1.657005022 -0.470885288

3.865817449
0.458603402 0.578167475 -1.808822574 -1.383932075 1.531754016 -1.396238540 -1.894152842
5.819036774 -9.647185419 15.877095448 -3.482041504 -100.000000000 -100.000000000 -100.000000000
-80.782419994 247.128371835 -288.156592968 78.726860877 500.000000000 500.000000000 500.000000000
0.814583063 1.119984442 -1.514992683 -1.293171721 -2.022963788 -1.656970259 -0.471154706

3.866751432
0.445137889 0.510353863 -1.673014049 -1.292745453 2.164373203 -2.229571874 -2.727486175
-4.427907828 -7.362207728 16.259510265 15.693314935 100.000000000 -100.000000000 -100.000000000
11.175862619 236.156655199 -304.113784007 -117.333236076 -500.000000000 500.000000000 500.000000000
0.814578394 1.119945690 -1.515023061 -1.293302246 -2.023003070 -1.656952766 -0.471290430

3.867799369
0.445137889 0.510353863 -1.673014049 -1.292745453 2.164373203 -2.229571874 -2.727486175
-4.427907828 -7.362207728 16.259510265 15.693314935 100.000000000 -100.000000000 -100.000000000
125.502207108 208.203337291 -309.391106511 -313.921978006 -500.000000000 500.000000000 500.000000000
0.814573979 1.119910136 -1.515050935 -1.293421965 -2.023039109 -1.656936726 -0.471415055

3.870777091
0.450889545 0.487801656 -1.630657551 -1.276225141 2.398242422 -1.812905207 -2.310819509
1.380397575 -5.412529653 10.165559522 3.964874768 56.128612502 100.000000000 100.000000000
125.502207108 208.203337291 -309.391106511 -313.921978006 -500.000000000 500.000000000 500.000000000
0.814573979 1.119910136 -1.515050935 -1.293421965 -2.023039109 -1.656936726 -0.471415055

3.871803443
0.591431209 0.453520939 -1.661835833 -1.438983958 1.786747768 -0.979571874 -1.477486175
22.098908172 -3.223791946 -10.054309601 -27.541976680 -100.000000000 100.000000000 100.000000000
-419.665500056 131.102508605 215.755079763 500.000000000 500.000000000 -500.000000000 -500.000000000
0.814554336 1.119762303 -1.515166804 -1.293919392 -2.023188969 -1.656870089 -0.471934168

3.872804035
0.836019322 0.451337471 -1.837379675 -1.760362218 0.953414435 -0.979571874 -1.477486175
28.783079547 -1.820972536 -14.464949837 -36.542955476 -100.000000000 -100.000000000 -100.000000000
-500.000000000 40.144939889 500.000000000 500.000000000 500.000000000 -500.000000000 -500.000000000
0.814549054 1.119724998 -1.515196034 -1.294044822 -2.023226787 -1.656853286 -0.472065397

3.873839137
0.836019322 0.451337471 -1.837379675 -1.760362218 0.953414435 -0.979571874 -1.477486175
28.783079547 -1.820972536 -14.464949837 -36.542955476 -100.000000000 -100.000000000 -100.000000000
-500.000000000 40.144939889 500.000000000 500.000000000 500.000000000 -500.000000000 -500.000000000
0.814549054 1.119724998 -1.515196034 -1.294044822 -2.023226787 -1.656853286 -0.472065397

3.874798777
0.892384788 0.429625225 -1.748399129 -1.919667496 1.786747768 -0.979571874 -1.477486175
0.055821125 -0.350764679 11.701597583 -15.775691471 100.000000000 100.000000000 100.000000000
-277.198885815 166.062137660 -164.882749503 500.000000000 -500.000000000 500.000000000 500.000000000
0.814538119 1.119650575 -1.515254340 -1.294294945 -2.023302237 -1.656819781 -0.472327487

3.875797063
0.870119786 0.439477946 -1.711858941 -2.007392949 1.408266767 -0.562905207 -1.060819509
-5.343600629 2.364653229 8.769644966 -21.054108631 -90.835440296 100.000000000 100.000000000
-8.901089458 76.017828634 -210.717472728 378.051084527 -500.000000000 -500.000000000 -500.000000000
0.814532441 1.119613351 -1.515283503 -1.294419991 -2.023339974 -1.656803037 -0.472458730

3.876797634
0.847022387 0.432236713 -1.634008642 -2.068507399 0.991600100 -0.979571874 -1.477486175
-5.543375563 -1.737896061 18.684071960 -14.667468030 -100.000000000 -100.000000000 -100.000000000
101.313278163 20.720475876 -155.735355516 492.379468357 500.000000000 -500.000000000 -500.000000000
0.814526610 1.119575923 -1.515312817 -1.294545686 -2.023377920 -1.656786201 -0.472590776

3.877806559
0.819945588 0.414495209 -1.521730948 -2.095431706 1.408266767 -1.396238540 -1.894152842
-6.498431900 -4.257960819 26.946646549 -6.461833651 100.000000000 -100.000000000 -100.000000000
107.617933520 103.491842268 -361.811856758 370.745531864 500.000000000 500.000000000 500.000000000
0.814520697 1.119538812 -1.515341879 -1.294670279 -2.023415546 -1.656769512 -0.472721799

3.878805811
0.815648114 0.424963641 -1.497677735 -2.095224385 1.824933434 -0.979571874 -1.497237485
-1.031393671 2.512423649 5.772771046 0.049756966 100.000000000 100.000000000 95.259685669
129.426148876 155.663576672 -500.000000000 209.312815660 -500.000000000 500.000000000 500.000000000
0.814514641 1.119501614 -1.515371004 -1.294795129 -2.023453262 -1.656752787 -0.472853221

3.879806605
0.832288637 0.455406740 -1.551531321 -2.095058529 1.480128930 -0.582958681 -1.123609804
3.993725582 7.306343816 -12.924860612 0.039805573 -82.753080899 95.187166259 89.670643402
20.514526111 19.205324307 -117.224747830 79.047786335 -500.000000000 -500.000000000 -500.000000000
0.814508431 1.119464390 -1.515400156 -1.294920025 -2.023491002 -1.656736067 -0.472984849

3.880888155
0.846336281 0.468071008 -1.562933836 -2.080122804 1.101868137 -0.999625348 -1.540276471
3.371434512 3.039424227 -2.736603588 3.584573962 -90.782590357 -100.000000000 -100.000000000
-81.652532341 -79.721111343 262.110328716 79.217738939 500.000000000 -500.000000000 -500.000000000
0.814501968 1.119426339 -1.515429940 -1.295047662 -2.023529585 -1.656718966 -0.473119479

3.882324569
0.832963445 0.461116176 -1.496586442 -2.038561964 1.518534804 -1.416292014 -1.956943138
-3.209480812 -1.669159664 15.923374416 9.974601588 100.000000000 -100.000000000 -100.000000000
-81.652532341 -79.721111343 262.110328716 79.217738939 500.000000000 -500.000000000 -500.000000000
0.814501968 1.119426339 -1.515429940 -1.295047662 -2.023529585 -1.656718966 -0.473119479

3.882807339
0.820710130 0.471885853 -1.474754609 -2.003345041 1.935201470 -0.999625348 -1.540276471
-2.940795407 2.584722450 5.239640027 8.452061581 100.000000000 100.000000000 100.000000000
62.342831600 99.210549894 -320.354703451 -125.152873209 -500.000000000 500.000000000 500.000000000
0.814488499 1.119349713 -1.515489922 -1.295304568 -2.023607279 -1.656684566 -0.473390925

3.883814167
0.827129726 0.495559830 -1.506734657 -2.022046282 1.585570627 -0.582958681 -1.123609804
1.540702840 5.681754579 -7.675211427 -4.488298058 -83.911402269 100.000000000 100.000000000
58.193745022 13.051937003 -108.866331899 -98.237184325 -500.000000000 -500.000000000 -500.000000000
0.814482338 1.119315704 -1.515516542 -1.295418540 -2.023641764 -1.656669306 -0.473511537

3.884806073
0.833766340 0.502055617 -1.498799251 -2.027611262 1.193575454 -0.999625348 -1.540276471
1.592787505 1.558988780 1.904497342 -1.335595129 -94.078841635 -100.000000000 -100.000000000
-32.078795550 -51.259504257 152.626039990 162.428735410 500.000000000 -500.000000000 -500.000000000
0.814475461 1.119278450 -1.515545696 -1.295543348 -2.023679539 -1.656652596 -0.473643744

3.885819929
0.821326103 0.492625816 -1.431699600 -2.003937886 1.610242121 -1.416292014 -1.956943138
-2.985656872 -2.263152136 16.103916157 5.681610352 100.000000000 -100.000000000 -100.000000000
-33.784837976 30.542507747 -39.764591373 99.918693975 500.000000000 500.000000000 500.000000000
0.814475461 1.119278450 -1.515545696 -1.295543348 -2.023679539 -1.656652596 -0.473643744

3.888217937
0.821326103 0.492625816 -1.431699600 -2.003937886 1.610242121 -1.416292014 -1.956943138
-2.985656872 -2.263152136 16.103916157 5.681610352 100.000000000 -100.000000000 -100.000000000
-33.784837976 30.542507747 -39.764591373 99.918693975 500.000000000 500.000000000 500.000000000
0.814466694 1.119231966 -1.515582069 -1.295699029 -2.023726675 -1.656631752 -0.473808845

3.904970426
0.750765413 0.705623487 -1.538692885 -2.111865285 1.148540525 -0.552780019 -1.148236744
-1.793113155 2.529240391 1.827361955 -4.443194595 -76.427726558 -100.000000000 -100.000000000
92.402102313 -23.889914127 -54.874241394 -14.856469114 -500.000000000 -500.000000000 -500.000000000
0.814311230 1.118540348 -1.516122607 -1.298008346 -2.024428141 -1.656322650 -0.476283428

3.905782486
0.731581666 0.697197173 -1.470675972 -2.108371249 1.565207192 -0.967175451 -1.564903411
-4.604099318 -2.022315225 16.324059294 0.838568774 100.000000000 -99.454903541 -100.000000000
45.706472166 -106.556990863 200.338883872 207.452339228 500.000000000 -500.000000000 -500.000000000
0.814311230 1.118540348 -1.516122607 -1.298008346 -2.024428141 -1.656322650 -0.476283428

3.906818043
0.718007616 0.708892905 -1.457702842 -2.105576019 1.981873858 -0.550587770 -1.149509912
-3.257772062 2.806975657 3.113551192 0.670855019 100.000000000 99.981043354 99.694439808
100.353985288 82.576949877 -331.028715507 64.252690529 -500.000000000 500.000000000 500.000000000
0.814291912 1.118466819 -1.516180000 -1.298253083 -2.024502733 -1.656289901 -0.476548533

3.907794291
0.702071032 0.735420643 -1.480211665 -2.103339836 1.575637134 -0.168111432 -0.758468633
-3.824780276 6.366657004 -5.402117621 0.536684015 -97.496813929 91.794321101 93.849907012
74.783870859 -15.182121811 -68.118739652 67.315193305 -500.000000000 -500.000000000 -500.000000000
0.814282094 1.118430260 -1.516208536 -1.298374707 -2.024539820 -1.656273634 -0.476680500

3.908787496
0.686685797 0.743072836 -1.458079631 -2.086837155 1.264836171 -0.584778099 -1.175135299
-3.692456238 1.836526293 5.311688234 3.960643419 -74.592230949 -100.000000000 -100.000000000
87.716711742 -89.032178348 104.442665327 69.762832639 500.000000000 -500.000000000 -500.000000000
0.814272106 1.118393569 -1.516237172 -1.298496735 -2.024577043 -1.656257313 -0.476813044

3.909804777
0.664182820 0.734397930 -1.387572393 -2.053654841 1.681502838 -1.001444766 -1.591801966
-5.400714497 -2.081977456 16.921737024 7.963755364 100.000000000 -100.000000000 -100.000000000
86.607755596 0.801547482 -112.049518758 -0.378826323 500.000000000 500.000000000 500.000000000
0.814261991 1.118356868 -1.516265805 -1.298618761 -2.024614278 -1.656240985 -0.476945710

3.913410549
0.653047003 0.746939321 -1.381165810 -2.033837787 2.098169505 -0.584778099 -1.175135299
-2.672596104 3.009933898 1.537580069 4.756092872 100.000000000 100.000000000 100.000000000
123.022207053 80.035442910 -351.304081621 -83.771499285 -500.000000000 500.000000000 500.000000000
0.814251741 1.118320163 -1.516294436 -1.298740759 -2.024651517 -1.656224661 -0.477078484

3.913843003
0.650139867 0.772066121 -1.410920525 -2.061994365 1.681502838 -0.168111432 -0.758468633
-0.697712698 6.030432030 -7.141131737 -6.757578637 -100.000000000 100.000000000 100.000000000
69.572395884 -23.060593733 -44.264464052 -21.612154621 -500.000000000 -500.000000000 -500.000000000
0.814220574 1.118211518 -1.516379178 -1.299101650 -2.024761747 -1.656176390 -0.477472106

3.914811309
0.644956322 0.778439622 -1.393309213 -2.073187053 1.355290083 -0.584778099 -1.175135299
-1.244050657 1.529640295 4.226714942 -2.686245174 -78.291061254 -100.000000000 -100.000000000
30.362324724 -85.994100943 132.276769464 211.440844232 500.000000000 -500.000000000 -500.000000000
0.814209439 1.118173698 -1.516408671 -1.299227198 -2.024800119 -1.656159602 -0.477609334

3.915851186
0.644956322 0.778439622 -1.393309213 -2.073187053 1.355290083 -0.584778099 -1.175135299
-1.244050657 1.529640295 4.226714942 -2.686245174 -78.291061254 -100.000000000 -100.000000000
30.362324724 -85.994100943 132.276769464 211.440844232 500.000000000 -500.000000000 -500.000000000
0.814209439 1.118173698 -1.516408671 -1.299227198 -2.024800119 -1.656159602 -0.477609334

3.917163929
0.629084658 0.768794318 -1.325061646 -2.061801401 1.771956750 -1.001444766 -1.591801966
-3.809199513 -2.314872890 16.379416049 2.732556475 100.000000000 -100.000000000 -100.000000000
41.806324774 3.380601714 -96.844244656 131.120889046 500.000000000 500.000000000 500.000000000
0.814198068 1.118135585 -1.516438390 -1.299353677 -2.024838789 -1.656142689 -0.477747737

3.917802144
0.619118760 0.802031107 -1.334054016 -2.095065908 2.605290083 -0.168111432 -0.758468633
-0.807306367 5.547166907 -4.493550397 -7.938370326 100.000000000 100.000000000 100.000000000
50.861733578 -14.671479803 -66.818384368 77.165792244 -500.000000000 -500.000000000 -500.000000000
0.814176359 1.118064109 -1.516494105 -1.299590770 -2.024911316 -1.656110981 -0.478007569

3.918804444
0.606450451 0.833650046 -1.357224029 -2.094931747 2.188623416 0.148018297 -0.341801966
-3.040394358 7.588545368 -5.560803156 0.032198649 -100.000000000 75.871135151 100.000000000
35.651887237 -79.340037994 71.626998954 238.314920314 -500.000000000 -500.000000000 -500.000000000
0.814164899 1.118027075 -1.516522971 -1.299713555 -2.024948894 -1.656094563 -0.478142350

3.919798149
0.592030393 0.846368225 -1.337687890 -2.060980993 1.895240339 -0.268648369 -0.758468633
-3.460813829 3.052363034 4.688673272 8.148180911 -70.411938486 -100.000000000 -100.000000000
81.579332040 -123.333204517 95.286168926 78.877846180 500.000000000 -500.000000000 -500.000000000
0.814153614 1.117991052 -1.516551046 -1.299832950 -2.024985446 -1.656078602 -0.478273554

3.920798598
0.573419750 0.845085209 -1.280345449 -2.017072018 2.311907006 -0.685315036 -1.175135299
-4.466554397 -0.307923889 13.762185856 10.538153943 100.000000000 -100.000000000 -100.000000000
91.428598680 -33.884978043 -111.659781024 -86.848813958 500.000000000 500.000000000 500.000000000
0.814142185 1.117954971 -1.516579158 -1.299952501 -2.025022059 -1.656062615 -0.478405055

3.921797165
0.563201233 0.859857004 -1.269419767 -2.007495018 2.707780140 -0.268648369 -0.758468633
-2.452443873 3.545230682 2.622163774 2.298479939 95.009552266 100.000000000 100.000000000
113.403331519 33.445453985 -298.867087975 -139.051127154 -500.000000000 500.000000000 500.000000000
0.814130514 1.117918566 -1.516607521 -1.300073091 -2.025059002 -1.656046493 -0.478537844

3.922804345
0.554631991 0.877118358 -1.261502783 -2.028336206 2.291113474 0.148018297 -0.341801966
-2.056618251 4.142725099 1.900075977 -5.001884969 -100.000000000 100.000000000 100.000000000
74.141805562 -45.098457460 -77.162050932 24.772593940 -500.000000000 -500.000000000 -500.000000000
0.814117383 1.117878089 -1.516639049 -1.300207123 -2.025100078 -1.656028570 -0.478685594

3.923805596
0.547055624 0.880234145 -1.226135546 -2.017526903 1.995003037 -0.268648369 -0.758468633
-1.818327935 0.747788921 8.488137073 2.594232505 -71.066504739 -100.000000000 -100.000000000
74.141805562 -45.098457460 -77.162050932 24.772593940 -500.000000000 -500.000000000 -500.000000000
0.814117383 1.117878089 -1.516639049 -1.300207123 -2.025100078 -1.656028570 -0.478685594

3.924797127
0.536681250 0.875517080 -1.167111869 -1.993564161 2.411669704 -0.685315036 -1.175135299
-2.489849916 -1.132095813 14.165682321 5.751058119 100.000000000 -100.000000000 -100.000000000
63.071664821 8.805358745 -198.815628873 19.836546071 500.000000000 500.000000000 500.000000000
0.814093332 1.117805308 -1.516695733 -1.300448005 -2.025173938 -1.655996370 -0.478951584

3.925802130
0.536575084 0.887738424 -1.156581459 -2.003077507 2.819274347 -0.268648369 -0.758468633
-0.025479789 2.933122589 2.527298573 -2.283202875 97.825114405 100.000000000 100.000000000
77.538206593 46.870739060 -318.272032826 -45.709546723 -500.000000000 500.000000000 500.000000000
0.814081030 1.117768726 -1.516724222 -1.300569020 -2.025211062 -1.655980197 -0.479085435

3.926796983
0.535956601 0.901458088 -1.143039169 -2.036582339 2.402607681 0.148018297 -0.341801966
-0.148435939 3.292719514 3.250149409 -8.041159845 -100.000000000 100.000000000 100.000000000
28.260190362 -35.659421562 -86.560247817 115.914906194 -500.000000000 -500.000000000 -500.000000000
0.814070089 1.117736511 -1.516749303 -1.300675557 -2.025243755 -1.655965955 -0.479203382

3.927786279
0.533752967 0.903194552 -1.105839249 -2.031836214 2.101278786 -0.268648369 -0.758468633
-0.528872149 0.416751345 8.927980854 1.139070073 -72.318934712 -100.000000000 -100.000000000
30.780067624 -44.226547988 -102.374001535 234.413875145 500.000000000 -500.000000000 -500.000000000
0.814056134 1.117695880 -1.516780933 -1.300809888 -2.025284992 -1.655948000 -0.479352261

3.928786394
0.528517852 0.899378856 -1.048400866 -2.011154734 2.517945453 -0.685315036 -1.175135299
-1.256427469 -0.915767101 13.785212000 4.963555173 100.000000000 -100.000000000 -100.000000000
38.607759647 13.115105849 -219.653785457 50.321231124 500.000000000 500.000000000 500.000000000
0.814043464 1.117659411 -1.516809317 -1.300930417 -2.025322004 -1.655931889 -0.479485990

3.929808735
0.528517852 0.899378856 -1.048400866 -2.011154734 2.517945453 -0.685315036 -1.175135299
-1.256427469 -0.915767101 13.785212000 4.963555173 100.000000000 -100.000000000 -100.000000000
38.607759647 13.115105849 -219.653785457 50.321231124 500.000000000 500.000000000 500.000000000
0.814043464 1.117659411 -1.516809317 -1.300930417 -2.025322004 -1.655931889 -0.479485990

3.931317080
0.528517852 0.899378856 -1.048400866 -2.011154734 2.517945453 -0.685315036 -1.175135299
-1.256427469 -0.915767101 13.785212000 4.963555173 100.000000000 -100.000000000 -100.000000000
38.607759647 13.115105849 -219.653785457 50.321231124 500.000000000 500.000000000 500.000000000
0.814043464 1.117659411 -1.516809317 -1.300930417 -2.025322004 -1.655931889 -0.479485990

3.931816387
0.533937756 0.910863594 -1.035031835 -2.024581411 2.928470317 -0.268648369 -0.758468633
1.300776968 2.756337050 3.208567397 -3.222402499 98.525967504 100.000000000 100.000000000
53.681110519 40.143397528 -322.545085081 -28.248671697 -500.000000000 500.000000000 500.000000000
0.814006307 1.117554745 -1.516890769 -1.301276119 -2.025428233 -1.655885694 -0.479870380

3.932804220
0.536837071 0.922857213 -1.014030624 -2.057885032 2.511803651 0.148018297 -0.341801966
0.695835564 2.878468582 5.040290692 -7.992869062 -100.000000000 100.000000000 100.000000000
1.991315719 -34.457625842 -112.357241311 136.778579230 -500.000000000 -500.000000000 -500.000000000
0.813993004 1.117518017 -1.516919339 -1.301397356 -2.025465513 -1.655869491 -0.480005457

3.933771360
0.537848207 0.925041802 -0.976596380 -2.049667842 2.207845606 -0.268648369 -0.758468633
0.242672563 0.524301505 8.984218450 1.972125589 -72.949930775 -100.000000000 -100.000000000
13.798881995 -38.103291260 -151.094685398 235.506148830 500.000000000 -500.000000000 -500.000000000
0.813979183 1.117480268 -1.516948699 -1.301521921 -2.025503829 -1.655852844 -0.480144394

3.934973303
0.537210607 0.923765247 -0.924354287 -2.025023134 2.624512272 -0.685315036 -1.175135299
-0.153024028 -0.306373313 12.538102280 5.914730081 100.000000000 -100.000000000 -100.000000000
22.759646316 8.757816440 -233.719600925 35.372080325 500.000000000 500.000000000 500.000000000
0.813966684 1.117446521 -1.516974952 -1.301633244 -2.025538082 -1.655837977 -0.480268712

3.935798372
0.547661634 0.935687395 -0.911391055 -2.036417883 3.035965313 -0.268648369 -0.758468633
2.508246469 2.861315495 3.111175882 -2.734739947 98.748729829 100.000000000 100.000000000
30.736088241 25.495593624 -310.024112073 -45.955612607 -500.000000000 500.000000000 500.000000000
0.813952709 1.117409113 -1.517004037 -1.301756604 -2.025576053 -1.655821490 -0.480406593

3.936798997
0.553292857 0.946821188 -0.885418993 -2.064831176 2.619298647 0.148018297 -0.341801966
1.351493525 2.672110435 6.233294671 -6.819190112 -100.000000000 100.000000000 100.000000000
-23.535821820 -39.054138041 -122.784815851 128.160926909 -500.000000000 -500.000000000 -500.000000000
0.813939575 1.117374356 -1.517031066 -1.301871186 -2.025611333 -1.655806187 -0.480534821

3.937798244
0.556885666 0.949661650 -0.849355348 -2.049957054 2.313073276 -0.268648369 -0.758468633
0.862274140 0.681710864 8.655275010 3.569789289 -73.494088832 -100.000000000 -100.000000000
-0.965198627 -36.386891902 -187.827100701 212.679801248 500.000000000 -500.000000000 -500.000000000
0.813925848 1.117338365 -1.517059047 -1.301989801 -2.025647867 -1.655790341 -0.480667692

3.956837696
0.704764225 1.038488312 -0.470050010 -1.855092337 3.040975333 -0.283332011 -0.758468633
4.338711963 1.839845809 3.437101034 2.385987693 0.000000000 96.475925923 100.000000000
-75.885884766 -28.978276005 -173.494449149 7.372467605 -500.000000000 -500.000000000 -500.000000000
0.813639202 1.116655923 -1.517588862 -1.304231670 -2.026340738 -1.655491019 -0.483206303

3.957789672
0.757908504 1.061442275 -0.480293728 -1.868037114 3.040975333 -0.287709514 -0.733436741
5.654216858 2.163242176 -0.626516050 3.547316369 0.000000000 -100.000000000 -93.992345986
-134.079212901 -60.491464574 -67.351039230 190.939846471 -500.000000000 -500.000000000 -500.000000000
0.813639202 1.116655923 -1.517588862 -1.304231670 -2.026340738 -1.655491019 -0.483206303

3.958801675
0.772975131 1.069820993 -0.479579320 -1.809275675 2.931271448 -0.704376181 -1.150103408
3.615990403 2.010892102 0.171457982 14.102745304 -26.328932289 -100.000000000 -100.000000000
-107.512941484 -37.747121287 -91.202016947 -14.577709637 -500.000000000 500.000000000 500.000000000
0.813605879 1.116583684 -1.517644864 -1.304468165 -2.026414094 -1.655459469 -0.483477200

3.959795200
0.772445451 1.071412807 -0.436412002 -1.778801979 2.514604782 -0.287709514 -0.733436741
-0.127123141 0.382035498 10.360156294 7.313687039 -100.000000000 100.000000000 100.000000000
-68.256733247 -35.541572864 -107.235714112 -231.574155121 30.810091541 500.000000000 500.000000000
0.813589559 1.116548739 -1.517671946 -1.304582515 -2.026449582 -1.655444212 -0.483608391

3.960804785
0.783971049 1.078364600 -0.431567073 -1.778548226 2.097938115 0.128957152 -0.316770074
2.766143519 1.668430199 1.162782971 0.060900579 -100.000000000 100.000000000 100.000000000
6.656873539 -3.127116807 -315.329120328 -98.851794423 500.000000000 -500.000000000 -500.000000000
0.813571901 1.116511259 -1.517700989 -1.304705115 -2.026487643 -1.655427857 -0.483749209

3.961838506
0.797168443 1.083466102 -0.421326769 -1.772440807 2.514604782 -0.287709514 -0.733436741
3.167374562 1.224360562 2.457672774 1.465780687 100.000000000 -100.000000000 -100.000000000
-52.362785238 -29.553938021 -131.869051089 46.166299567 500.000000000 -500.000000000 -500.000000000
0.813555749 1.116477244 -1.517727340 -1.304816349 -2.026522189 -1.655413014 -0.483877102

3.963276133
0.797168443 1.083466102 -0.421326769 -1.772440807 2.514604782 -0.287709514 -0.733436741
3.167374562 1.224360562 2.457672774 1.465780687 100.000000000 -100.000000000 -100.000000000
-52.362785238 -29.553938021 -131.869051089 46.166299567 500.000000000 -500.000000000 -500.000000000
0.813555749 1.116477244 -1.517727340 -1.304816349 -2.026522189 -1.655413014 -0.483877102

3.963833283
0.817274267 1.092900275 -0.434207272 -1.739471797 2.931271448 -0.704376181 -1.150103408
4.825397557 2.264201482 -3.091320737 7.912562415 100.000000000 -100.000000000 -100.000000000
-61.708760656 -21.186097076 -158.793512530 17.446832039 -500.000000000 500.000000000 500.000000000
0.813538631 1.116441515 -1.517755020 -1.304933145 -2.026558473 -1.655397437 -0.484011550

3.964975847
0.839760471 1.103524230 -0.419431891 -1.744176391 2.097938115 0.128957152 -0.316770074
2.878192118 1.417965097 0.336544323 -2.823650556 -100.000000000 100.000000000 100.000000000
-96.881514638 -42.929905604 -46.528360029 -114.797383131 -500.000000000 500.000000000 500.000000000
0.813503956 1.116370007 -1.517810402 -1.305166791 -2.026631098 -1.655366275 -0.484280941

3.965827969
0.861282406 1.115476739 -0.456149501 -1.750607395 1.681271448 0.545623819 0.099896592
5.165264369 2.868602081 -8.812226358 -1.543441023 -100.000000000 100.000000000 100.000000000
-60.189493884 -27.074724291 -116.568737565 100.373971142 500.000000000 -500.000000000 -500.000000000
0.813503956 1.116370007 -1.517810402 -1.305166791 -2.026631098 -1.655366275 -0.484280941

3.966804936
0.872850472 1.122458024 -0.456276245 -1.773074512 2.097938115 0.128957152 -0.316770074
2.776335758 1.675508432 -0.030418547 -5.392108025 100.000000000 -100.000000000 -100.000000000
-108.084852901 -57.286220316 70.075722859 75.401432868 500.000000000 -500.000000000 -500.000000000
0.813469245 1.116299606 -1.517864917 -1.305396663 -2.026702598 -1.655335626 -0.484546582

3.967806056
0.872849103 1.124964403 -0.423076356 -1.781478930 2.514604782 -0.287709514 -0.733436741
-0.000328585 0.601531024 7.967973511 -2.017060354 100.000000000 -100.000000000 -100.000000000
-61.464837813 -34.126010480 -105.550496247 154.609945393 -500.000000000 500.000000000 500.000000000
0.813451532 1.116264095 -1.517892405 -1.305512556 -2.026738665 -1.655320172 -0.484680720

3.969776869
0.875398192 1.132363052 -0.406461143 -1.802135935 2.097938115 0.128957152 -0.316770074
0.611781436 1.775675736 3.987650993 -4.957681258 -100.000000000 100.000000000 100.000000000
-5.933185341 -12.900651293 -268.841075185 87.937844521 -500.000000000 500.000000000 500.000000000
0.813433611 1.116228452 -1.517919991 -1.305628842 -2.026774867 -1.655304667 -0.484815462

3.971220982
0.875398192 1.132363052 -0.406461143 -1.802135935 2.097938115 0.128957152 -0.316770074
0.611781436 1.775675736 3.987650993 -4.957681258 -100.000000000 100.000000000 100.000000000
-5.933185341 -12.900651293 -268.841075185 87.937844521 -500.000000000 500.000000000 500.000000000
0.813433611 1.116228452 -1.517919991 -1.305628842 -2.026774867 -1.655304667 -0.484815462

3.971764569
0.918704132 1.176802653 -0.511750755 -1.776972921 1.264604782 0.962290486 0.516563259
7.040974837 6.657291236 -18.730484693 7.218486902 -100.000000000 100.000000000 100.000000000
-74.644138506 -83.451372423 22.356393808 73.717752088 500.000000000 -500.000000000 -500.000000000
0.813379318 1.116122159 -1.518002232 -1.305975397 -2.026882833 -1.655258464 -0.485217908

3.972816910
0.918704132 1.176802653 -0.511750755 -1.776972921 1.264604782 0.962290486 0.516563259
7.040974837 6.657291236 -18.730484693 7.218486902 -100.000000000 100.000000000 100.000000000
-151.351978243 -139.213874148 273.984546183 -97.269985639 500.000000000 -500.000000000 -500.000000000
0.813360832 1.116086530 -1.518029791 -1.306091481 -2.026919023 -1.655242991 -0.485353013

3.973957577
0.990108161 1.258663105 -0.731585660 -1.671391014 1.089528155 0.962290486 0.516563259
9.154951489 10.533259070 -29.189782759 8.338512583 57.981609640 -100.000000000 -100.000000000
-173.500476411 -192.133790819 380.605064706 -300.018572688 500.000000000 -500.000000000 -500.000000000
0.813342321 1.116051114 -1.518057177 -1.306206835 -2.026954999 -1.655227611 -0.485487410

3.974843367
1.014590716 1.292046204 -0.813163668 -1.688277004 1.506194822 0.545623819 0.099896592
5.875813208 8.011943549 -19.578721976 -4.052637810 100.000000000 -100.000000000 -100.000000000
-137.641103616 -177.838379897 321.085088684 119.259773165 -500.000000000 500.000000000 500.000000000
0.813323721 1.116015811 -1.518084475 -1.306321784 -2.026990861 -1.655212290 -0.485621490

3.975886842
1.029679402 1.328350720 -0.887535870 -1.661556502 1.089528155 0.962290486 0.516563259
3.621284687 8.713083903 -17.849328339 6.412920502 -100.000000000 100.000000000 100.000000000
-137.642963617 -177.841910276 321.082358905 119.248278208 -500.000000000 500.000000000 500.000000000
0.813302386 1.115975650 -1.518115524 -1.306452500 -2.027031656 -1.655194870 -0.485774147

3.976812382
1.027630630 1.358380968 -0.923321985 -1.592580227 0.672861489 1.378957152 0.933229926
-0.491705315 7.207259621 -8.588667583 16.554306125 -100.000000000 100.000000000 100.000000000
-94.063395336 -195.499185023 293.928601335 -92.748009773 500.000000000 -500.000000000 -500.000000000
0.813286181 1.115945389 -1.518138921 -1.306550959 -2.027062395 -1.655181755 -0.485889270

3.977774100
1.028136849 1.382874810 -0.961265052 -1.569287300 0.898673995 0.962290486 0.516563259
0.121492487 5.878522130 -9.106336114 5.590302553 54.195001492 -100.000000000 -100.000000000
-94.063395336 -195.499185023 293.928601335 -92.748009773 500.000000000 -500.000000000 -500.000000000
0.813267150 1.115910054 -1.518166225 -1.306665900 -2.027098293 -1.655166432 -0.486023773

3.978805694
1.033507156 1.401670293 -0.997421420 -1.596905142 1.315340662 0.545623819 0.099896592
1.288873764 4.510915893 -8.677528424 -6.628282187 100.000000000 -100.000000000 -100.000000000
-11.600338630 -168.388750303 112.291658068 -302.483195757 500.000000000 -500.000000000 -500.000000000
0.813267150 1.115910054 -1.518166225 -1.306665900 -2.027098293 -1.655166432 -0.486023773

3.979799765
1.034399882 1.421667426 -1.030387638 -1.585292283 0.898673995 0.962290486 0.516563259
0.214254247 4.799311729 -7.911892246 2.787086227 -100.000000000 100.000000000 100.000000000
-47.803399133 -118.797880911 121.473352529 161.578060442 -500.000000000 500.000000000 500.000000000
0.813228479 1.115839123 -1.518221037 -1.306896500 -2.027170350 -1.655135712 -0.486294116

3.980831972
1.034399882 1.421667426 -1.030387638 -1.585292283 0.898673995 0.962290486 0.516563259
0.214254247 4.799311729 -7.911892246 2.787086227 -100.000000000 100.000000000 100.000000000
-47.803399133 -118.797880911 121.473352529 161.578060442 -500.000000000 500.000000000 500.000000000
0.813228479 1.115839123 -1.518221037 -1.306896500 -2.027170350 -1.655135712 -0.486294116

3.981812202
1.020523487 1.452636994 -1.056555661 -1.517172665 0.727856338 0.962290486 0.516563259
-0.437526654 4.210938174 -6.604833620 3.266858469 59.003762411 -100.000000000 -100.000000000
36.942413367 -96.363929290 -55.411443507 -239.259681148 500.000000000 -500.000000000 -500.000000000
0.813188291 1.115766498 -1.518277138 -1.307132447 -2.027244131 -1.655104282 -0.486571351

3.982756032
1.020523487 1.452636994 -1.056555661 -1.517172665 0.727856338 0.962290486 0.516563259
-0.437526654 4.210938174 -6.604833620 3.266858469 59.003762411 -100.000000000 -100.000000000
36.942413367 -96.363929290 -55.411443507 -239.259681148 500.000000000 -500.000000000 -500.000000000
0.813188291 1.115766498 -1.518277138 -1.307132447 -2.027244131 -1.655104282 -0.486571351

3.984508064
1.028810570 1.472968397 -1.104944762 -1.550963426 1.144523005 0.545623819 0.099896592
1.988899974 4.879536858 -11.613384075 -8.109782821 100.000000000 -100.000000000 -100.000000000
-11.982986514 -117.905813001 85.924524743 -44.333147633 -500.000000000 500.000000000 500.000000000
0.813168746 1.115731562 -1.518304116 -1.307245893 -2.027279625 -1.655089169 -0.486704870

3.984773786
1.030291151 1.492376707 -1.140868269 -1.543037334 0.727856338 0.962290486 0.516563259
0.355339518 4.657994349 -8.621641877 1.902262067 -100.000000000 100.000000000 100.000000000
-61.342181831 -133.314420707 190.931746033 186.567409716 -500.000000000 500.000000000 500.000000000
0.813149919 1.115698162 -1.518329909 -1.307354315 -2.027313558 -1.655074732 -0.486832624

3.985809653
1.030291151 1.492376707 -1.140868269 -1.543037334 0.727856338 0.962290486 0.516563259
0.355339518 4.657994349 -8.621641877 1.902262067 -100.000000000 100.000000000 100.000000000
-28.822933586 -130.831303005 134.683924513 -14.488496615 500.000000000 -500.000000000 -500.000000000
0.813109851 1.115627806 -1.518384221 -1.307582583 -2.027385040 -1.655044332 -0.487102028

3.986881413
1.030291151 1.492376707 -1.140868269 -1.543037334 0.727856338 0.962290486 0.516563259
0.355339518 4.657994349 -8.621641877 1.902262067 -100.000000000 100.000000000 100.000000000
-28.824920351 -130.834777083 134.681242387 -14.499766226 500.000000000 -500.000000000 -500.000000000
0.813109851 1.115627806 -1.518384221 -1.307582583 -2.027385040 -1.655044332 -0.487102028

3.987821408
1.013883715 1.513386597 -1.152271565 -1.480835312 0.562613894 0.962290486 0.516563259
-0.625093192 3.470437253 -5.800529194 3.028300339 60.341813375 -100.000000000 -100.000000000
45.913970940 -69.772091926 -100.305620776 -219.427994045 500.000000000 -500.000000000 -500.000000000
0.813069360 1.115557696 -1.518438321 -1.307809903 -2.027456275 -1.655014058 -0.487370901

3.990358214
1.013883715 1.513386597 -1.152271565 -1.480835312 0.562613894 0.962290486 0.516563259
-0.625093192 3.470437253 -5.800529194 3.028300339 60.341813375 -100.000000000 -100.000000000
45.913970940 -69.772091926 -100.305620776 -219.427994045 500.000000000 -500.000000000 -500.000000000
0.813069360 1.115557696 -1.518438321 -1.307809903 -2.027456275 -1.655014058 -0.487370901

4.003796785
0.925743299 1.501702633 -0.997834549 -1.314683667 -0.998243070 2.212290486 1.766563259
-13.091160211 -19.584884025 57.030363512 11.867660232 -100.000000000 100.000000000 100.000000000
120.489569720 197.152461398 -500.000000000 -251.340839351 500.000000000 -500.000000000 -500.000000000
0.812725628 1.114998599 -1.518869146 -1.309617096 -2.028024433 -1.654773600 -0.489530353

4.004811351
0.889156246 1.467643736 -0.852996082 -1.290916730 -1.132838866 1.795623819 1.349896592
-8.780892568 -8.174135231 34.761231982 5.704065003 -32.302990966 -100.000000000 -100.000000000
250.521437109 353.027277081 -500.000000000 -236.846547465 500.000000000 -500.000000000 -500.000000000
0.812699986 1.114959169 -1.518899481 -1.309744170 -2.028064508 -1.654756700 -0.489683672

4.005751253
0.887932895 1.472730438 -0.829420743 -1.275704133 -0.794291233 1.378957152 0.933229926
-0.293604246 1.220808288 5.658081387 3.651023353 81.251431840 -100.000000000 -100.000000000
167.972225280 128.214247915 -500.000000000 -115.964044053 500.000000000 500.000000000 500.000000000
0.812680345 1.114929167 -1.518922562 -1.309840828 -2.028095003 -1.654743848 -0.489800431

4.006790990
0.893150993 1.493162962 -0.829859400 -1.249232357 -0.377624567 1.795623819 1.349896592
1.252343308 4.903805884 -0.105277592 6.353226237 100.000000000 100.000000000 100.000000000
-1.653170162 -60.196292840 -182.111809602 -76.434136601 -500.000000000 500.000000000 500.000000000
0.812654660 1.114890173 -1.518952552 -1.309966409 -2.028134636 -1.654727150 -0.489952294

4.007813925
0.880376380 1.500194148 -0.777634096 -1.229846943 -0.416702233 2.212290486 1.766563259
-3.065906985 1.687484545 12.534072936 4.652499183 -9.378639923 100.000000000 100.000000000
-33.096499469 -135.903396536 -66.803763354 -133.137929987 -500.000000000 -500.000000000 -500.000000000
0.812654660 1.114890173 -1.518952552 -1.309966409 -2.028134636 -1.654727150 -0.489952294

4.009101355
0.880376380 1.500194148 -0.777634096 -1.229846943 -0.416702233 2.212290486 1.766563259
-3.065906985 1.687484545 12.534072936 4.652499183 -9.378639923 100.000000000 100.000000000
-33.096499469 -135.903396536 -66.803763354 -133.137929987 -500.000000000 -500.000000000 -500.000000000
0.812654660 1.114890173 -1.518952552 -1.309966409 -2.028134636 -1.654727150 -0.489952294

4.009752461
0.880376380 1.500194148 -0.777634096 -1.229846943 -0.416702233 2.212290486 1.766563259
-3.065906985 1.687484545 12.534072936 4.652499183 -9.378639923 100.000000000 100.000000000
-33.096499469 -135.903396536 -66.803763354 -133.137929987 -500.000000000 -500.000000000 -500.000000000
0.812611680 1.114825576 -1.519002231 -1.310174338 -2.028200294 -1.654699516 -0.490204196

4.010815454
0.873919483 1.500479013 -0.732748835 -1.250759385 -0.833368900 1.795623819 1.349896592
-1.549655382 0.068367713 10.772462747 -5.018985936 -100.000000000 -100.000000000 -100.000000000
24.859250462 -39.937278420 -294.078115554 94.423487656 500.000000000 500.000000000 500.000000000
0.812564561 1.114755594 -1.519056025 -1.310399447 -2.028271429 -1.654669597 -0.490477497

4.011807214
0.873919483 1.500479013 -0.732748835 -1.250759385 -0.833368900 1.795623819 1.349896592
-1.549655382 0.068367713 10.772462747 -5.018985936 -100.000000000 -100.000000000 -100.000000000
24.857615462 -39.939696127 -294.079973960 94.415712450 500.000000000 500.000000000 500.000000000
0.812540911 1.114720806 -1.519082761 -1.310511292 -2.028306791 -1.654654735 -0.490613526

4.012786964
0.874004523 1.503645190 -0.705695799 -1.332373299 -1.248752507 1.795623819 1.349896592
0.262795307 2.032850261 1.894063941 -7.186139302 0.307934348 100.000000000 100.000000000
-1.189149148 -12.586062509 -172.522793917 247.215976289 500.000000000 500.000000000 500.000000000
0.812540911 1.114720806 -1.519082761 -1.310511292 -2.028306791 -1.654654735 -0.490613526

4.013815612
0.874004523 1.503645190 -0.705695799 -1.332373299 -1.248752507 1.795623819 1.349896592
0.262795307 2.032850261 1.894063941 -7.186139302 0.307934348 100.000000000 100.000000000
-11.404794310 -79.553137749 -119.222813265 145.897114609 -84.117870477 -500.000000000 -500.000000000
0.812493199 1.114651269 -1.519136186 -1.310734733 -2.028377477 -1.654625047 -0.490885748

4.015484228
0.899292600 1.551774128 -0.764563994 -1.368175158 -0.811231075 1.803324494 1.349896592
4.659977017 6.500376358 -12.719595521 -4.923635680 5.005143609 -98.151837994 -100.000000000
-34.921511115 -142.015169269 -52.581628303 77.068738639 -500.000000000 -500.000000000 -500.000000000
0.812469583 1.114617155 -1.519162385 -1.310844293 -2.028412156 -1.654610488 -0.491019448

4.015949966
0.899292600 1.551774128 -0.764563994 -1.368175158 -0.811231075 1.803324494 1.349896592
4.659977017 6.500376358 -12.719595521 -4.923635680 5.005143609 -98.151837994 -100.000000000
-101.881841968 -173.723224446 178.932071305 104.205800047 -221.820980270 500.000000000 500.000000000
0.812445525 1.114582636 -1.519188897 -1.310955114 -2.028447246 -1.654595771 -0.491154859

4.016807665
0.916628882 1.583384736 -0.832645526 -1.449730668 -1.644564408 1.803324494 1.349896592
-1.013348185 1.975814764 -0.450995956 -9.815274084 -100.000000000 100.000000000 100.000000000
-114.321683928 -158.271577664 248.929185876 204.948822747 500.000000000 500.000000000 500.000000000
0.812421013 1.114547661 -1.519215749 -1.311067363 -2.028482803 -1.654580858 -0.491292158

4.017817551
0.922806882 1.580276505 -0.840266854 -1.489487557 -1.430332202 1.853845660 1.761208280
1.482720057 -0.745975399 -1.829118749 -9.541653529 51.415729514 12.125079824 98.714804971
9.846176790 -86.400002842 -59.637103108 210.171812127 500.000000000 -500.000000000 -500.000000000
0.812394562 1.114510167 -1.519244531 -1.311187646 -2.028520918 -1.654564882 -0.491439469

4.018798109
0.947437519 1.594021581 -0.891879214 -1.500273706 -1.013665535 1.437178993 1.344541613
5.911352904 3.298818163 -12.386966323 -2.588675782 100.000000000 -100.000000000 -100.000000000
-40.695633166 -31.657125816 -31.315392653 208.663061731 -500.000000000 -500.000000000 -500.000000000
0.812372439 1.114479010 -1.519268448 -1.311287564 -2.028552592 -1.654551617 -0.491561993

4.019806659
0.972645850 1.606436160 -0.969394742 -1.522663460 -1.038593317 1.020512327 0.927874946
6.049999441 2.979498935 -18.603726747 -5.373540903 -5.982667691 -100.000000000 -100.000000000
-131.733566135 -113.930620305 185.000403016 70.672129850 -500.000000000 500.000000000 500.000000000
0.812348011 1.114444803 -1.519294703 -1.311397228 -2.028587368 -1.654537060 -0.491696612

4.020806245
0.968043135 1.591702188 -0.962899187 -1.557547651 -1.455259984 1.437178993 1.344541613
-1.104651595 -3.536153193 1.558933323 -8.372205920 -100.000000000 100.000000000 100.000000000
-137.029772755 -108.789114349 317.084538846 128.597441272 20.653948807 500.000000000 500.000000000
0.812323329 1.114410424 -1.519321079 -1.311507408 -2.028622320 -1.654522427 -0.491832004

4.021827369
0.945382434 1.565348814 -0.911473380 -1.592649897 -1.850901036 1.853845660 1.761208280
-5.438568368 -6.324809913 12.342193618 -8.424538863 -94.953852557 100.000000000 100.000000000
6.521051232 22.993887407 -86.820855652 192.048142783 500.000000000 -500.000000000 -500.000000000
0.812298456 1.114375997 -1.519347489 -1.311617699 -2.028657321 -1.654507786 -0.491967699

4.022805710
0.939762895 1.556959799 -0.896795928 -1.595265452 -1.839575338 1.437178993 1.344541613
-1.348689324 -2.013363457 3.522588440 -0.627733308 2.718167563 -100.000000000 -100.000000000
95.462969562 81.398916601 -307.631283273 196.593997016 500.000000000 -500.000000000 -500.000000000
0.812273530 1.114341702 -1.519373794 -1.311727529 -2.028692189 -1.654493208 -0.492102985

4.023805773
0.954799334 1.569630038 -0.930625567 -1.563170104 -1.422908672 1.020512327 0.927874946
3.608745287 3.040857310 -8.119113257 7.702883602 100.000000000 -100.000000000 -100.000000000
14.224850020 -3.994540621 -132.709555438 40.908458443 -73.275036337 500.000000000 500.000000000
0.812248423 1.114307344 -1.519400138 -1.311837521 -2.028727121 -1.654478604 -0.492238613

4.024806061
0.953872648 1.574578741 -0.929313417 -1.549276822 -1.395103677 1.437178993 1.344541613
-0.222404608 1.187688798 0.314915903 3.334387710 6.673198778 100.000000000 100.000000000
-86.429996820 -106.349415571 103.504808016 -128.924413721 -500.000000000 500.000000000 500.000000000
0.812223178 1.114273027 -1.519426453 -1.311947341 -2.028762011 -1.654464033 -0.492374210

4.025806188
0.932192885 1.558308583 -0.880196759 -1.562876570 -1.811770343 1.853845660 1.761208280
-5.203143001 -3.904838106 11.787997881 -3.263939587 -100.000000000 100.000000000 100.000000000
-9.716854805 -69.784347378 -65.309621675 -42.954806136 -196.829809025 -500.000000000 -500.000000000
0.812197816 1.114238718 -1.519452747 -1.312057101 -2.028796896 -1.654449460 -0.492509861

4.026798205
0.919452920 1.543098677 -0.861515774 -1.566281840 -2.228437010 1.437178993 1.344541613
-3.057591730 -3.650377376 4.483436474 -0.817264691 -100.000000000 -100.000000000 -100.000000000
92.063353089 33.689775681 -299.685556447 90.360738624 500.000000000 -500.000000000 -500.000000000
0.812172273 1.114204401 -1.519479054 -1.312166844 -2.028831788 -1.654434904 -0.492645679

4.027798309
0.925144335 1.542953048 -0.872240745 -1.533071021 -2.043259083 1.020512327 0.927874946
1.365939702 -0.034950975 -2.573993040 7.970596332 44.442702348 -100.000000000 -100.000000000
50.423769891 30.118119887 -155.465057511 41.756793337 500.000000000 500.000000000 500.000000000
0.812146408 1.114169817 -1.519505549 -1.312277402 -2.028866953 -1.654420228 -0.492782635

4.029865031
0.925144335 1.542953048 -0.872240745 -1.533071021 -2.043259083 1.020512327 0.927874946
1.365939702 -0.034950975 -2.573993040 7.970596332 44.442702348 -100.000000000 -100.000000000
50.423769891 30.118119887 -155.465057511 41.756793337 500.000000000 500.000000000 500.000000000
0.812146408 1.114169817 -1.519505549 -1.312277402 -2.028866953 -1.654420228 -0.492782635

4.030806216
0.930863807 1.555036470 -0.879179956 -1.516464334 -1.627577263 1.437178993 1.344541613
1.372673306 2.900021297 -1.665410642 3.985604950 99.763636842 100.000000000 100.000000000
-39.331715297 -102.095702210 -30.730942534 -59.320915848 -500.000000000 -500.000000000 -500.000000000
0.812068928 1.114067485 -1.519583941 -1.312604299 -2.028971005 -1.654376869 -0.493188598

4.031801875
0.930863807 1.555036470 -0.879179956 -1.516464334 -1.627577263 1.437178993 1.344541613
1.372673306 2.900021297 -1.665410642 3.985604950 99.763636842 100.000000000 100.000000000
-39.331715297 -102.095702210 -30.730942534 -59.320915848 -500.000000000 -500.000000000 -500.000000000
0.812068928 1.114067485 -1.519583941 -1.312604299 -2.028971005 -1.654376869 -0.493188598

4.032748382
0.947795763 1.592720486 -0.923321465 -1.486016968 -1.448441298 1.437178993 1.344541613
2.835135448 3.844086950 -9.058688279 1.534070755 -57.007368282 -100.000000000 -100.000000000
-36.964866224 -150.268810726 -32.698033503 -97.497203901 -500.000000000 -500.000000000 -500.000000000
0.812040818 1.114030761 -1.519612054 -1.312721530 -2.029008350 -1.654361314 -0.493334507

4.033941405
0.963574534 1.603178073 -0.987569990 -1.486757823 -1.865107964 1.020512327 0.927874946
3.786904969 2.509820647 -15.419646002 -0.177805138 -100.000000000 -100.000000000 -100.000000000
-70.280655859 -124.753896332 121.542268799 -13.362033977 500.000000000 500.000000000 500.000000000
0.811988660 1.113963240 -1.519663739 -1.312936947 -2.029077010 -1.654332747 -0.493603128

4.034803632
0.971637550 1.615465812 -1.018088296 -1.488039330 -2.047302979 1.437178993 1.344541613
1.935123995 2.949057544 -7.324393405 -0.307561844 -43.726803384 100.000000000 100.000000000
-90.896686792 -99.117896172 255.183545142 20.938190274 500.000000000 500.000000000 500.000000000
0.811963449 1.113930883 -1.519688504 -1.313040125 -2.029109914 -1.654319071 -0.493732020

4.035770679
0.974441420 1.631435295 -1.026076970 -1.495531883 -1.774420412 1.853845660 1.761208280
0.672928604 3.832675888 -1.917281669 -1.798212621 65.491816098 100.000000000 100.000000000
-54.669890070 -109.134643841 96.327847250 23.651157427 500.000000000 -500.000000000 -500.000000000
0.811936876 1.113896934 -1.519714473 -1.313148339 -2.029144438 -1.654304717 -0.493867332

4.037041308
0.974441420 1.631435295 -1.026076970 -1.495531883 -1.774420412 1.853845660 1.761208280
0.672928604 3.832675888 -1.917281669 -1.798212621 65.491816098 100.000000000 100.000000000
-54.669890070 -109.134643841 96.327847250 23.651157427 500.000000000 -500.000000000 -500.000000000
0.811909977 1.113862797 -1.519740594 -1.313257114 -2.029179153 -1.654290305 -0.494003538

4.038858550
0.990998165 1.658637876 -1.058065793 -1.480591599 -1.357753745 1.437178993 1.344541613
3.973618980 6.528619309 -7.677317611 3.585668059 100.000000000 -100.000000000 -100.000000000
-29.709026453 -128.407353838 -11.018117001 54.202606847 -500.000000000 -500.000000000 -500.000000000
0.811909977 1.113862797 -1.519740594 -1.313257114 -2.029179153 -1.654290305 -0.494003538

4.058797434
0.972278530 1.658348259 -0.947931521 -1.639066362 -1.868163854 1.962045255 2.218643358
-1.925250223 -2.271836084 2.890694888 -2.012475758 -36.465357583 100.000000000 100.000000000
-63.950433546 -83.257210288 -26.105147981 -27.724645757 -500.000000000 -500.000000000 -500.000000000
0.811285525 1.113118053 -1.520309014 -1.315620213 -2.029936665 -1.653977428 -0.497002689

4.059807614
0.967717792 1.640746660 -0.955620616 -1.642706210 -2.284830521 1.545378588 1.801976692
-1.094577290 -4.224383732 -1.845382885 -0.873563653 -100.000000000 -100.000000000 -100.000000000
22.405703947 -9.086298875 -115.051647055 72.594129990 500.000000000 -500.000000000 -500.000000000
0.811255884 1.113084760 -1.520334366 -1.315725401 -2.029970535 -1.653963519 -0.497138040

4.060806335
0.976522304 1.632325294 -0.970613998 -1.613104552 -2.147031091 1.128711922 1.385310025
2.113082950 -2.021127642 -3.598411553 7.104397943 33.071863171 -100.000000000 -100.000000000
6.245355061 31.721484644 -19.563717272 50.169353934 500.000000000 500.000000000 500.000000000
0.811225860 1.113051201 -1.520359913 -1.315831391 -2.030004677 -1.653949504 -0.497274577

4.061808027
0.981456429 1.634833793 -0.975193705 -1.599287883 -1.731672387 1.545378588 1.801976692
1.184189955 0.602039621 -1.099129728 3.316000447 99.686088992 100.000000000 100.000000000
-58.791303378 -11.504856520 16.993639495 -112.360642725 -500.000000000 500.000000000 500.000000000
0.811195710 1.113017668 -1.520385434 -1.315937260 -2.030038794 -1.653935505 -0.497411120

4.062806358
0.969855329 1.622287843 -0.961539062 -1.606979751 -1.884621698 1.962045255 2.218643358
-2.784263911 -3.011028039 3.277114375 -1.846048177 -36.707834792 100.000000000 100.000000000
-40.709870983 -64.222404930 -32.536578368 -37.984946620 -500.000000000 -500.000000000 -500.000000000
0.811165190 1.112983913 -1.520411125 -1.316043787 -2.030073135 -1.653921428 -0.497548696

4.063900966
0.961857148 1.601831216 -0.967215744 -1.610191132 -2.301288365 1.545378588 1.801976692
-1.919563448 -4.909590481 -1.362403721 -0.770731527 -100.000000000 -100.000000000 -100.000000000
39.816264287 9.290167779 -121.429493795 66.014559942 500.000000000 -500.000000000 -500.000000000
0.811134978 1.112950656 -1.520436427 -1.316148704 -2.030106971 -1.653907561 -0.497684345

4.065301299
0.967391836 1.591548211 -0.982356650 -1.580546476 -2.163115587 1.128711922 1.385310025
1.328325190 -2.467921101 -3.633817613 7.114717606 33.161466776 -100.000000000 -100.000000000
39.816264287 9.290167779 -121.429493795 66.014559942 500.000000000 -500.000000000 -500.000000000
0.811104402 1.112917159 -1.520461904 -1.316254341 -2.030141053 -1.653893598 -0.497821080

4.067378832
0.967391836 1.591548211 -0.982356650 -1.580546476 -2.163115587 1.128711922 1.385310025
1.328325190 -2.467921101 -3.633817613 7.114717606 33.161466776 -100.000000000 -100.000000000
39.816264287 9.290167779 -121.429493795 66.014559942 500.000000000 -500.000000000 -500.000000000
0.811104402 1.112917159 -1.520461904 -1.316254341 -2.030141053 -1.653893598 -0.497821080

4.067778130
0.986037483 1.595290761 -1.018736445 -1.519270113 -1.746448920 0.712045255 0.968643358
4.474955121 0.898211871 -8.731150698 14.706326926 100.000000000 -100.000000000 -100.000000000
23.319051974 49.303753603 -28.073993915 44.818873368 500.000000000 500.000000000 500.000000000
0.811016622 1.112821928 -1.520534310 -1.316554435 -2.030237947 -1.653853946 -0.498210445

4.068907821
0.989885556 1.591632442 -0.996270846 -1.445300411 -1.742399962 1.545378588 1.801976692
-1.822276587 -3.088078592 8.058572778 6.344831978 -99.028250155 100.000000000 100.000000000
-73.562978538 -93.369953323 4.267549085 -212.641417381 -500.000000000 -500.000000000 -500.000000000
0.810980627 1.112783282 -1.520563688 -1.316676123 -2.030277267 -1.653837878 -0.498368735

4.069886842
0.987253773 1.572006524 -0.986647246 -1.421080450 -2.159066629 1.128711922 1.385310025
-0.631628034 -4.710220336 2.309663982 5.812790629 -100.000000000 -100.000000000 -100.000000000
-73.562978538 -93.369953323 4.267549085 -212.641417381 -500.000000000 -500.000000000 -500.000000000
0.810980627 1.112783282 -1.520563688 -1.316676123 -2.030277267 -1.653837878 -0.498368735

4.071210812
0.987253773 1.572006524 -0.986647246 -1.421080450 -2.159066629 1.128711922 1.385310025
-0.631628034 -4.710220336 2.309663982 5.812790629 -100.000000000 -100.000000000 -100.000000000
-4.997868355 48.278753760 -99.587452681 -105.825857586 500.000000000 500.000000000 500.000000000
0.810949482 1.112749994 -1.520588977 -1.316780900 -2.030311139 -1.653824034 -0.498505177

4.071775484
1.000652742 1.570438552 -1.009872642 -1.361475881 -1.830132884 0.712045255 0.968643358
3.215752514 -0.376313300 -5.574094916 14.305096616 78.944098841 -100.000000000 -100.000000000
-4.997868355 48.278753760 -99.587452681 -105.825857586 500.000000000 500.000000000 500.000000000
0.810886485 1.112683199 -1.520639720 -1.316991020 -2.030379105 -1.653796294 -0.498779342

4.072839474
1.006805513 1.556130038 -0.972447562 -1.318992221 -1.830132884 1.545378588 1.801976692
-1.389659811 -4.916512669 11.416699027 1.327850972 -100.000000000 100.000000000 100.000000000
-77.497426679 -76.042617748 -1.368663273 -176.611153598 -500.000000000 -500.000000000 -500.000000000
0.810855338 1.112650390 -1.520664628 -1.317094175 -2.030412492 -1.653782668 -0.498914156

4.073977318
1.003417808 1.527688942 -0.942886362 -1.312199120 -2.246799551 1.128711922 1.385310025
-0.813049142 -6.825863059 7.094687846 1.630344350 -100.000000000 -100.000000000 -100.000000000
8.198178715 53.982288532 -283.155687174 -26.367214777 500.000000000 -500.000000000 -500.000000000
0.810823650 1.112617188 -1.520689834 -1.317198521 -2.030446278 -1.653768894 -0.499050710

4.074882211
1.016207699 1.520712260 -0.956121910 -1.265330503 -1.912189469 0.712045255 0.968643358
3.069573746 -1.674403632 -3.176531394 11.248468058 80.306419580 -100.000000000 -100.000000000
-2.998433020 95.010085779 -199.674104145 -33.106827107 500.000000000 500.000000000 500.000000000
0.810791727 1.112583919 -1.520715093 -1.317303035 -2.030480131 -1.653755105 -0.499187671

4.075827844
1.031946530 1.526711311 -0.973783017 -1.240280230 -1.495522802 1.128711922 1.385310025
3.777319432 1.439772089 -4.238665872 6.012065586 100.000000000 100.000000000 100.000000000
-81.933072129 -7.324761524 7.071309555 -230.166614365 -500.000000000 500.000000000 500.000000000
0.810759492 1.112550467 -1.520740477 -1.317408088 -2.030514173 -1.653741239 -0.499325483

4.076835798
1.029826874 1.508218254 -0.933699877 -1.245898891 -1.912189469 1.545378588 1.801976692
-0.508717310 -4.438333646 9.619953637 -1.348478618 -100.000000000 100.000000000 100.000000000
-97.665092415 -70.211526178 30.077571485 -127.954097541 -500.000000000 -500.000000000 -500.000000000
0.810727334 1.112517265 -1.520765669 -1.317512312 -2.030547960 -1.653727488 -0.499462387

4.077822245
1.027006393 1.479807529 -0.903457012 -1.244376188 -2.328856136 1.128711922 1.385310025
-0.676915554 -6.818573983 7.258287663 0.365448720 -100.000000000 -100.000000000 -100.000000000
-11.735607870 49.196574038 -251.105651926 19.808230214 500.000000000 -500.000000000 -500.000000000
0.810695070 1.112484106 -1.520790821 -1.317616362 -2.030581704 -1.653713759 -0.499599221

4.078833702
1.039121524 1.472133029 -0.914276231 -1.199975008 -1.995729934 0.712045255 0.968643358
2.907631555 -1.841879949 -2.596612433 10.656283108 79.950288269 -100.000000000 -100.000000000
-8.092821221 99.639137393 -206.899134108 -14.632991861 500.000000000 500.000000000 500.000000000
0.810662656 1.112450955 -1.520815961 -1.317720348 -2.030615440 -1.653700041 -0.499736141

4.079830720
1.056841409 1.479095390 -0.939105111 -1.179254533 -1.579063268 1.128711922 1.385310025
4.252772359 1.670966663 -5.958931392 4.972913880 100.000000000 100.000000000 100.000000000
-80.998517944 0.869391567 -8.721724407 -224.900196168 -500.000000000 500.000000000 500.000000000
0.810630104 1.112417817 -1.520841085 -1.317824254 -2.030649165 -1.653686334 -0.499873118

4.080830102
1.056823578 1.462291939 -0.904927468 -1.190868426 -1.995729934 1.545378588 1.801976692
-0.004279538 -4.032828221 8.202634312 -2.787334227 -100.000000000 100.000000000 100.000000000
-109.676577726 -70.087090577 61.005030456 -113.315249666 -500.000000000 -500.000000000 -500.000000000
0.810597254 1.112384539 -1.520866311 -1.317928558 -2.030683032 -1.653672577 -0.500010794

4.081807507
1.053380995 1.433593190 -0.871335425 -1.191317476 -2.412396601 1.128711922 1.385310025
-0.826219969 -6.887699805 8.062090400 -0.107771867 -100.000000000 -100.000000000 -100.000000000
-24.537041565 45.665824365 -225.646570505 43.040671355 500.000000000 -500.000000000 -500.000000000
0.810564581 1.112351588 -1.520891280 -1.318031798 -2.030716567 -1.653658959 -0.500147223

4.082915718
1.053380995 1.433593190 -0.871335425 -1.191317476 -2.412396601 1.128711922 1.385310025
-0.826219969 -6.887699805 8.062090400 -0.107771867 -100.000000000 -100.000000000 -100.000000000
-7.757241978 105.629835886 -226.197393529 -10.515994868 500.000000000 500.000000000 500.000000000
0.810531570 1.112318481 -1.520916373 -1.318135481 -2.030750259 -1.653645297 -0.500284439

4.083797863
1.082978819 1.432391518 -0.906040667 -1.130747160 -1.664300239 1.128711922 1.385310025
4.599054203 1.811265125 -7.190428689 4.119370091 100.000000000 100.000000000 100.000000000
-75.416926184 10.740715826 -41.706993039 -225.372539211 -500.000000000 500.000000000 500.000000000
0.810498578 1.112285524 -1.520941337 -1.318238657 -2.030783801 -1.653631693 -0.500421125

4.084817579
1.082978819 1.432391518 -0.906040667 -1.130747160 -1.664300239 1.128711922 1.385310025
4.599054203 1.811265125 -7.190428689 4.119370091 100.000000000 100.000000000 100.000000000
-75.416926184 10.740715826 -41.706993039 -225.372539211 -500.000000000 500.000000000 500.000000000
0.810498578 1.112285524 -1.520941337 -1.318238657 -2.030783801 -1.653631693 -0.500421125

4.086240495
1.082978819 1.432391518 -0.906040667 -1.130747160 -1.664300239 1.128711922 1.385310025
4.599054203 1.811265125 -7.190428689 4.119370091 100.000000000 100.000000000 100.000000000
-75.416926184 10.740715826 -41.706993039 -225.372539211 -500.000000000 500.000000000 500.000000000
0.810498578 1.112285524 -1.520941337 -1.318238657 -2.030783801 -1.653631693 -0.500421125

4.086800491
1.085229814 1.417505497 -0.879001729 -1.147820739 -2.080653796 1.545378588 1.801976692
0.540238794 -3.572645251 6.489345140 -4.097658880 -99.924853889 100.000000000 100.000000000
-119.229108193 -68.235901921 82.318506863 -101.136551522 -500.000000000 -500.000000000 -500.000000000
0.810395723 1.112183770 -1.521018382 -1.318556964 -2.030887365 -1.653589738 -0.500843884

4.087930601
1.085229814 1.417505497 -0.879001729 -1.147820739 -2.080653796 1.545378588 1.801976692
0.540238794 -3.572645251 6.489345140 -4.097658880 -99.924853889 100.000000000 100.000000000
-38.288184952 40.920732336 -193.988568060 64.879555129 500.000000000 -500.000000000 -500.000000000
0.810364772 1.112153430 -1.521041342 -1.318651800 -2.030918246 -1.653577241 -0.500970147

4.104371736
1.214686711 1.336511847 -0.888129393 -1.197353301 -1.918166415 1.545378588 1.801976692
3.035861753 4.136316487 -7.048781470 0.817984691 100.000000000 100.000000000 100.000000000
-47.111593781 -5.952490157 -119.261107901 -124.593405851 -500.000000000 500.000000000 500.000000000
0.809808671 1.111629149 -1.521437363 -1.320285111 -2.031451938 -1.653362279 -0.503167803

4.104813123
1.214686711 1.336511847 -0.888129393 -1.197353301 -1.918166415 1.545378588 1.801976692
3.035861753 4.136316487 -7.048781470 0.817984691 100.000000000 100.000000000 100.000000000
-47.111593781 -5.952490157 -119.261107901 -124.593405851 -500.000000000 500.000000000 500.000000000
0.809772515 1.111596330 -1.521462102 -1.320387004 -2.031485350 -1.653348884 -0.503306370

4.105833319
1.213819620 1.338758205 -0.889069091 -1.220121568 -2.066493471 1.962045255 2.218643358
-0.208102022 0.539125954 -0.225527528 -5.464384066 -35.598493443 100.000000000 100.000000000
-101.205039085 -105.214599530 77.644832445 -28.652874866 -500.000000000 -500.000000000 -500.000000000
0.809736672 1.111563943 -1.521486510 -1.320487519 -2.031518324 -1.653335673 -0.503443236

4.106808476
1.205339812 1.325657243 -0.874032148 -1.232077563 -2.483160137 1.545378588 1.801976692
-2.035153872 -3.144230902 3.608866278 -2.869438828 -100.000000000 -100.000000000 -100.000000000
-36.246254300 -33.501945218 -58.731191346 99.251086140 500.000000000 -500.000000000 -500.000000000
0.809700734 1.111531622 -1.521510868 -1.320587786 -2.031551229 -1.653322502 -0.503579952

4.107779096
1.207012508 1.324717501 -0.877297355 -1.208089302 -2.345049155 1.128711922 1.385310025
0.401447068 -0.225538017 -0.783649582 5.757182527 33.146635710 -100.000000000 -100.000000000
1.139169674 41.472055997 -136.925197551 48.537754192 500.000000000 500.000000000 500.000000000
0.809664279 1.111498966 -1.521535467 -1.320689055 -2.031584478 -1.653309195 -0.503718188

4.108965936
1.217098025 1.341610558 -0.911201550 -1.204650565 -1.928382488 1.545378588 1.801976692
2.420524179 4.054333658 -8.137006888 0.825297025 100.000000000 100.000000000 100.000000000
-47.763764207 -16.811093117 -48.750819533 -126.403625842 -500.000000000 500.000000000 500.000000000
0.809628290 1.111466870 -1.521559639 -1.320788545 -2.031617156 -1.653296125 -0.503854174

4.109783784
1.212465454 1.341508362 -0.910751869 -1.227389927 -2.078392408 1.962045255 2.218643358
-1.111817113 -0.024526913 0.107923498 -5.457447085 -36.002380674 100.000000000 100.000000000
-47.763764207 -16.811093117 -48.750819533 -126.403625842 -500.000000000 500.000000000 500.000000000
0.809628290 1.111466870 -1.521559639 -1.320788545 -2.031617156 -1.653296125 -0.503854174

4.110805100
1.200194019 1.325357046 -0.892652234 -1.239072585 -2.495059075 1.545378588 1.801976692
-2.945144405 -3.876315963 4.343912359 -2.803837776 -100.000000000 -100.000000000 -100.000000000
-18.051639573 -22.517397839 -63.242097848 99.797346195 500.000000000 -500.000000000 -500.000000000
0.809555058 1.111401988 -1.521608487 -1.320989546 -2.031683217 -1.653269726 -0.504129427

4.111866497
1.198085353 1.321666620 -0.892834907 -1.215311239 -2.356958131 1.128711922 1.385310025
-0.506079919 -0.885702069 -0.043841459 5.702723004 33.144226487 -100.000000000 -100.000000000
19.838992039 56.130813451 -149.773872414 47.885059418 500.000000000 500.000000000 500.000000000
0.809518231 1.111369560 -1.521632887 -1.321089945 -2.031716236 -1.653256538 -0.504267162

4.112831305
1.204810100 1.336659385 -0.925643016 -1.212370576 -1.940291464 1.545378588 1.801976692
1.613939453 3.598263541 -7.873946164 0.705759202 100.000000000 100.000000000 100.000000000
-28.735113791 -3.315664654 -62.002968781 -124.632330645 -500.000000000 500.000000000 500.000000000
0.809481334 1.111337219 -1.521657219 -1.321190033 -2.031749166 -1.653243397 -0.504404656

4.113756681
1.197775540 1.335364218 -0.927284500 -1.235332658 -2.087450797 1.962045255 2.218643358
-1.688294414 -0.310840139 -0.393956248 -5.510899886 -35.318239793 100.000000000 100.000000000
-71.811665722 -94.497487426 97.877503027 -24.997129810 -500.000000000 -500.000000000 -500.000000000
0.809444281 1.111304884 -1.521681541 -1.321290062 -2.031782090 -1.653230266 -0.504542247

4.115483437
1.197775540 1.335364218 -0.927284500 -1.235332658 -2.087450797 1.962045255 2.218643358
-1.688294414 -0.310840139 -0.393956248 -5.510899886 -35.318239793 100.000000000 100.000000000
-5.067237604 -16.189130605 -51.560579125 101.622257382 500.000000000 -500.000000000 -500.000000000
0.809406304 1.111271898 -1.521706352 -1.321392061 -2.031815677 -1.653216884 -0.504682744

4.116351311
1.183673210 1.318234255 -0.912437423 -1.246949846 -2.504117463 1.545378588 1.801976692
-3.384559206 -4.111191230 3.563298619 -2.788125059 -100.000000000 -100.000000000 -100.000000000
-5.071035319 -16.192429226 -51.563060246 101.612057421 500.000000000 -500.000000000 -500.000000000
0.809368094 1.111238824 -1.521731211 -1.321494295 -2.031849357 -1.653203460 -0.504823706

4.116806258
1.179346475 1.313347254 -0.914075381 -1.223173638 -2.368000364 1.128711922 1.385310025
-1.038416567 -1.172880104 -0.393110028 5.706289945 32.668103940 -100.000000000 -100.000000000
30.260672491 61.524281550 -132.195351196 48.308056346 500.000000000 500.000000000 500.000000000
0.809331781 1.111207558 -1.521754718 -1.321590893 -2.031881192 -1.653190792 -0.504957112

4.117839078
1.183256407 1.327088761 -0.946915480 -1.220302208 -1.951333697 1.545378588 1.801976692
0.938383724 3.297961733 -7.881623586 0.689143249 100.000000000 100.000000000 100.000000000
-16.233138015 3.243632485 -52.905733080 -123.967524368 -500.000000000 500.000000000 500.000000000
0.809294409 1.111175502 -1.521778807 -1.321689897 -2.031913834 -1.653177806 -0.505093992

4.118870854
1.173825152 1.324459920 -0.949232344 -1.243072507 -2.097034943 1.962045255 2.218643358
-2.263501111 -0.630921917 -0.556047349 -5.464871891 -34.968298970 100.000000000 100.000000000
-56.163874235 -87.550560556 100.146138930 -23.921633854 -500.000000000 -500.000000000 -500.000000000
0.809256602 1.111143207 -1.521803070 -1.321789600 -2.031946721 -1.653164727 -0.505232010

4.119850280
1.157821551 1.305961822 -0.935511539 -1.254271445 -2.513701609 1.545378588 1.801976692
-3.840864355 -4.439543566 3.292993062 -2.687745038 -100.000000000 -100.000000000 -100.000000000
8.813167229 -8.713233008 -46.136125641 101.425728606 500.000000000 -500.000000000 -500.000000000
0.809218663 1.111110933 -1.521827308 -1.321889193 -2.031979586 -1.653151664 -0.505370050

4.120809415
1.157821551 1.305961822 -0.935511539 -1.254271445 -2.513701609 1.545378588 1.801976692
-3.840864355 -4.439543566 3.292993062 -2.687745038 -100.000000000 -100.000000000 -100.000000000
8.813167229 -8.713233008 -46.136125641 101.425728606 500.000000000 -500.000000000 -500.000000000
0.809218663 1.111110933 -1.521827308 -1.321889193 -2.031979586 -1.653151664 -0.505370050

4.122401641
1.157821551 1.305961822 -0.935511539 -1.254271445 -2.513701609 1.545378588 1.801976692
-3.840864355 -4.439543566 3.292993062 -2.687745038 -100.000000000 -100.000000000 -100.000000000
8.813167229 -8.713233008 -46.136125641 101.425728606 500.000000000 -500.000000000 -500.000000000
0.809218663 1.111110933 -1.521827308 -1.321889193 -2.031979586 -1.653151664 -0.505370050

4.123140208
1.157821551 1.305961822 -0.935511539 -1.254271445 -2.513701609 1.545378588 1.801976692
-3.840864355 -4.439543566 3.292993062 -2.687745038 -100.000000000 -100.000000000 -100.000000000
41.956998346 69.305782464 -124.491438097 46.993125926 500.000000000 500.000000000 500.000000000
0.809218663 1.111110933 -1.521827308 -1.321889193 -2.031979586 -1.653151664 -0.505370050

4.123844443
1.152800088 1.312286213 -0.969866872 -1.227540279 -1.962041557 1.545378588 1.801976692
0.346868019 3.022189712 -7.833433473 0.674035161 100.000000000 100.000000000 100.000000000
-3.184638754 11.218811052 -50.230270281 -124.012605382 -500.000000000 500.000000000 500.000000000
0.809065799 1.110982277 -1.521923876 -1.322285809 -2.032110605 -1.653099667 -0.505921554

4.125257319
1.141492030 1.308580234 -0.973144525 -1.250171384 -2.106124553 1.962045255 2.218643358
-2.713933773 -0.889434986 -0.786636741 -5.431465412 -34.579919022 100.000000000 100.000000000
-41.310789229 -80.574187916 101.462969020 -22.955256253 -500.000000000 -500.000000000 -500.000000000
0.809027504 1.110950372 -1.521947804 -1.322384065 -2.032143098 -1.653086787 -0.506058605

4.125877397
1.124124903 1.288985962 -0.960817420 -1.260996054 -2.522791220 1.545378588 1.801976692
-4.168110591 -4.702625280 2.958505140 -2.597920618 -100.000000000 -100.000000000 -100.000000000
21.032222858 -1.974286537 -39.147593084 101.408040207 500.000000000 -500.000000000 -500.000000000
0.809027504 1.110950372 -1.521947804 -1.322384065 -2.032143098 -1.653086787 -0.506058605

4.126866296
1.115993694 1.281579324 -0.962780907 -1.236916932 -2.388950284 1.128711922 1.385310025
-1.951490038 -1.777593163 -0.471236941 5.778989130 32.121824692 -100.000000000 -100.000000000
51.847200762 76.244579016 -115.286416797 45.806167976 500.000000000 500.000000000 500.000000000
0.808950298 1.110886486 -1.521995714 -1.322580681 -2.032208159 -1.653061035 -0.506333435

4.127878549
1.115356019 1.293211348 -0.995245579 -1.234145721 -1.972283617 1.545378588 1.801976692
-0.153042106 2.791685849 -7.791521221 0.665090756 100.000000000 100.000000000 100.000000000
8.325461111 18.482579423 -46.496741877 -124.146157431 -500.000000000 500.000000000 500.000000000
0.808904443 1.110848774 -1.522023976 -1.322696670 -2.032246568 -1.653045838 -0.506495872

4.128841942
1.102526836 1.288536811 -0.999238857 -1.256628879 -2.114972836 1.962045255 2.218643358
-3.079004000 -1.121889063 -0.958386845 -5.395957973 -34.245412546 100.000000000 100.000000000
-27.584315543 -74.069974446 103.152584670 -22.156910025 -500.000000000 -500.000000000 -500.000000000
0.808872337 1.110822489 -1.522043674 -1.322777478 -2.032273337 -1.653035258 -0.506609199

4.129804226
1.084146175 1.267925999 -0.987926992 -1.267071982 -2.531639503 1.545378588 1.801976692
-4.411358686 -4.946594900 2.714847664 -2.506344642 -100.000000000 -100.000000000 -100.000000000
32.214630127 4.666349113 -33.112744739 101.304299598 500.000000000 -500.000000000 -500.000000000
0.808832786 1.110790232 -1.522067842 -1.322876607 -2.032306189 -1.653022282 -0.506748388

4.130777277
1.074706528 1.259498553 -0.989917781 -1.242844114 -2.398745039 1.128711922 1.385310025
-2.265515160 -2.022586918 -0.477789243 5.814688210 31.894671354 -100.000000000 -100.000000000
60.695834834 83.218321368 -107.711038252 44.546430284 500.000000000 500.000000000 500.000000000
0.808832786 1.110790232 -1.522067842 -1.322876607 -2.032306189 -1.653022282 -0.506748388

4.131878094
1.072349698 1.270320063 -1.022172929 -1.240135375 -1.982078372 1.545378588 1.801976692
-0.565639139 2.597162481 -7.741235714 0.650097498 100.000000000 100.000000000 100.000000000
18.718968519 25.577688458 -43.661631003 -124.306898354 -500.000000000 500.000000000 500.000000000
0.808793181 1.110758054 -1.522091939 -1.322975456 -2.032338963 -1.653009338 -0.506887346

4.132803020
1.058376121 1.264820991 -1.026798699 -1.262523127 -2.123488134 1.962045255 2.218643358
-3.353658623 -1.319777396 -1.110184811 -5.373060569 -33.938342808 100.000000000 100.000000000
-15.047509258 -67.903202366 104.830003768 -21.297477710 -500.000000000 -500.000000000 -500.000000000
0.808709910 1.110690839 -1.522142259 -1.323181799 -2.032407423 -1.652982330 -0.507178017

4.133805723
1.039352984 1.243328177 -1.016340986 -1.272636898 -2.540154801 1.545378588 1.801976692
-4.565552763 -5.158275297 2.509851139 -2.427304964 -100.000000000 -100.000000000 -100.000000000
42.106551447 10.982532673 -27.330659736 101.395344168 500.000000000 -500.000000000 -500.000000000
0.808674480 1.110662424 -1.522163527 -1.323268971 -2.032436363 -1.652970927 -0.507301069

4.134801508
1.028966383 1.234021605 -1.018262676 -1.248306744 -2.408094527 1.128711922 1.385310025
-2.492784219 -2.233577328 -0.461205418 5.839236916 31.694465586 -100.000000000 -100.000000000
68.243204805 89.898930626 -100.779276847 43.482891920 500.000000000 500.000000000 500.000000000
0.808634744 1.110630671 -1.522187284 -1.323366351 -2.032468706 -1.652958188 -0.507438682

4.135800257
1.025229738 1.244169431 -1.050261449 -1.245709101 -1.991427861 1.545378588 1.801976692
-0.896794983 2.435478189 -7.679705626 0.623434297 100.000000000 100.000000000 100.000000000
27.822520459 32.332453134 -41.168352459 -124.290698997 -500.000000000 500.000000000 500.000000000
0.808594967 1.110599018 -1.522210962 -1.323463381 -2.032500946 -1.652945498 -0.507575988

4.136800524
1.010443209 1.237969647 -1.055391797 -1.268064403 -2.131686451 1.962045255 2.218643358
-3.548766761 -1.487948147 -1.231283570 -5.365272515 -33.662061716 100.000000000 100.000000000
-3.727577434 -62.066605112 106.399161238 -20.244113909 -500.000000000 -500.000000000 -500.000000000
0.808554869 1.110567221 -1.522234733 -1.323560811 -2.032533334 -1.652932750 -0.507714014

4.139124579
1.010443209 1.237969647 -1.055391797 -1.268064403 -2.131686451 1.962045255 2.218643358
-3.548766761 -1.487948147 -1.231283570 -5.365272515 -33.662061716 100.000000000 100.000000000
-3.727577434 -62.066605112 106.399161238 -20.244113909 -500.000000000 -500.000000000 -500.000000000
0.808554869 1.110567221 -1.522234733 -1.323560811 -2.032533334 -1.652932750 -0.507714014

4.155282381
0.870494395 0.954764936 -0.830297071 -1.161926840 -2.822799716 0.712045255 0.968643358
4.451437494 -1.966129440 -6.217567850 -4.276402766 98.840777215 -100.000000000 -100.000000000
1.556137524 107.778408803 -79.301450008 107.789745617 500.000000000 -500.000000000 -500.000000000
0.807852431 1.110030228 -1.522635316 -1.325199941 -2.033080373 -1.652718726 -0.510064015

4.156372762
0.870494395 0.954764936 -0.830297071 -1.161926840 -2.822799716 0.712045255 0.968643358
4.451437494 -1.966129440 -6.217567850 -4.276402766 98.840777215 -100.000000000 -100.000000000
1.556137524 107.778408803 -79.301450008 107.789745617 500.000000000 -500.000000000 -500.000000000
0.807852431 1.110030228 -1.522635316 -1.325199941 -2.033080373 -1.652718726 -0.510064015

4.156805627
0.898744138 0.962229292 -0.883203308 -1.145039886 -2.406133049 0.295378588 0.551976692
6.779938465 1.791445418 -12.697496785 4.052868961 100.000000000 -100.000000000 -100.000000000
-95.292946186 54.849118064 55.117532533 69.200745213 -500.000000000 500.000000000 500.000000000
0.807723961 1.109935810 -1.522705557 -1.325486899 -2.033176571 -1.652681329 -0.510480926

4.157803916
0.898744138 0.962229292 -0.883203308 -1.145039886 -2.406133049 0.295378588 0.551976692
6.779938465 1.791445418 -12.697496785 4.052868961 100.000000000 -100.000000000 -100.000000000
-144.700787048 -21.058256519 189.999710832 -99.102080589 -500.000000000 500.000000000 500.000000000
0.807681113 1.109904556 -1.522728791 -1.325581808 -2.033208417 -1.652668960 -0.510619170

4.158790221
0.941736129 0.995936120 -1.009023685 -1.100280641 -1.989466383 -0.121288078 0.135310025
10.318077708 8.089638740 -30.196890510 10.742218801 100.000000000 -100.000000000 -100.000000000
-144.700787048 -21.058256519 189.999710832 -99.102080589 -500.000000000 500.000000000 500.000000000
0.807681113 1.109904556 -1.522728791 -1.325581808 -2.033208417 -1.652668960 -0.510619170

4.160304358
0.955478035 1.000843266 -1.031125915 -1.065680837 -2.406133049 0.295378588 0.551976692
3.298057422 1.177714979 -5.304535203 8.303952927 -100.000000000 100.000000000 100.000000000
-219.767055703 -150.395931239 500.000000000 -237.374492723 -500.000000000 500.000000000 500.000000000
0.807632415 1.109869185 -1.522755079 -1.325689163 -2.033244456 -1.652654975 -0.510775778

4.160781384
0.954089428 0.981593648 -0.989209914 -1.063409434 -2.822799716 0.712045255 0.968643358
-0.333265686 -4.619908118 10.059840180 0.545136786 -100.000000000 100.000000000 100.000000000
-7.984216413 105.222947031 -254.553378041 -37.139108976 500.000000000 -500.000000000 -500.000000000
0.807548087 1.109808303 -1.522800311 -1.325873825 -2.033306490 -1.652630929 -0.511045720

4.161799753
0.986295124 0.998485615 -1.039103237 -0.992957834 -1.989466383 -0.121288078 0.135310025
6.479129504 5.936951983 -18.967956111 10.759167147 100.000000000 -100.000000000 -100.000000000
-40.179817379 51.263598369 -196.144197098 -151.792947526 -500.000000000 500.000000000 500.000000000
0.807506618 1.109778537 -1.522822419 -1.325964050 -2.033336819 -1.652619187 -0.511177881

4.162799719
1.001697230 0.997106169 -1.041049428 -0.975270286 -2.406133049 0.295378588 0.551976692
3.696505590 -0.331067026 -0.467085900 4.245011583 -100.000000000 100.000000000 100.000000000
-147.461440599 -107.609747500 330.987203993 -248.483964506 -500.000000000 500.000000000 500.000000000
0.807464560 1.109748444 -1.522844757 -1.326055228 -2.033367483 -1.652607315 -0.511311587

4.163800814
1.001856526 0.961755499 -0.946393164 -1.002875700 -2.822799716 0.712045255 0.968643358
0.038230892 -8.484160738 22.717503296 -6.625299482 -100.000000000 100.000000000 100.000000000
-93.353378777 17.885568049 -38.837814867 -119.978725853 500.000000000 -500.000000000 -500.000000000
0.807419851 1.109716590 -1.522868401 -1.326151697 -2.033399940 -1.652594765 -0.511453265

4.164808045
1.001856526 0.961755499 -0.946393164 -1.002875700 -2.822799716 0.712045255 0.968643358
0.038230892 -8.484160738 22.717503296 -6.625299482 -100.000000000 100.000000000 100.000000000
-20.208285273 184.479323869 -500.000000000 100.178389939 500.000000000 -500.000000000 -500.000000000
0.807419851 1.109716590 -1.522868401 -1.326151697 -2.033399940 -1.652594765 -0.511453265

4.165811073
1.048361742 0.968112126 -0.979126211 -0.976150466 -1.989466383 -0.121288078 0.135310025
9.382668442 5.863812261 -22.454029273 6.587412695 100.000000000 -100.000000000 -100.000000000
-55.760876234 103.364971419 -355.694377687 -28.797829258 -500.000000000 500.000000000 500.000000000
0.807375224 1.109684912 -1.522891907 -1.326247596 -2.033432221 -1.652582288 -0.511594287

4.166813941
1.048361742 0.968112126 -0.979126211 -0.976150466 -1.989466383 -0.121288078 0.135310025
9.382668442 5.863812261 -22.454029273 6.587412695 100.000000000 -100.000000000 -100.000000000
-211.756374206 -103.122045555 394.701732227 -166.767283167 -500.000000000 500.000000000 500.000000000
0.807288952 1.109624016 -1.522937069 -1.326431815 -2.033494274 -1.652558324 -0.511865730

4.167807712
1.082509579 0.946309473 -0.940053584 -0.999583365 -2.822799716 0.712045255 0.968643358
1.455648433 -6.804295945 17.983777214 -7.393500568 -100.000000000 100.000000000 100.000000000
-161.712190566 -17.936854475 121.331826684 -71.157563299 500.000000000 -500.000000000 -500.000000000
0.807244262 1.109592649 -1.522960322 -1.326526644 -2.033526237 -1.652545993 -0.512005739

4.168799917
1.082509579 0.946309473 -0.940053584 -0.999583365 -2.822799716 0.712045255 0.968643358
1.455648433 -6.804295945 17.983777214 -7.393500568 -100.000000000 100.000000000 100.000000000
-56.639500358 152.414236507 -417.966218159 115.175683529 500.000000000 -500.000000000 -500.000000000
0.807199647 1.109561470 -1.522983437 -1.326620859 -2.033558009 -1.652533753 -0.512145058

4.169797615
1.088343318 0.930117577 -0.872492089 -0.995990567 -2.406133049 0.295378588 0.551976692
1.400097452 -3.886055037 16.214758713 0.862271700 100.000000000 -100.000000000 -100.000000000
-56.643961793 152.411118583 -417.968529581 115.166262020 500.000000000 -500.000000000 -500.000000000
0.807155645 1.109530820 -1.523006146 -1.326713437 -2.033589243 -1.652521720 -0.512282118

4.170814936
1.122379686 0.953755261 -0.946877884 -0.962294957 -1.989466383 -0.121288078 0.135310025
8.168728290 5.673044206 -17.852590762 8.086946222 100.000000000 -100.000000000 -100.000000000
-56.120716397 95.662425013 -389.346579908 -50.317721081 -500.000000000 500.000000000 500.000000000
0.807110958 1.109499803 -1.523029116 -1.326807083 -2.033620852 -1.652509546 -0.512420935

4.171805918
1.147110713 0.960163631 -0.968449898 -0.949957956 -2.406133049 0.295378588 0.551976692
5.935446521 1.538008628 -5.177283452 2.960880449 -100.000000000 100.000000000 100.000000000
-194.901438633 -97.886429968 299.436691982 -198.190137020 -500.000000000 500.000000000 500.000000000
0.807066079 1.109468773 -1.523052091 -1.326900727 -2.033652474 -1.652497377 -0.512559941

4.172796785
1.152129525 0.934271556 -0.889564102 -0.979837697 -2.822799716 0.712045255 0.968643358
1.204514926 -6.214098013 18.932591117 -7.171137818 -100.000000000 100.000000000 100.000000000
-152.713393864 -15.829658324 48.085449730 -96.911886086 500.000000000 -500.000000000 -500.000000000
0.807021291 1.109437936 -1.523074923 -1.326993740 -2.033683898 -1.652485301 -0.512698226

4.173797197
1.160936657 0.922647296 -0.831020208 -0.977549519 -2.406133049 0.295378588 0.551976692
2.113711527 -2.789822363 14.050534484 0.549162552 100.000000000 -100.000000000 -100.000000000
-58.601121975 141.798598310 -442.002904460 108.707151973 500.000000000 -500.000000000 -500.000000000
0.806976240 1.109407025 -1.523097799 -1.327086939 -2.033715400 -1.652473197 -0.512836959

4.175409709
1.201114234 0.950592147 -0.922431352 -0.944421991 -1.989466383 -0.121288078 0.135310025
9.642618474 6.706764202 -21.938674527 7.950606761 100.000000000 -100.000000000 -100.000000000
-58.601121975 141.798598310 -442.002904460 108.707151973 500.000000000 -500.000000000 -500.000000000
0.806976240 1.109407025 -1.523097799 -1.327086939 -2.033715400 -1.652473197 -0.512836959

4.175852231
1.201114234 0.950592147 -0.922431352 -0.944421991 -1.989466383 -0.121288078 0.135310025
9.642618474 6.706764202 -21.938674527 7.950606761 100.000000000 -100.000000000 -100.000000000
-58.601121975 141.798598310 -442.002904460 108.707151973 500.000000000 -500.000000000 -500.000000000
0.806976240 1.109407025 -1.523097799 -1.327086939 -2.033715400 -1.652473197 -0.512836959

4.176829761
1.201114234 0.950592147 -0.922431352 -0.944421991 -1.989466383 -0.121288078 0.135310025
9.642618474 6.706764202 -21.938674527 7.950606761 100.000000000 -100.000000000 -100.000000000
-58.601121975 141.798598310 -442.002904460 108.707151973 500.000000000 -500.000000000 -500.000000000
0.806976240 1.109407025 -1.523097799 -1.327086939 -2.033715400 -1.652473197 -0.512836959

4.177951665
1.342758897 1.149911295 -1.614890487 -0.920486260 -1.156133049 -0.954621412 -0.698023308
17.153289515 30.110060214 -100.000000000 -2.900346217 100.000000000 -100.000000000 -100.000000000
-232.266168868 -118.253796212 378.706845846 -197.278630073 -500.000000000 500.000000000 500.000000000
0.806794377 1.109283397 -1.523189217 -1.327459266 -2.033841395 -1.652424865 -0.513393076

4.179221641
1.396307299 1.301384729 -2.110743589 -0.976113219 -1.989466383 -0.121288078 0.135310025
5.042678907 10.644824595 -35.854387400 -6.848521758 -100.000000000 100.000000000 100.000000000
-396.659436616 -500.000000000 500.000000000 17.315326573 -500.000000000 500.000000000 500.000000000
0.806747138 1.109251581 -1.523212724 -1.327554976 -2.033873821 -1.652412446 -0.513536520

4.179791811
1.396307299 1.301384729 -2.110743589 -0.976113219 -1.989466383 -0.121288078 0.135310025
5.042678907 10.644824595 -35.854387400 -6.848521758 -100.000000000 100.000000000 100.000000000
-159.809594224 -232.109806713 500.000000000 101.826259395 500.000000000 -500.000000000 -500.000000000
0.806702881 1.109221900 -1.523234655 -1.327644221 -2.033904070 -1.652400877 -0.513670486

4.180814610
1.372465985 1.401125299 -2.493025055 -1.043913120 -1.156133049 -0.954621412 -0.698023308
-5.076163073 11.939516917 -47.734883932 -11.342727728 100.000000000 -100.000000000 -100.000000000
-45.776334370 -264.179935817 500.000000000 65.485723394 -500.000000000 500.000000000 500.000000000
0.806656907 1.109191154 -1.523257354 -1.327736634 -2.033935409 -1.652388885 -0.513809348

4.182066115
1.379899391 1.409658556 -2.556407398 -1.050459724 -1.572799716 -0.537954745 -0.281356642
1.784017339 2.047981724 -15.211762156 -1.571185061 -100.000000000 100.000000000 100.000000000
44.942353684 -267.983752869 500.000000000 198.472203132 -500.000000000 500.000000000 500.000000000
0.806610865 1.109160501 -1.523279989 -1.327828714 -2.033966649 -1.652376954 -0.513947950

4.182930594
1.379899391 1.409658556 -2.556407398 -1.050459724 -1.572799716 -0.537954745 -0.281356642
1.784017339 2.047981724 -15.211762156 -1.571185061 -100.000000000 100.000000000 100.000000000
44.942353684 -267.983752869 500.000000000 198.472203132 -500.000000000 500.000000000 500.000000000
0.806610865 1.109160501 -1.523279989 -1.327828714 -2.033966649 -1.652376954 -0.513947950

4.183824199
1.423839473 1.384891284 -2.482879230 -1.021879547 -1.989466383 -0.121288078 0.135310025
10.545619734 -5.944145224 17.646760114 6.859242577 -100.000000000 100.000000000 100.000000000
-272.640215511 91.306534837 -256.977707081 -167.789651387 500.000000000 -500.000000000 -500.000000000
0.806518298 1.109099180 -1.523325235 -1.328012807 -2.034029150 -1.652353089 -0.514225564

4.184822582
1.554805180 1.271670403 -2.089785727 -0.944126357 -1.989466383 -0.121288078 0.135310025
12.829558584 -13.288537258 45.039779780 11.087961637 100.000000000 -100.000000000 -100.000000000
-441.527262698 255.895473012 -500.000000000 -185.224737744 500.000000000 -500.000000000 -500.000000000
0.806471586 1.109068404 -1.523347932 -1.328105139 -2.034060520 -1.652341122 -0.514365085

4.185823561
1.572217658 1.265870180 -2.059123168 -0.933170230 -1.572799716 -0.537954745 -0.281356642
4.178994508 -1.392053357 7.359014356 2.629470559 100.000000000 -100.000000000 -100.000000000
-331.424531146 249.510545243 -500.000000000 -260.157110908 -500.000000000 500.000000000 500.000000000
0.806418734 1.109033736 -1.523373498 -1.328209087 -2.034095854 -1.652327663 -0.514522426

4.186798336
1.600026254 1.251089493 -1.988620241 -0.917749319 -1.989466383 -0.121288078 0.135310025
6.674063147 -3.547364905 16.920702339 3.701018596 -100.000000000 100.000000000 100.000000000
-160.159782491 12.157422743 -93.605320190 -92.093296918 -500.000000000 500.000000000 500.000000000
0.806378300 1.109007301 -1.523392983 -1.328288319 -2.034122799 -1.652317400 -0.514642503

4.187797775
1.640259868 1.215924792 -1.847011972 -0.922205196 -2.406133049 0.295378588 0.551976692
9.656067350 -8.439528348 33.985984696 -1.069410504 -100.000000000 100.000000000 100.000000000
-212.846058309 56.739078814 -291.891320969 -115.074271931 500.000000000 -500.000000000 -500.000000000
0.806327975 1.108974519 -1.523417140 -1.328386528 -2.034156213 -1.652304685 -0.514791546

4.188797981
1.659364461 1.219822129 -1.826102828 -0.909116185 -1.989466383 -0.121288078 0.135310025
4.585102226 0.935360939 5.018194479 3.141362624 100.000000000 -100.000000000 -100.000000000
-276.514536281 158.095539635 -500.000000000 -19.229923126 500.000000000 -500.000000000 -500.000000000
0.806280941 1.108943996 -1.523439626 -1.328477923 -2.034187324 -1.652292855 -0.514930450

4.206807634
1.952401627 1.431252962 -1.605838316 -0.801637821 -1.989466383 -0.121288078 0.135310025
2.184250892 7.355947711 -8.379691324 7.371447863 -100.000000000 100.000000000 100.000000000
-157.195070476 -297.288063949 500.000000000 -161.330811569 -500.000000000 500.000000000 500.000000000
0.805414861 1.108400793 -1.523838563 -1.330097320 -2.034741082 -1.652083662 -0.517424328

4.207798835
1.968506857 1.407093131 -1.447518507 -0.796518711 -2.406133049 0.295378588 0.551976692
3.865255287 -5.798359453 37.996754159 1.228586413 -100.000000000 100.000000000 100.000000000
-158.383694378 -179.404171161 175.793801783 -200.274907105 500.000000000 -500.000000000 -500.000000000
0.805363944 1.108369909 -1.523861172 -1.330188978 -2.034772570 -1.652071845 -0.517567378

4.208800278
1.977561978 1.406142224 -1.358767216 -0.774626548 -1.989466383 -0.121288078 0.135310025
2.173228847 -0.228217703 21.300309772 5.254119184 100.000000000 -100.000000000 -100.000000000
-193.619397030 86.094866885 -500.000000000 -77.938754893 500.000000000 -500.000000000 -500.000000000
0.805305542 1.108334636 -1.523886992 -1.330293604 -2.034808533 -1.652058369 -0.517730950

4.209801856
1.994048464 1.460676670 -1.483184046 -0.761036712 -1.572799716 -0.537954745 -0.281356642
3.956756849 13.088267073 -29.860039131 3.261560673 100.000000000 -100.000000000 -100.000000000
-160.690220489 -25.216404725 -442.518172999 -160.649089249 -500.000000000 500.000000000 500.000000000
0.805265662 1.108310621 -1.523904559 -1.330364804 -2.034833018 -1.652049192 -0.517842400

4.210745822
2.007182707 1.493908723 -1.533061817 -0.737037508 -1.989466383 -0.121288078 0.135310025
3.152218119 7.975692636 -11.970664928 5.759808942 -100.000000000 100.000000000 100.000000000
-198.013417262 -297.001946339 500.000000000 -122.164022689 -500.000000000 500.000000000 500.000000000
0.805215685 1.108280639 -1.523926493 -1.330453655 -2.034863587 -1.652037754 -0.517981690

4.211807119
2.023342474 1.470759995 -1.367499343 -0.738545808 -2.406133049 0.295378588 0.551976692
3.878344129 -5.555694555 39.734993722 -0.361992070 -100.000000000 100.000000000 100.000000000
-183.241064487 -198.076661087 240.326830896 -174.537793542 500.000000000 -500.000000000 -500.000000000
0.805164047 1.108249761 -1.523949071 -1.330545119 -2.034895070 -1.652025977 -0.518125267

4.212797931
2.032520623 1.468576322 -1.268991034 -0.720077865 -1.989466383 -0.121288078 0.135310025
2.202755906 -0.524081512 23.641994127 4.432306347 100.000000000 -100.000000000 -100.000000000
-183.241064487 -198.076661087 240.326830896 -174.537793542 500.000000000 -500.000000000 -500.000000000
0.805114565 1.108220276 -1.523970622 -1.330632411 -2.034925132 -1.652014740 -0.518262494

4.213786421
2.046579137 1.485732881 -1.252134886 -0.720888796 -1.572799716 -0.537954745 -0.281356642
3.374043246 4.117574113 4.045475502 -0.194623374 100.000000000 -100.000000000 -100.000000000
-166.795723954 -25.553974392 -498.337841375 -149.701581516 -500.000000000 500.000000000 500.000000000
0.805114565 1.108220276 -1.523970622 -1.330632411 -2.034925132 -1.652014740 -0.518262494

4.215560269
2.046579137 1.485732881 -1.252134886 -0.720888796 -1.572799716 -0.537954745 -0.281356642
3.374043246 4.117574113 4.045475502 -0.194623374 100.000000000 -100.000000000 -100.000000000
-166.795723954 -25.553974392 -498.337841375 -149.701581516 -500.000000000 500.000000000 500.000000000
0.805059150 1.108187369 -1.523994664 -1.330729792 -2.034958686 -1.652002204 -0.518415794

4.215838705
2.055309553 1.485755708 -1.165230673 -0.704537649 -1.989466383 -0.121288078 0.135310025
2.095299954 0.005478433 20.857011175 3.924275205 -100.000000000 100.000000000 100.000000000
-191.632863616 -120.106033497 -108.095487801 -57.091632088 -500.000000000 500.000000000 500.000000000
0.805009097 1.108157762 -1.524016290 -1.330817357 -2.034988874 -1.651990938 -0.518553867

4.217309178
2.066079453 1.475080370 -1.047488770 -0.716815628 -2.406133049 0.295378588 0.551976692
2.584775850 -2.562081246 28.258056616 -2.946714985 -100.000000000 100.000000000 100.000000000
-191.632863616 -120.106033497 -108.095487801 -57.091632088 -500.000000000 500.000000000 500.000000000
0.805009097 1.108157762 -1.524016290 -1.330817357 -2.034988874 -1.651990938 -0.518553867

4.218025071
2.071981712 1.442993710 -0.872992794 -0.775698906 -2.822799716 0.712045255 0.968643358
1.416542185 -7.700798170 41.879034293 -14.131986591 -100.000000000 100.000000000 100.000000000
-191.632863616 -120.106033497 -108.095487801 -57.091632088 -500.000000000 500.000000000 500.000000000
0.804901588 1.108094513 -1.524062466 -1.331004282 -2.035053366 -1.651966901 -0.518849271

4.218808604
2.069676869 1.400307020 -0.708211157 -0.876050338 -3.239466383 1.128711922 1.385310025
-0.553162384 -10.244805775 39.547592974 -24.084343642 -100.000000000 100.000000000 100.000000000
-115.418239146 175.672547044 -500.000000000 436.184633327 500.000000000 -500.000000000 -500.000000000
0.804810954 1.108041554 -1.524101106 -1.331160646 -2.035107366 -1.651946804 -0.519097083

4.219804823
2.078589710 1.357568617 -0.595173940 -1.080378729 -2.822799716 1.128711922 1.234528189
2.517257096 -2.607741030 6.345815563 -20.737596788 100.000000000 -100.000000000 -100.000000000
-118.765514590 126.950248075 -500.000000000 500.000000000 120.435901655 -500.000000000 -500.000000000
0.804759958 1.108011889 -1.524122734 -1.331248174 -2.035137615 -1.651935554 -0.519236061

4.220798791
2.104933773 1.374225908 -0.632078279 -1.100159094 -2.406133049 0.712045255 0.817861522
6.322575272 3.997749869 -8.857041194 -4.747287538 100.000000000 -100.000000000 -100.000000000
-177.728117124 27.199147846 -219.811190632 389.664991273 -500.000000000 500.000000000 500.000000000
0.804708305 1.107981947 -1.524144558 -1.331336480 -2.035168148 -1.651924207 -0.519376475

4.221812878
2.116039931 1.390328461 -0.662520154 -1.130585934 -2.822799716 1.128711922 1.234528189
2.665477909 3.864612682 -7.306050010 -7.302441689 -100.000000000 100.000000000 100.000000000
-256.474052271 -106.579393477 87.934195976 71.828012162 -500.000000000 500.000000000 500.000000000
0.804657024 1.107952336 -1.524166139 -1.331423759 -2.035198342 -1.651913002 -0.519515490

4.222785824
2.116039931 1.390328461 -0.662520154 -1.130585934 -2.822799716 1.128711922 1.234528189
2.665477909 3.864612682 -7.306050010 -7.302441689 -100.000000000 100.000000000 100.000000000
-184.447848908 -105.529866073 59.956401637 125.965051299 500.000000000 -500.000000000 -500.000000000
0.804603048 1.107921253 -1.524188773 -1.331515342 -2.035230040 -1.651901232 -0.519661521

4.223958236
2.114084540 1.402862027 -0.686849669 -1.167136835 -3.239466383 1.545378588 1.651194856
-0.469293921 3.008055784 -5.839083744 -8.772216193 -100.000000000 100.000000000 100.000000000
-121.562270790 -89.655193047 33.047764503 159.006473155 500.000000000 -500.000000000 -500.000000000
0.804553933 1.107893084 -1.524209287 -1.331598290 -2.035258765 -1.651890586 -0.519794015

4.224800464
2.106547052 1.430536244 -0.646563076 -1.173378441 -2.709706146 0.712045255 0.817861522
-1.051962247 3.562891193 7.773035152 2.332939247 100.000000000 -100.000000000 -100.000000000
-109.160066890 -103.522139784 -243.225324066 -62.480769849 -500.000000000 500.000000000 500.000000000
0.804502198 1.107863514 -1.524230815 -1.331685322 -2.035288918 -1.651879421 -0.519933236

4.225800701
2.099113775 1.442340384 -0.639367926 -1.195243276 -3.126372812 1.128711922 1.234528189
-1.783986287 2.832993637 1.726836050 -5.247560329 -100.000000000 100.000000000 100.000000000
-109.165240463 -103.525096796 -243.227476889 -62.489473034 -500.000000000 500.000000000 500.000000000
0.804450294 1.107833950 -1.524252332 -1.331772295 -2.035319066 -1.651868266 -0.520072564

4.226817485
2.099113775 1.442340384 -0.639367926 -1.195243276 -3.126372812 1.128711922 1.234528189
-1.783986287 2.832993637 1.726836050 -5.247560329 -100.000000000 100.000000000 100.000000000
-109.165240463 -103.525096796 -243.227476889 -62.489473034 -500.000000000 500.000000000 500.000000000
0.804450294 1.107833950 -1.524252332 -1.331772295 -2.035319066 -1.651868266 -0.520072564

4.227811796
2.102574236 1.466301622 -0.689615006 -1.228254181 -3.126372812 1.545378588 1.485101667
0.830510606 5.750697186 -12.059299080 -7.922617305 0.000000000 100.000000000 60.137634597
-93.786622397 -90.110516143 -123.025161540 91.298304675 500.000000000 -500.000000000 -500.000000000
0.804391208 1.107800395 -1.524276732 -1.331870962 -2.035353286 -1.651855601 -0.520230826

4.228800173
2.108064326 1.513111944 -0.731051102 -1.225053324 -2.293039479 0.712045255 0.651768333
-0.286446648 5.075587947 -1.729374614 4.989868884 100.000000000 -100.000000000 -100.000000000
-162.573226500 -161.597051057 84.260499246 75.821975124 -500.000000000 500.000000000 500.000000000
0.804339246 1.107771008 -1.524298102 -1.331957321 -2.035383254 -1.651844529 -0.520369596

4.229783645
2.087014496 1.519207681 -0.704943872 -1.237586552 -2.709706146 1.128711922 1.068435000
-5.051959351 1.462976977 6.265735255 -3.007974633 -100.000000000 100.000000000 100.000000000
-124.648807640 -142.048801872 -44.739351493 -110.496440344 -500.000000000 500.000000000 500.000000000
0.804286920 1.107741515 -1.524319540 -1.332043951 -2.035413332 -1.651833425 -0.520508999

4.230808853
2.059696749 1.521843121 -0.691667985 -1.271492969 -3.126372812 1.545378588 1.485101667
-6.556259277 0.632505657 3.186212842 -8.137540046 -100.000000000 100.000000000 100.000000000
-27.238825092 -70.409107725 -207.254416710 50.705087858 500.000000000 -500.000000000 -500.000000000
0.804187573 1.107685799 -1.524360023 -1.332207481 -2.035470150 -1.651812475 -0.520772727

4.231798075
2.059696749 1.521843121 -0.691667985 -1.271492969 -3.126372812 1.545378588 1.485101667
-6.556259277 0.632505657 3.186212842 -8.137540046 -100.000000000 100.000000000 100.000000000
-27.238825092 -70.409107725 -207.254416710 50.705087858 500.000000000 -500.000000000 -500.000000000
0.804187573 1.107685799 -1.524360023 -1.332207481 -2.035470150 -1.651812475 -0.520772727

4.232799561
2.034577642 1.528006980 -0.659686915 -1.281534876 -2.561420545 0.712045255 0.652724889
-2.279049187 1.428448933 4.201707522 2.063337787 100.000000000 -100.000000000 -100.000000000
-49.005506161 -42.458727243 -154.194676494 85.247896511 -500.000000000 500.000000000 500.000000000
0.804082577 1.107627291 -1.524402499 -1.332379044 -2.035529819 -1.651790501 -0.521050174

4.233812331
2.020542877 1.523911794 -0.660064014 -1.278771013 -2.791183543 1.071106927 0.919146712
-3.368343420 -0.982844602 -0.090503839 0.663326955 -55.143119564 86.174801339 63.941237471
-77.468522686 -70.606947519 -170.505708855 -46.351172555 -500.000000000 500.000000000 500.000000000
0.804029272 1.107597733 -1.524423944 -1.332465653 -2.035559964 -1.651779410 -0.521190538

4.234800374
2.004354292 1.518084630 -0.686442313 -1.290121553 -3.171773157 1.475389585 1.316706515
-3.885260598 -1.398519268 -6.330791797 -2.724129474 -91.341507169 97.027837900 95.414352744
-54.284492195 -21.974514069 -84.625916257 -18.636003105 500.000000000 -500.000000000 -500.000000000
0.803976087 1.107568339 -1.524445261 -1.332551739 -2.035589943 -1.651768387 -0.521330252

4.235799378
1.993718528 1.512163715 -0.694405264 -1.288980574 -2.968663317 1.058722918 0.900039848
-2.552583295 -1.421019820 -1.911108245 0.273834880 48.746361549 -100.000000000 -100.000000000
-42.332608468 -13.081243750 42.815541100 50.239570899 500.000000000 -500.000000000 -500.000000000
0.803923060 1.107539144 -1.524466433 -1.332637194 -2.035619717 -1.651757456 -0.521469178

4.236808948
1.985712482 1.508167607 -0.684847889 -1.264931311 -2.551996650 0.642056252 0.483373181
-1.921451070 -0.959065807 2.293770062 5.771823135 100.000000000 -100.000000000 -100.000000000
-67.927880935 -12.042060616 -44.783952001 -9.842359545 -500.000000000 500.000000000 500.000000000
0.803869733 1.107509873 -1.524487648 -1.332722832 -2.035649571 -1.651746500 -0.521608586

4.237848346
1.985712482 1.508167607 -0.684847889 -1.264931311 -2.551996650 0.642056252 0.483373181
-1.921451070 -0.959065807 2.293770062 5.771823135 100.000000000 -100.000000000 -100.000000000
-67.927880935 -12.042060616 -44.783952001 -9.842359545 -500.000000000 500.000000000 500.000000000
0.803869733 1.107509873 -1.524487648 -1.332722832 -2.035649571 -1.651746500 -0.521608586

4.259810990
1.577899271 1.414526868 -0.795689858 -1.398052828 -2.862060106 1.058722918 0.508300076
-7.386622435 -1.932311869 1.588526975 -2.152011563 42.114215304 -100.000000000 -100.000000000
107.807266061 24.752925078 -65.798784796 146.182040019 500.000000000 -500.000000000 -500.000000000
0.802601333 1.106841140 -1.524970200 -1.334667265 -2.036331692 -1.651498622 -0.524831462

4.260981177
1.554029776 1.412623986 -0.785196480 -1.377457048 -2.445393440 0.642056252 0.091633409
-5.728678800 -0.456691659 2.518410885 4.942987240 100.000000000 -100.000000000 -100.000000000
70.202654857 7.877664667 -104.698573637 49.378787548 -500.000000000 500.000000000 500.000000000
0.802601333 1.106841140 -1.524970200 -1.334667265 -2.036331692 -1.651498622 -0.524831462

4.261752858
1.521905342 1.407045718 -0.781705536 -1.386514944 -2.862060106 1.058722918 0.508300076
-7.709864295 -1.338784297 0.837826433 -2.173895182 -100.000000000 100.000000000 100.000000000
39.423275252 -21.448229422 -124.348302604 -94.591681905 -500.000000000 500.000000000 500.000000000
0.802526769 1.106803360 -1.524997329 -1.334776419 -2.036370235 -1.651484750 -0.525015740

4.262830623
1.489868940 1.406107349 -0.813559254 -1.409712141 -3.278726773 1.475389585 0.924966743
-7.688736318 -0.225208430 -7.644892220 -5.567327213 -100.000000000 100.000000000 100.000000000
82.255821600 -3.250369929 -91.087015240 48.646501221 500.000000000 -500.000000000 -500.000000000
0.802431942 1.106755569 -1.525031637 -1.334914374 -2.036418988 -1.651467242 -0.525249234

4.263764388
1.463034389 1.405244652 -0.823829390 -1.419552084 -3.103065822 1.058722918 0.508300076
-6.440292217 -0.207047387 -2.464832635 -2.361586402 42.158628175 -100.000000000 -100.000000000
85.031026570 -25.431009460 81.750606035 118.826320953 500.000000000 -500.000000000 -500.000000000
0.802376850 1.106727912 -1.525051476 -1.334994157 -2.036447204 -1.651457115 -0.525384518

4.265437848
1.437196612 1.403335033 -0.806434040 -1.407655580 -2.686399156 0.642056252 0.091633409
-6.201066477 -0.458308518 4.174883871 2.855160924 100.000000000 -100.000000000 -100.000000000
62.740090425 -25.710726247 -20.825555972 55.687520776 -500.000000000 500.000000000 500.000000000
0.802319684 1.106699306 -1.525071989 -1.335076632 -2.036476387 -1.651446649 -0.525524583

4.265785000
1.404866351 1.400195931 -0.806097881 -1.418483360 -3.103065822 1.058722918 0.508300076
-7.759262652 -0.753384361 0.080678236 -2.598667027 -100.000000000 100.000000000 100.000000000
60.533636693 -20.497402326 -155.361472262 -49.845323680 -500.000000000 500.000000000 500.000000000
0.802259905 1.106669504 -1.525093356 -1.335162506 -2.036506790 -1.651435764 -0.525670678

4.266806149
1.380596536 1.412088368 -0.855405401 -1.439781187 -3.103065822 1.475389585 0.725749305
-5.824755665 2.854184661 -11.833804745 -5.111478579 0.000000000 100.000000000 52.187815052
94.924608436 -14.284955491 -73.513112281 60.305425916 500.000000000 -500.000000000 -500.000000000
0.802205308 1.106642369 -1.525112802 -1.335240653 -2.036534473 -1.651425858 -0.525803826

4.267799748
1.360808260 1.423072431 -0.883824137 -1.445960378 -2.686399156 1.058722918 0.309082639
-4.749186153 2.636175204 -6.820496716 -1.483005811 100.000000000 -100.000000000 -100.000000000
58.655990515 -87.628293044 169.705354759 112.683624951 106.653134916 -500.000000000 -500.000000000
0.802148258 1.106614092 -1.525133052 -1.335322053 -2.036563323 -1.651415536 -0.525942691

4.268826241
1.360808260 1.423072431 -0.883824137 -1.445960378 -2.686399156 1.058722918 0.309082639
-4.749186153 2.636175204 -6.820496716 -1.483005811 100.000000000 -100.000000000 -100.000000000
39.123427841 -84.366510230 72.281067810 40.732088695 -500.000000000 500.000000000 500.000000000
0.802090379 1.106585503 -1.525153520 -1.335404303 -2.036592491 -1.651405113 -0.526083243

4.269797965
1.320518037 1.439346569 -0.921509303 -1.360413108 -1.853065822 0.225389585 -0.524250695
-4.495101542 2.374391082 -6.075557261 13.714413102 100.000000000 -100.000000000 -100.000000000
49.775315991 -62.914818065 -3.518250587 -128.123412623 -500.000000000 500.000000000 500.000000000
0.802032430 1.106556981 -1.525173938 -1.335486314 -2.036621590 -1.651394731 -0.526223624

4.270800457
1.284608343 1.424710688 -0.889946576 -1.336779351 -2.269732489 0.642056252 -0.107584028
-8.618326686 -3.512611504 7.575054459 5.672101882 -100.000000000 100.000000000 100.000000000
38.053470146 -80.766780471 61.144681799 -271.795582608 -500.000000000 500.000000000 500.000000000
0.801974471 1.106528538 -1.525194285 -1.335568052 -2.036650608 -1.651384381 -0.526363741

4.271799085
1.240108681 1.395981267 -0.838235917 -1.357630001 -2.686399156 1.058722918 0.309082639
-10.679918862 -6.895060871 12.410558157 -5.004156154 -100.000000000 100.000000000 100.000000000
124.103146527 38.434015141 -215.025860085 -113.320907726 500.000000000 -500.000000000 -500.000000000
0.801916409 1.106500132 -1.525214596 -1.335649643 -2.036679590 -1.651374049 -0.526503812

4.272799865
1.211326548 1.379809535 -0.808697784 -1.354558092 -2.269732489 0.642056252 -0.107584028
-6.907711783 -3.881215791 7.089152039 0.737258238 100.000000000 -100.000000000 -100.000000000
169.779150105 108.953103907 -316.909031044 102.281158915 500.000000000 -500.000000000 -500.000000000
0.801858289 1.106471798 -1.525234852 -1.335730979 -2.036708497 -1.651363761 -0.526643685

4.273801565
1.204895399 1.388529422 -0.845251603 -1.320008637 -1.853065822 0.225389585 -0.524250695
-1.543475727 2.092772795 -8.772916458 8.291869178 100.000000000 -100.000000000 -100.000000000
97.207409774 50.290542156 -213.436747641 -12.862453518 -500.000000000 500.000000000 500.000000000
0.801799842 1.106443391 -1.525255150 -1.335812484 -2.036737481 -1.651353449 -0.526784055

4.275842383
1.204895399 1.388529422 -0.845251603 -1.320008637 -1.853065822 0.225389585 -0.524250695
-1.543475727 2.092772795 -8.772916458 8.291869178 100.000000000 -100.000000000 -100.000000000
97.207409774 50.290542156 -213.436747641 -12.862453518 -500.000000000 500.000000000 500.000000000
0.801799842 1.106443391 -1.525255150 -1.335812484 -2.036737481 -1.651353449 -0.526784055

4.276787392
1.158015799 1.370356566 -0.845553627 -1.338080055 -2.686399156 1.058722918 0.309082639
-6.173811218 -2.602813219 -0.831335695 -5.821138371 -100.000000000 100.000000000 100.000000000
-9.434196445 -70.061218221 107.460004158 -167.409617801 -500.000000000 500.000000000 500.000000000
0.801623788 1.106358379 -1.525315847 -1.336056121 -2.036824217 -1.651322656 -0.527204995

4.277806446
1.158015799 1.370356566 -0.845553627 -1.338080055 -2.686399156 1.058722918 0.309082639
-6.173811218 -2.602813219 -0.831335695 -5.821138371 -100.000000000 100.000000000 100.000000000
87.837023220 25.656445693 -51.349508147 116.625160860 500.000000000 -500.000000000 -500.000000000
0.801623788 1.106358379 -1.525315847 -1.336056121 -2.036824217 -1.651322656 -0.527204995

4.278865763
1.125204753 1.354583216 -0.855548512 -1.385807716 -3.103065822 1.475389585 0.725749305
-7.874651022 -3.785603924 -2.398772435 -11.454638612 -100.000000000 100.000000000 100.000000000
125.128852229 50.886680792 -19.003363049 234.059589431 500.000000000 -500.000000000 -500.000000000
0.801563071 1.106329239 -1.525336630 -1.336139544 -2.036853950 -1.651312112 -0.527349560

4.279800960
1.097549646 1.342326188 -0.851098822 -1.409838186 -2.929207094 1.058722918 0.309082639
-6.637225801 -2.941686865 1.067925597 -5.767312759 41.726094677 -100.000000000 -100.000000000
125.128852229 50.886680792 -19.003363049 234.059589431 500.000000000 -500.000000000 -500.000000000
0.801447594 1.106274100 -1.525375940 -1.336297262 -2.036910210 -1.651292200 -0.527623562

4.280804087
1.061709024 1.345182562 -0.848875411 -1.355000667 -2.095873761 0.225389585 -0.524250695
-2.984068300 2.223591894 -2.826601802 11.039705620 100.000000000 -100.000000000 -100.000000000
103.139523377 35.231013113 -88.784452736 122.707452049 -500.000000000 500.000000000 500.000000000
0.801388175 1.106245862 -1.525396060 -1.336377970 -2.036939023 -1.651282016 -0.527764102

4.282083583
1.036144765 1.338952135 -0.828107851 -1.340242001 -2.512540428 0.642056252 -0.107584028
-6.135422272 -1.495302533 4.984214351 3.542079990 -100.000000000 100.000000000 100.000000000
85.084111674 7.796890349 -136.032212138 -35.955758692 -500.000000000 500.000000000 500.000000000
0.801328722 1.106217690 -1.525416120 -1.336458442 -2.036967768 -1.651271860 -0.527904437

4.282982668
1.036144765 1.338952135 -0.828107851 -1.340242001 -2.512540428 0.642056252 -0.107584028
-6.135422272 -1.495302533 4.984214351 3.542079990 -100.000000000 100.000000000 100.000000000
33.649281039 -68.365507940 -11.120028845 -218.931842621 -500.000000000 500.000000000 500.000000000
0.801328722 1.106217690 -1.525416120 -1.336458442 -2.036967768 -1.651271860 -0.527904437

4.284020233
1.005350975 1.324870437 -0.808403617 -1.363200212 -2.929207094 1.058722918 0.309082639
-7.390509604 -3.379607587 4.729016244 -5.509970730 -100.000000000 100.000000000 100.000000000
99.226841113 6.632606169 -169.415113872 -70.463243883 500.000000000 -500.000000000 -500.000000000
0.801269024 1.106189510 -1.525436187 -1.336538888 -2.036996521 -1.651261723 -0.528044994

4.284782290
0.983852370 1.327805927 -0.816427247 -1.336315334 -2.095873761 0.225389585 -0.524250695
-0.651932186 2.439431338 -5.768065090 6.997758250 100.000000000 -100.000000000 -100.000000000
71.618732037 13.550257875 -150.154126197 13.793129740 -500.000000000 500.000000000 500.000000000
0.801209501 1.106161485 -1.525456126 -1.336618852 -2.037025117 -1.651251639 -0.528184888

4.285800621
0.967028886 1.323361782 -0.807577411 -1.336226137 -2.512540428 0.642056252 -0.107584028
-4.037636186 -1.066594919 2.123960763 0.021407276 -100.000000000 100.000000000 100.000000000
-5.232217444 -70.956156268 44.456219881 -139.994314901 -500.000000000 500.000000000 500.000000000
0.801089813 1.106105406 -1.525496003 -1.336778724 -2.037082340 -1.651231494 -0.528465263

4.286798990
0.942205075 1.310532321 -0.794779275 -1.369472669 -2.929207094 1.058722918 0.309082639
-5.957714827 -3.079070712 3.071552486 -7.979167612 -100.000000000 100.000000000 100.000000000
64.158816359 -0.393739156 -114.271074499 -0.483404241 500.000000000 -500.000000000 -500.000000000
0.801029999 1.106077514 -1.525515825 -1.336858175 -2.037110801 -1.651221487 -0.528604932

4.287811336
0.926924439 1.303757598 -0.780484583 -1.377869203 -2.512540428 0.642056252 -0.107584028
-3.667352649 -1.625933288 3.430726230 -2.015168298 100.000000000 -100.000000000 -100.000000000
105.036788962 41.135933568 -134.504704660 162.844801639 500.000000000 -500.000000000 -500.000000000
0.800966734 1.106048110 -1.525536712 -1.336941880 -2.037140805 -1.651210950 -0.528752328

4.288887331
0.926326814 1.313677492 -0.802603298 -1.352165260 -2.095873761 0.225389585 -0.524250695
-0.143429924 2.380774482 -5.308491611 6.168946282 100.000000000 -100.000000000 -100.000000000
60.751282573 12.747716952 -143.119737528 44.396098281 -500.000000000 500.000000000 500.000000000
0.800966734 1.106048110 -1.525536712 -1.336941880 -2.037140805 -1.651210950 -0.528752328

4.308801055
0.723331811 1.285722562 -0.709558990 -1.454032227 -2.929207094 1.058722918 0.309082639
-4.491017098 -1.421619825 2.340725923 -7.565710415 -100.000000000 100.000000000 100.000000000
-22.976878388 -72.679504161 6.921870779 -111.729746686 -500.000000000 500.000000000 500.000000000
0.799738631 1.105495844 -1.525927222 -1.338504646 -2.037704391 -1.651014970 -0.531551113

4.309798313
0.714772491 1.283609006 -0.695430299 -1.461323164 -2.512540428 0.642056252 -0.107584028
-2.054236714 -0.507253518 3.390885786 -1.749824854 100.000000000 -100.000000000 -100.000000000
97.454734017 10.406987675 -128.453268393 162.859269083 500.000000000 -500.000000000 -500.000000000
0.799612169 1.105440880 -1.525965893 -1.338659183 -2.037760487 -1.650995667 -0.531832890

4.310798486
0.721857956 1.294912023 -0.712441506 -1.436250720 -2.095873761 0.225389585 -0.524250695
1.700511454 2.712724263 -4.082689699 6.017386601 100.000000000 -100.000000000 -100.000000000
49.568702047 -7.671742225 -150.871275117 47.262895204 -500.000000000 500.000000000 500.000000000
0.799549397 1.105413725 -1.525984986 -1.338735462 -2.037788201 -1.650986147 -0.531972324

4.313692644
0.721857956 1.294912023 -0.712441506 -1.436250720 -2.095873761 0.225389585 -0.524250695
1.700511454 2.712724263 -4.082689699 6.017386601 100.000000000 -100.000000000 -100.000000000
-26.241084962 -73.204315082 0.299445981 -110.596206239 -500.000000000 500.000000000 500.000000000
0.799549397 1.105413725 -1.525984986 -1.338735462 -2.037788201 -1.650986147 -0.531972324

4.313891648
0.721857956 1.294912023 -0.712441506 -1.436250720 -2.095873761 0.225389585 -0.524250695
1.700511454 2.712724263 -4.082689699 6.017386601 100.000000000 -100.000000000 -100.000000000
-26.247654934 -73.207147048 0.297455023 -110.604156054 -500.000000000 500.000000000 500.000000000
0.799483697 1.105385405 -1.526004896 -1.338814960 -2.037817103 -1.650976238 -0.532117924

4.314816836
0.712567080 1.294668838 -0.700473806 -1.437030511 -2.512540428 0.642056252 -0.107584028
-2.229810143 -0.058364498 2.872248129 -0.187149736 -100.000000000 100.000000000 100.000000000
53.273455626 -17.767236627 -140.002413111 13.547207547 500.000000000 -500.000000000 -500.000000000
0.799288350 1.105301688 -1.526063670 -1.339049699 -2.037902548 -1.650946970 -0.532549185

4.315891428
0.674680064 1.288704461 -0.711368615 -1.511614661 -3.345873761 1.475389585 0.725749305
-4.859732110 -0.264416033 -4.772035576 -10.470299299 -100.000000000 100.000000000 100.000000000
53.273455626 -17.767236627 -140.002413111 13.547207547 500.000000000 -500.000000000 -500.000000000
0.799288350 1.105301688 -1.526063670 -1.339049699 -2.037902548 -1.650946970 -0.532549185

4.316806023
0.659461780 1.285182081 -0.707491777 -1.547879248 -3.175344774 1.058722918 0.309082639
-3.652388177 -0.845371271 0.930441278 -8.703500863 40.926956878 -100.000000000 -100.000000000
109.649741270 -13.054396926 13.969494304 226.655647924 500.000000000 -500.000000000 -500.000000000
0.799231055 1.105277285 -1.526080788 -1.339118041 -2.037927455 -1.650938458 -0.532675164

4.317915098
0.659461780 1.285182081 -0.707491777 -1.547879248 -3.175344774 1.058722918 0.309082639
-3.652388177 -0.845371271 0.930441278 -8.703500863 40.926956878 -100.000000000 -100.000000000
109.649741270 -13.054396926 13.969494304 226.655647924 500.000000000 -500.000000000 -500.000000000
0.799148750 1.105242351 -1.526105281 -1.339215809 -2.037963110 -1.650926287 -0.532855727

4.318758426
0.645004692 1.280387135 -0.675885029 -1.561330272 -2.758678107 0.642056252 -0.107584028
-3.469701062 -1.150787089 7.585619547 -3.228245976 100.000000000 -100.000000000 -100.000000000
87.016460515 -1.086547516 -100.470176020 194.936361123 -500.000000000 500.000000000 500.000000000
0.799100339 1.105221867 -1.526119636 -1.339273102 -2.037984017 -1.650919158 -0.532961718

4.319789014
0.616138372 1.301648601 -0.726604928 -1.611559904 -3.175344774 1.475389585 0.521874563
-2.508753262 4.646581375 -11.802152673 -5.770010971 0.000000000 100.000000000 51.070061716
84.803585932 5.499215061 -236.735851703 86.770636558 -500.000000000 500.000000000 500.000000000
0.799034405 1.105194052 -1.526139125 -1.339350855 -2.038012406 -1.650909491 -0.533105796

4.320774434
0.608472003 1.316572391 -0.747073306 -1.620859920 -2.758678107 1.058722918 0.105207896
-1.839928599 3.581709445 -4.912410830 -2.232003796 100.000000000 -100.000000000 -100.000000000
68.457634198 -112.580041594 156.087562211 142.612857389 113.730216426 -500.000000000 -500.000000000
0.798905926 1.105140082 -1.526176900 -1.339501588 -2.038067492 -1.650890749 -0.533385759

4.321799725
0.608472003 1.316572391 -0.747073306 -1.620859920 -2.758678107 1.058722918 0.105207896
-1.839928599 3.581709445 -4.912410830 -2.232003796 100.000000000 -100.000000000 -100.000000000
55.841964276 -92.777419758 20.337857172 72.775909165 -500.000000000 500.000000000 500.000000000
0.798845695 1.105114898 -1.526194518 -1.339571861 -2.038093197 -1.650882019 -0.533516615

4.322805988
0.599357591 1.325261932 -0.749403917 -1.597222996 -2.342011441 0.642056252 -0.311458771
-2.187458889 2.085489793 -0.559346643 5.672861639 100.000000000 -100.000000000 -100.000000000
55.841964276 -92.777419758 20.337857172 72.775909165 -500.000000000 500.000000000 500.000000000
0.798845695 1.105114898 -1.526194518 -1.339571861 -2.038093197 -1.650882019 -0.533516615

4.323805721
0.576213551 1.329158949 -0.749164414 -1.603100059 -2.758678107 1.058722918 0.105207896
-5.554569597 0.935284189 0.057480864 -1.410494895 -100.000000000 100.000000000 100.000000000
63.697988168 -63.724499255 -66.492127187 -87.692119273 -500.000000000 500.000000000 500.000000000
0.798780717 1.105087798 -1.526213460 -1.339647437 -2.038120858 -1.650872627 -0.533657544

4.324782807
0.551291407 1.338249526 -0.780726619 -1.625238155 -3.175344774 1.475389585 0.521874563
-5.981314601 2.181738517 -7.574929210 -5.313143059 -100.000000000 100.000000000 100.000000000
144.368734056 -66.953639548 76.948015370 134.814418147 500.000000000 -500.000000000 -500.000000000
0.798650363 1.105033704 -1.526251255 -1.339798153 -2.038176072 -1.650853923 -0.533939364

4.325753205
0.551291407 1.338249526 -0.780726619 -1.625238155 -3.175344774 1.475389585 0.521874563
-5.981314601 2.181738517 -7.574929210 -5.313143059 -100.000000000 100.000000000 100.000000000
144.362187640 -66.956352601 76.946120531 134.806861368 500.000000000 -500.000000000 -500.000000000
0.798585136 1.105006751 -1.526270068 -1.339873180 -2.038203584 -1.650844612 -0.534079989

4.326841099
0.509661658 1.341439737 -0.741870641 -1.611857148 -2.576940974 0.642056252 -0.311458771
-4.610552993 -0.020842109 7.983140236 4.196698209 100.000000000 -100.000000000 -100.000000000
134.583019593 -39.381836422 -101.959522037 48.652154154 -500.000000000 500.000000000 500.000000000
0.798519904 1.104979884 -1.526288816 -1.339947921 -2.038231008 -1.650835345 -0.534220334

4.327769684
0.484822574 1.344106312 -0.732920771 -1.619900318 -2.993607641 1.058722918 0.105207896
-5.961380214 0.639978109 2.147968715 -1.930360818 -100.000000000 100.000000000 100.000000000
121.096884464 -23.229143107 -238.104622212 -56.743041474 -500.000000000 500.000000000 500.000000000
0.798455515 1.104953444 -1.526307256 -1.340021429 -2.038257997 -1.650826234 -0.534358595

4.328871041
0.470245209 1.362922765 -0.773856248 -1.641980605 -2.988298058 1.475389585 0.315219140
-3.498567587 4.515948669 -9.824514397 -5.299268753 1.274299806 100.000000000 50.402698690
150.590898447 -36.714849061 -122.298022768 66.595105230 500.000000000 -500.000000000 -500.000000000
0.798389490 1.104926419 -1.526326098 -1.340096514 -2.038285581 -1.650816936 -0.534500079

4.329785658
0.463040541 1.378824323 -0.795605270 -1.647859595 -2.571631392 1.058722918 -0.101447526
-1.729120366 3.816373843 -5.219765155 -1.410957585 100.000000000 -100.000000000 -100.000000000
102.785779835 -116.118608034 121.243302913 136.173784127 69.515251590 -500.000000000 -500.000000000
0.798389490 1.104926419 -1.526326098 -1.340096514 -2.038285581 -1.650816936 -0.534500079

4.330806285
0.457639579 1.390361758 -0.811878115 -1.621056034 -2.154964725 0.642056252 -0.518114193
-1.296230834 2.768984556 -3.905482968 6.432854471 100.000000000 -100.000000000 -100.000000000
68.110730446 -103.719949551 31.321351353 58.988011889 -500.000000000 500.000000000 500.000000000
0.798256532 1.104872236 -1.526363840 -1.340246916 -2.038340889 -1.650798313 -0.534784182

4.331788486
0.435402254 1.392871658 -0.813982023 -1.627200799 -2.571631392 1.058722918 -0.101447526
-5.336957980 0.602375873 -0.504937753 -1.474743446 -100.000000000 100.000000000 100.000000000
59.986312021 -83.928643378 6.661086841 -100.576177612 -500.000000000 500.000000000 500.000000000
0.798256532 1.104872236 -1.526363840 -1.340246916 -2.038340889 -1.650798313 -0.534784182

4.332804463
0.435402254 1.392871658 -0.813982023 -1.627200799 -2.571631392 1.058722918 -0.101447526
-5.336957980 0.602375873 -0.504937753 -1.474743446 -100.000000000 100.000000000 100.000000000
59.986312021 -83.928643378 6.661086841 -100.576177612 -500.000000000 500.000000000 500.000000000
0.798180343 1.104841344 -1.526385346 -1.340332578 -2.038372421 -1.650787720 -0.534946459

4.334412402
0.435402254 1.392871658 -0.813982023 -1.627200799 -2.571631392 1.058722918 -0.101447526
-5.336957980 0.602375873 -0.504937753 -1.474743446 -100.000000000 100.000000000 100.000000000
59.986312021 -83.928643378 6.661086841 -100.576177612 -500.000000000 500.000000000 500.000000000
0.798180343 1.104841344 -1.526385346 -1.340332578 -2.038372421 -1.650787720 -0.534946459

4.334781308
0.407158335 1.396469004 -0.835207275 -1.655044846 -2.988298058 1.475389585 0.315219140
-6.778540585 0.863363133 -5.094060531 -6.682571353 -100.000000000 100.000000000 100.000000000
143.016968477 -40.850548847 -61.141577289 58.181690949 500.000000000 -500.000000000 -500.000000000
0.797990261 1.104764725 -1.526438621 -1.340544777 -2.038450632 -1.650761490 -0.535349786

4.335817016
0.386929034 1.398241010 -0.835078082 -1.662511448 -2.803294412 1.058722918 -0.101447526
-4.855032180 0.425281482 0.031006249 -1.791984571 44.400875205 -100.000000000 -100.000000000
174.654004356 -46.437690545 32.758075985 165.101433927 500.000000000 -500.000000000 -500.000000000
0.797926969 1.104739366 -1.526456241 -1.340614923 -2.038476517 -1.650752830 -0.535483572

4.336782992
0.373306810 1.399951292 -0.817513651 -1.642743497 -2.386627745 0.642056252 -0.518114193
-3.269333781 0.410467674 4.215463385 4.744308250 100.000000000 -100.000000000 -100.000000000
138.200437077 -37.855794060 -69.757940892 68.029343975 -500.000000000 500.000000000 500.000000000
0.797855239 1.104710709 -1.526476139 -1.340694142 -2.038505770 -1.650743051 -0.535634911

4.337805481
0.373306810 1.399951292 -0.817513651 -1.642743497 -2.386627745 0.642056252 -0.518114193
-3.269333781 0.410467674 4.215463385 4.744308250 100.000000000 -100.000000000 -100.000000000
138.200437077 -37.855794060 -69.757940892 68.029343975 -500.000000000 500.000000000 500.000000000
0.797855239 1.104710709 -1.526476139 -1.340694142 -2.038505770 -1.650743051 -0.535634911

4.359807381
-0.020823000 1.719891761 -1.281602955 -1.760222045 -3.034381589 1.893645873 0.642393671
-3.205260851 3.475671415 -5.324851660 1.613161111 -74.916006798 -100.000000000 -100.000000000
165.279398356 -201.910250399 130.646365280 82.532455544 -500.000000000 -500.000000000 -500.000000000
0.796291988 1.104108339 -1.526891808 -1.342346510 -2.039120708 -1.650540220 -0.538858573

4.360791845
-0.029947094 1.716819885 -1.271710814 -1.736535865 -3.034381589 1.480800542 0.353153241
-2.189782451 -0.737250137 2.374113846 5.684683201 0.000000000 -99.082879463 -69.417703251
145.816715856 -131.091770506 81.968147907 9.524331296 500.000000000 500.000000000 500.000000000
0.796213213 1.104079064 -1.526911885 -1.342426168 -2.039150594 -1.650530507 -0.539017390

4.361807177
-0.040948206 1.730969512 -1.276711392 -1.732923944 -2.617714923 1.897467209 0.769819908
-2.640267016 3.395910357 -1.200138640 0.866861047 100.000000000 100.000000000 100.000000000
126.411679650 -46.529079342 -73.002383994 -74.282694276 99.523099532 500.000000000 500.000000000
0.796152933 1.104056714 -1.526927195 -1.342486953 -2.039173414 -1.650523088 -0.539138744

4.362806977
-0.054010456 1.752453014 -1.294238660 -1.737501167 -2.201048256 2.314133876 1.186486574
-3.134939988 5.156040521 -4.206544376 -1.098533372 100.000000000 100.000000000 100.000000000
136.515454270 -130.609486920 -1.018807570 21.706478192 -500.000000000 -500.000000000 -500.000000000
0.796083054 1.104030896 -1.526944884 -1.342557111 -2.039199770 -1.650514543 -0.539279121

4.363806936
-0.061551691 1.760094782 -1.320421605 -1.730979880 -2.617714923 1.897467209 0.769819908
-1.809896211 1.834024347 -6.283906828 1.565108789 -100.000000000 -100.000000000 -100.000000000
147.708150784 -167.963022186 60.860265064 61.465073026 -500.000000000 -500.000000000 -500.000000000
0.796011755 1.104004610 -1.526962871 -1.342628506 -2.039226609 -1.650505835 -0.539422155

4.364806269
-0.064543031 1.749674752 -1.336313833 -1.701817474 -3.034381589 1.480800542 0.353153241
-0.717921688 -2.500807064 -3.814134722 6.998977420 -100.000000000 -100.000000000 -100.000000000
121.954268775 -102.289504155 105.024009943 7.532961596 500.000000000 500.000000000 500.000000000
0.795939455 1.103978053 -1.526981043 -1.342700576 -2.039253721 -1.650497064 -0.539566870

4.365874656
-0.070439048 1.756583199 -1.360645731 -1.688261600 -2.961809128 1.897467209 0.769819908
-1.415044137 1.658027233 -5.839655432 3.253409727 17.417390833 100.000000000 100.000000000
100.406682359 -14.553528636 57.215973437 -104.067858596 500.000000000 500.000000000 500.000000000
0.795939455 1.103978053 -1.526981043 -1.342700576 -2.039253721 -1.650497064 -0.539566870

4.366798177
-0.076538785 1.780525561 -1.397508779 -1.692374196 -2.545142461 2.314133876 1.186486574
-1.463936895 5.746166890 -8.847131653 -0.987023051 100.000000000 100.000000000 100.000000000
114.930586102 -98.424042330 100.157537622 -30.520181684 -256.095321533 -500.000000000 -500.000000000
0.795796805 1.103925880 -1.527016705 -1.342842023 -2.039306988 -1.650479853 -0.539851642

4.367800339
-0.076408855 1.789379174 -1.422552925 -1.684765833 -2.804786622 1.897467209 0.769819908
0.031183372 2.124866962 -6.010595075 1.826007082 -62.314598766 -100.000000000 -100.000000000
116.512296896 -182.583305894 163.991840446 54.693678358 -500.000000000 -500.000000000 -500.000000000
0.795730084 1.103901579 -1.527033299 -1.342907843 -2.039331800 -1.650471845 -0.539984496

4.368765124
-0.071532478 1.774845124 -1.422371633 -1.656392175 -3.221453289 1.480800542 0.353153241
1.170330329 -3.488172013 0.043510193 6.809677922 -100.000000000 -100.000000000 -100.000000000
116.512296896 -182.583305894 163.991840446 54.693678358 -500.000000000 -500.000000000 -500.000000000
0.795730084 1.103901579 -1.527033299 -1.342907843 -2.039331800 -1.650471845 -0.539984496

4.369807766
-0.070801498 1.779091804 -1.438340026 -1.644034164 -3.146467728 1.897467209 0.769819908
0.175435269 1.019203241 -3.832414273 2.965922677 17.996534755 100.000000000 100.000000000
63.312604051 2.666528128 -11.338116657 -104.852047249 500.000000000 500.000000000 500.000000000
0.795588690 1.103850324 -1.527068281 -1.343046513 -2.039384128 -1.650455004 -0.540265221

4.370805924
-0.071266491 1.803721903 -1.477542290 -1.648882388 -2.729801061 2.314133876 1.186486574
-0.111598432 5.911223836 -9.408543542 -1.163573803 100.000000000 100.000000000 100.000000000
83.130313435 -87.908212772 67.775459952 -29.219688408 -249.222335139 -500.000000000 -500.000000000
0.795517865 1.103824764 -1.527085711 -1.343115595 -2.039410224 -1.650446621 -0.540405457

4.371806620
-0.065358641 1.811813617 -1.498622498 -1.640925410 -2.985123368 1.897467209 0.769819908
1.417884160 1.942011294 -5.059249870 1.909674777 -61.277353656 -100.000000000 -100.000000000
88.910404320 -188.214190639 183.216528748 53.848155399 -500.000000000 -500.000000000 -500.000000000
0.795446842 1.103799196 -1.527103130 -1.343184656 -2.039436329 -1.650438237 -0.540545867

4.372806782
-0.053140529 1.802089014 -1.482908692 -1.617816400 -2.981510640 1.484019386 0.485920364
2.932346709 -2.333904549 3.771313453 5.546162337 0.867054691 -99.227477499 -68.135890468
57.722865040 -109.641667951 98.336934216 -8.419420126 500.000000000 500.000000000 500.000000000
0.795375471 1.103773584 -1.527120572 -1.343253785 -2.039462479 -1.650429852 -0.540686693

4.373807509
-0.046971719 1.808422379 -1.484418866 -1.614531033 -2.564843973 1.900686053 0.902587031
1.480514606 1.520007521 -0.362441745 0.788488137 100.000000000 100.000000000 100.000000000
26.204665850 -23.153452033 -79.847457041 -83.466985190 76.863722241 500.000000000 500.000000000
0.795304057 1.103748041 -1.527137962 -1.343322676 -2.039488558 -1.650421509 -0.540827325

4.374805615
-0.044651776 1.820723808 -1.499506617 -1.618851786 -2.148177307 2.317352719 1.319253697
0.556786132 2.952342818 -3.621060275 -1.036980779 100.000000000 100.000000000 100.000000000
54.617285409 -100.867584221 2.976925257 11.351072971 -500.000000000 -500.000000000 -500.000000000
0.795232575 1.103722544 -1.527155309 -1.343391396 -2.039514590 -1.650413186 -0.540967852

4.375806204
-0.035856203 1.820024569 -1.519229959 -1.613192440 -2.564843973 1.900686053 0.902587031
2.110937611 -0.167817349 -4.733601981 1.358243115 -100.000000000 -100.000000000 -100.000000000
72.852712477 -130.746982676 69.656336359 48.285654622 -500.000000000 -500.000000000 -500.000000000
0.795160538 1.103696927 -1.527172728 -1.343460392 -2.039540745 -1.650404835 -0.541109211

4.376805810
-0.020885219 1.801732420 -1.524264729 -1.585517835 -2.981510640 1.484019386 0.485920364
3.593036048 -4.390115605 -1.208344903 6.641905239 -100.000000000 -100.000000000 -100.000000000
40.882921871 -68.276417208 93.877762731 -0.191657480 500.000000000 500.000000000 500.000000000
0.795088865 1.103671507 -1.527189998 -1.343528812 -2.039566700 -1.650396554 -0.541249626

4.377799913
-0.012561462 1.800640622 -1.542613247 -1.572194004 -2.904018408 1.900686053 0.902587031
1.997701705 -0.262031608 -4.403644263 3.197719395 18.598135599 100.000000000 100.000000000
9.736687445 17.996220723 23.874371151 -108.639202468 500.000000000 500.000000000 500.000000000
0.795016939 1.103646073 -1.527207269 -1.343597219 -2.039592668 -1.650388280 -0.541390280

4.380016974
-0.012561462 1.800640622 -1.542613247 -1.572194004 -2.904018408 1.900686053 0.902587031
1.997701705 -0.262031608 -4.403644263 3.197719395 18.598135599 100.000000000 100.000000000
40.803805997 -64.458822714 89.613483081 -41.094709400 -285.520137964 -500.000000000 -500.000000000
0.795016939 1.103646073 -1.527207269 -1.343597219 -2.039592668 -1.650388280 -0.541390280

4.380799731
-0.012561462 1.800640622 -1.542613247 -1.572194004 -2.904018408 1.900686053 0.902587031
1.997701705 -0.262031608 -4.403644263 3.197719395 18.598135599 100.000000000 100.000000000
40.803805997 -64.458822714 89.613483081 -41.094709400 -285.520137964 -500.000000000 -500.000000000
0.794800797 1.103570110 -1.527258802 -1.343801235 -2.039670227 -1.650363644 -0.541811397

4.381809816
-0.012561462 1.800640622 -1.542613247 -1.572194004 -2.904018408 1.900686053 0.902587031
1.997701705 -0.262031608 -4.403644263 3.197719395 18.598135599 100.000000000 100.000000000
40.782191801 -64.466419078 89.608329780 -41.115111018 -285.527893874 -500.000000000 -500.000000000
0.794728006 1.103544663 -1.527276036 -1.343869490 -2.039696211 -1.650355400 -0.541952759

4.382851450
-0.007792047 1.817819560 -1.579932182 -1.575217866 -2.487351742 2.317352719 1.319253697
1.144659735 4.122945168 -8.956544425 -0.725726763 100.000000000 100.000000000 100.000000000
40.782191801 -64.466419078 89.608329780 -41.115111018 -285.527893874 -500.000000000 -500.000000000
0.794650890 1.103517799 -1.527294227 -1.343941481 -2.039723639 -1.650346721 -0.542102203

4.383823657
0.004233236 1.821009883 -1.604568941 -1.566558360 -2.785078282 1.900686053 0.902587031
2.886067762 0.765677470 -5.912822154 2.078281474 -71.454369594 -100.000000000 -100.000000000
21.320410180 -87.062757733 125.983914519 -19.303941613 500.000000000 500.000000000 500.000000000
0.794650890 1.103517799 -1.527294227 -1.343941481 -2.039723639 -1.650346721 -0.542102203

4.384766735
0.023844398 1.809099374 -1.604671413 -1.542115257 -3.201744948 1.484019386 0.485920364
4.706678997 -2.858522046 -0.024593248 5.866344519 -100.000000000 -100.000000000 -100.000000000
21.320410180 -87.062757733 125.983914519 -19.303941613 500.000000000 500.000000000 500.000000000
0.794505842 1.103467502 -1.527328257 -1.344076125 -2.039774993 -1.650330506 -0.542382524

4.385797698
0.023844398 1.809099374 -1.604671413 -1.542115257 -3.201744948 1.484019386 0.485920364
4.706678997 -2.858522046 -0.024593248 5.866344519 -100.000000000 -100.000000000 -100.000000000
-17.067435572 -13.392746302 8.226180538 -97.522977098 500.000000000 500.000000000 500.000000000
0.794436436 1.103443526 -1.527344457 -1.344140246 -2.039799475 -1.650322780 -0.542516347

4.386798918
0.042120737 1.836938835 -1.664478427 -1.536587432 -2.707958217 2.317352719 1.319253697
1.541352926 5.184665916 -9.342732895 -0.880957954 100.000000000 100.000000000 100.000000000
18.974434326 -101.125348393 110.039598954 -25.275065920 -261.693770888 -500.000000000 -500.000000000
0.794363164 1.103418297 -1.527361500 -1.344207666 -2.039825235 -1.650314670 -0.542657352

4.387798748
0.056633642 1.841048498 -1.678702286 -1.526395193 -2.984541956 1.900686053 0.902587031
3.483097262 0.986318922 -3.413726232 2.446137422 -66.380097418 -100.000000000 -100.000000000
44.397184210 -177.045372167 200.566350545 36.857135758 -500.000000000 -500.000000000 -500.000000000
0.794290099 1.103393211 -1.527378436 -1.344274656 -2.039850849 -1.650306615 -0.542797718

4.388798401
0.079300862 1.827660016 -1.651573652 -1.500810609 -2.981045510 1.486923495 0.622236136
5.440132793 -3.213235651 6.510872179 6.140300098 0.839146919 -99.303013801 -67.284214646
4.103700470 -93.491907105 83.406909662 -30.710694685 500.000000000 500.000000000 500.000000000
0.794216702 1.103368092 -1.527395387 -1.344341681 -2.039876497 -1.650298565 -0.542938452

4.405802549
0.373340697 1.715055127 -1.625603684 -1.212765192 -2.810211074 1.913209549 0.992550956
4.819872313 7.148539081 -19.335997714 -0.501499589 100.000000000 100.000000000 100.000000000
-57.487075435 -44.766064911 43.129296877 -129.692216467 118.659486572 -500.000000000 -500.000000000
0.792949317 1.102945526 -1.527678924 -1.345461798 -2.040307971 -1.650164711 -0.545331067

4.406759686
0.397134553 1.737493491 -1.682025063 -1.203620774 -2.476066901 1.496542883 0.575884289
5.710525276 5.385207355 -13.541130840 2.194660378 80.194601342 -100.000000000 -100.000000000
-54.436584309 -204.181741693 396.512430252 -3.239668781 -500.000000000 -500.000000000 -500.000000000
0.792873326 1.102920851 -1.527695390 -1.345526757 -2.040333166 -1.650156997 -0.545472311

4.407799175
0.425693198 1.727623653 -1.680136875 -1.171645055 -2.656558128 1.079876216 0.159217623
6.854074915 -2.368761151 0.453164971 7.674172507 -43.317894395 -100.000000000 -100.000000000
-74.636628174 -171.161411088 286.255584050 -58.083805901 -500.000000000 500.000000000 500.000000000
0.792797659 1.102896335 -1.527711729 -1.345591260 -2.040358202 -1.650149327 -0.545612767

4.408771967
0.453824370 1.695374277 -1.645767735 -1.163251694 -3.073224795 1.496542883 0.575884289
6.751481213 -7.739850234 8.248593789 2.014406637 -100.000000000 100.000000000 100.000000000
-100.371052198 -15.097508782 6.179215218 -170.878070602 500.000000000 500.000000000 500.000000000
0.792721870 1.102871861 -1.527728035 -1.345655593 -2.040383192 -1.650141693 -0.545753177

4.409800761
0.477041374 1.689594517 -1.664534625 -1.174589824 -2.953996571 1.913209549 0.992550956
5.572081095 -1.387142332 -4.504053652 -2.721151146 28.614773763 100.000000000 100.000000000
-101.139874275 95.546763151 -153.167905828 -58.528522585 500.000000000 -500.000000000 -500.000000000
0.792645546 1.102847299 -1.527744397 -1.345720102 -2.040408271 -1.650134051 -0.545894302

4.410798988
0.501913349 1.696892514 -1.694696839 -1.176423066 -2.537329904 1.496542883 0.575884289
5.969273994 1.751519346 -7.238931394 -0.439978161 100.000000000 -100.000000000 -100.000000000
-79.881204713 -30.931875162 103.760095783 37.309995082 -480.936645333 -500.000000000 -500.000000000
0.792569501 1.102822881 -1.527760643 -1.345784194 -2.040433206 -1.650126452 -0.546034723

4.411797929
0.529603400 1.684108960 -1.694736535 -1.147807543 -2.612067429 1.079876216 0.159217623
6.645612060 -3.068052975 -0.009527107 6.867725615 -17.937006023 -100.000000000 -100.000000000
-90.319864737 -94.437350261 161.472247487 -8.136549520 -500.000000000 500.000000000 500.000000000
0.792490477 1.102797594 -1.527777463 -1.345850507 -2.040459026 -1.650118605 -0.546180356

4.412799220
0.556003806 1.652984719 -1.673269830 -1.142321530 -3.028734096 1.496542883 0.575884289
6.336097581 -7.469817780 5.152009165 1.316643064 -100.000000000 100.000000000 100.000000000
-106.623533457 3.229922846 16.886449382 -157.158808686 415.900960723 500.000000000 500.000000000
0.792416668 1.102774027 -1.527793118 -1.345912269 -2.040483092 -1.650111287 -0.546316200

4.413799740
0.577453411 1.645770085 -1.701956451 -1.154637605 -2.987329170 1.913209549 0.992550956
5.147905079 -1.731512290 -6.884788840 -2.955857969 9.937182266 100.000000000 100.000000000
-103.080665455 94.375286358 -88.492512078 -46.691935215 500.000000000 -500.000000000 -500.000000000
0.792337723 1.102748909 -1.527809802 -1.345978038 -2.040508741 -1.650103513 -0.546461206

4.414801433
0.599996486 1.650011472 -1.737104936 -1.157814698 -2.619982876 1.496542883 0.575884289
5.410338000 1.017932801 -8.435636614 -0.762502361 88.163110498 -100.000000000 -100.000000000
-81.469670326 -19.671871828 155.110441619 39.983116052 -104.061602420 -500.000000000 -500.000000000
0.792263289 1.102725288 -1.527825478 -1.346039838 -2.040532860 -1.650096207 -0.546597714

4.417416478
0.599996486 1.650011472 -1.737104936 -1.157814698 -2.619982876 1.496542883 0.575884289
5.410338000 1.017932801 -8.435636614 -0.762502361 88.163110498 -100.000000000 -100.000000000
-88.980079642 -75.087274336 189.640678159 -3.572466824 -500.000000000 500.000000000 500.000000000
0.792263289 1.102725288 -1.527825478 -1.346039838 -2.040532860 -1.650096207 -0.546597714

4.417596686
0.599996486 1.650011472 -1.737104936 -1.157814698 -2.619982876 1.496542883 0.575884289
5.410338000 1.017932801 -8.435636614 -0.762502361 88.163110498 -100.000000000 -100.000000000
-88.980079642 -75.087274336 189.640678159 -3.572466824 -500.000000000 500.000000000 500.000000000
0.792185001 1.102700516 -1.527841906 -1.346104603 -2.040558156 -1.650088556 -0.546741051

4.417747809
0.624055256 1.643158192 -1.746015584 -1.130290128 -2.378251289 1.079876216 0.159217623
5.774104811 -1.644787184 -2.138555332 6.605896935 58.015580738 -100.000000000 -100.000000000
-88.980079642 -75.087274336 189.640678159 -3.572466824 -500.000000000 500.000000000 500.000000000
0.792109251 1.102676621 -1.527857745 -1.346167022 -2.040582555 -1.650081191 -0.546879497

4.418945453
0.691773106 1.528364258 -1.648905383 -1.145373868 -3.211584623 2.329876216 1.409217623
4.519194281 -9.766924074 7.291827296 -1.019432358 0.000000000 100.000000000 100.000000000
-88.987908447 -75.089751536 189.639035340 -3.578943256 -500.000000000 500.000000000 500.000000000
0.792031500 1.102652170 -1.527873945 -1.346230841 -2.040607523 -1.650073670 -0.547021351

4.419820434
0.709659324 1.478717592 -1.602659214 -1.144052189 -3.211584623 2.329876216 1.825884289
4.292692205 -11.915199998 11.099080414 0.317202920 0.000000000 0.000000074 100.000000000
-80.366079510 152.764752330 -133.735069796 0.296376160 117.095136336 -500.000000000 -500.000000000
0.791866326 1.102600448 -1.527908167 -1.346365678 -2.040660337 -1.650057785 -0.547321952

4.420912962
0.728061024 1.438965795 -1.569652424 -1.141787905 -3.211584623 1.914950628 1.597200120
4.416408124 -9.540431202 7.921629624 0.543428301 0.000000000 -99.582141267 -54.884200647
-77.633143878 200.692285613 -214.506503536 -26.575407225 117.092428547 -397.993401604 -500.000000000
0.791793198 1.102577651 -1.527923235 -1.346425037 -2.040683617 -1.650050799 -0.547454699

4.422019367
0.728061024 1.438965795 -1.569652424 -1.141787905 -3.211584623 1.914950628 1.597200120
4.416408124 -9.540431202 7.921629624 0.543428301 0.000000000 -99.582141267 -54.884200647
-77.633143878 200.692285613 -214.506503536 -26.575407225 117.092428547 -397.993401604 -500.000000000
0.791793198 1.102577651 -1.527923235 -1.346425037 -2.040683617 -1.650050799 -0.547454699

4.422810355
0.765145406 1.396473444 -1.580147030 -1.136430666 -3.087084362 1.915429110 1.608855229
3.953000923 -2.123431256 -9.365936660 -0.712590294 29.880062659 100.000000000 100.000000000
-94.643417114 131.217128289 -135.626828454 -61.271201934 117.086841965 500.000000000 500.000000000
0.791644172 1.102531378 -1.527953786 -1.346545385 -2.040730869 -1.650036645 -0.547724597

4.423757951
0.778575119 1.406472548 -1.666884591 -1.147562224 -2.670417695 2.332095777 2.025521895
3.223131228 2.399785062 -20.817014616 -2.671573774 100.000000000 100.000000000 100.000000000
-76.410141895 13.074418587 192.538057633 -6.759666035 -492.965903867 -500.000000000 -500.000000000
0.791561509 1.102505832 -1.527970641 -1.346611741 -2.040756953 -1.650028857 -0.547873905

4.424755034
0.794231105 1.387062229 -1.696080113 -1.137537060 -3.087084362 1.915429110 1.608855229
3.757436481 -4.658476602 -7.006925253 2.406039391 -100.000000000 -100.000000000 -100.000000000
-63.163985592 -78.392372807 430.231687269 33.526523789 -500.000000000 -500.000000000 -500.000000000
0.791485056 1.102482272 -1.527986174 -1.346672892 -2.040781012 -1.650021683 -0.548011774

4.425799284
0.813291294 1.342794308 -1.649678696 -1.103764117 -3.087084362 1.502432263 1.338710161
4.574445504 -10.624300984 11.136339913 8.105506247 0.000000000 -99.119243217 -64.834816188
-75.423334446 64.711536328 156.947898956 -69.034371035 500.000000000 500.000000000 500.000000000
0.791408549 1.102458757 -1.528001663 -1.346733874 -2.040805023 -1.650014531 -0.548149530

4.426801446
0.825371446 1.321553515 -1.647912140 -1.091838676 -2.670417695 1.919098930 1.755376828
2.899236343 -5.097790385 0.423973524 2.862105738 100.000000000 100.000000000 100.000000000
-93.677184652 188.452464611 -210.559094938 -186.407100690 104.627933828 500.000000000 500.000000000
0.791328515 1.102434230 -1.528017808 -1.346797436 -2.040830070 -1.650007081 -0.548293399

4.427798049
0.837959616 1.317706730 -1.690812636 -1.096675375 -2.253751028 2.335765597 2.172043495
3.021160969 -0.923228351 -10.296119019 -1.160807592 100.000000000 100.000000000 100.000000000
-61.389019955 80.043879175 3.509962688 -82.737990743 -500.000000000 -500.000000000 -500.000000000
0.791252125 1.102410885 -1.528033163 -1.346857883 -2.040853909 -1.650000000 -0.548430495

4.428798037
0.855138452 1.296275483 -1.711852963 -1.089755404 -2.670417695 1.919098930 1.755376828
4.122920639 -5.143499399 -5.049678583 1.660793051 -100.000000000 -100.000000000 -100.000000000
-65.093968490 -3.065017519 222.200327651 -1.802099031 -500.000000000 -500.000000000 -500.000000000
0.791171448 1.102386310 -1.528049322 -1.346921456 -2.040879003 -1.649992565 -0.548575020

4.429797384
0.876749125 1.248069083 -1.673046499 -1.054568624 -3.087084362 1.502432263 1.338710161
5.186561538 -11.569536005 9.313551452 8.444827081 -100.000000000 -100.000000000 -100.000000000
-88.855113180 83.481070708 119.373935836 -58.932466294 500.000000000 500.000000000 500.000000000
0.791092728 1.102362388 -1.528065031 -1.346983298 -2.040903432 -1.649985328 -0.548715846

4.430800623
0.890925851 1.225804589 -1.682743629 -1.037761637 -2.968020257 1.919098930 1.755376828
3.402414055 -5.343478568 -2.327311212 4.033676846 28.575385081 100.000000000 100.000000000
-112.296870479 216.820050629 -171.772882248 -198.138009000 500.000000000 500.000000000 500.000000000
0.791014700 1.102338756 -1.528080546 -1.347044334 -2.040927563 -1.649978200 -0.548855172

4.431812054
0.902774260 1.238325956 -1.773570951 -1.046281525 -2.551353591 2.335765597 2.172043495
2.843618291 3.005128221 -21.798557185 -2.044773072 100.000000000 100.000000000 100.000000000
-78.039396186 94.522988078 62.012532507 -111.601806589 -478.798432239 -500.000000000 -500.000000000
0.790938005 1.102315585 -1.528095743 -1.347104134 -2.040951225 -1.649971215 -0.548991921

4.432749308
0.920327735 1.228134944 -1.820192530 -1.041884452 -2.968020257 1.919098930 1.755376828
4.212833828 -2.445842984 -11.189178988 1.055297473 -100.000000000 -100.000000000 -100.000000000
-78.039396186 94.522988078 62.012532507 -111.601806589 -478.798432239 -500.000000000 -500.000000000
0.790938005 1.102315585 -1.528095743 -1.347104134 -2.040951225 -1.649971215 -0.548991921

4.433809101
0.942403372 1.193179895 -1.786679866 -1.009775058 -2.967828151 1.503465715 1.487302578
5.298153083 -8.389211712 8.043039302 7.706254504 0.046105384 -99.751971664 -64.337819998
-68.055991356 -73.703601501 460.518664429 10.813200532 -500.000000000 -500.000000000 -500.000000000
0.790779001 1.102267767 -1.528127081 -1.347227386 -2.041000054 -1.649956844 -0.549274703

4.434954986
0.955497375 1.176289991 -1.787557708 -0.998847756 -2.551161485 1.920132382 1.903969245
3.142560736 -4.053576910 -0.210682077 2.622552608 100.000000000 100.000000000 100.000000000
-97.206156996 36.331761272 252.991185023 -51.636071119 500.000000000 500.000000000 500.000000000
0.790779001 1.102267767 -1.528127081 -1.347227386 -2.041000054 -1.649956844 -0.549274703

4.437182498
0.955497375 1.176289991 -1.787557708 -0.998847756 -2.551161485 1.920132382 1.903969245
3.142560736 -4.053576910 -0.210682077 2.622552608 100.000000000 100.000000000 100.000000000
-121.125498842 158.693021431 -135.005507511 -187.870322829 91.760702071 500.000000000 500.000000000
0.790700217 1.102244179 -1.528142524 -1.347288106 -2.041024140 -1.649949775 -0.549414464

4.437807741
0.955497375 1.176289991 -1.787557708 -0.998847756 -2.551161485 1.920132382 1.903969245
3.142560736 -4.053576910 -0.210682077 2.622552608 100.000000000 100.000000000 100.000000000
-79.330930537 73.666956992 30.155159986 -87.295087136 -500.000000000 -500.000000000 -500.000000000
0.790464660 1.102174045 -1.528188370 -1.347468350 -2.041095757 -1.649928814 -0.549831030

4.438844378
0.969139666 1.172626541 -1.824411350 -1.008029073 -2.134494818 2.336799048 2.320635911
3.274149627 -0.879227924 -8.844874213 -2.203516057 100.000000000 100.000000000 100.000000000
-83.350493150 10.539308857 206.519782264 10.126393364 -500.000000000 -500.000000000 -500.000000000
0.790377494 1.102148240 -1.528205212 -1.347534560 -2.041122108 -1.649921123 -0.549984682

4.439804322
1.006212570 1.178643383 -1.943185049 -1.070595250 -2.134494818 1.920132382 2.320635911
5.068682329 -0.822845083 -12.278168620 -7.386013578 -100.000000000 -100.000000000 -100.000000000
-83.359209678 10.536728352 206.518098115 10.119772423 -500.000000000 -500.000000000 -500.000000000
0.790292018 1.102123022 -1.528221662 -1.347599199 -2.041147859 -1.649913628 -0.550135069

4.457813148
1.158151533 1.041361234 -2.201041780 -1.116619205 -2.389784324 1.503465715 1.858469164
-0.357658209 0.441913570 -0.979820026 0.795941057 46.421206919 -100.000000000 -100.000000000
-113.743871961 97.906466405 -114.853310216 66.109435451 500.000000000 500.000000000 500.000000000
0.788836664 1.101705166 -1.528492271 -1.348661554 -2.041574553 -1.649791323 -0.552657124

4.458811755
1.138203596 1.059589715 -2.238404257 -1.129218282 -1.973117657 1.920132382 2.275135831
-4.787505039 4.374835365 -8.966994432 -3.023778530 100.000000000 100.000000000 100.000000000
-29.778322696 -2.803878200 86.851351415 -39.123056099 -500.000000000 500.000000000 500.000000000
0.788758755 1.101683396 -1.528506267 -1.348716441 -2.041596783 -1.649785054 -0.552790138

4.459958271
1.138203596 1.059589715 -2.238404257 -1.129218282 -1.973117657 1.920132382 2.275135831
-4.787505039 4.374835365 -8.966994432 -3.023778530 100.000000000 100.000000000 100.000000000
-29.778322696 -2.803878200 86.851351415 -39.123056099 -500.000000000 500.000000000 500.000000000
0.788758755 1.101683396 -1.528506267 -1.348716441 -2.041596783 -1.649785054 -0.552790138

4.460803405
1.144949201 1.038880647 -2.216481215 -1.175957484 -2.367168697 1.920132382 2.275135831
2.591076930 -4.400163970 5.466317880 -4.211849566 -100.000000000 -100.000000000 -100.000000000
-15.104996918 15.844834469 75.169417865 121.074587307 -117.666819135 -500.000000000 -500.000000000
0.788593453 1.101637399 -1.528535803 -1.348832256 -2.041643754 -1.649771842 -0.553071713

4.461803043
1.158278114 1.017363960 -2.190971564 -1.165332279 -2.783835363 1.503465715 1.858469164
3.198939180 -5.164004860 6.122316224 2.550049257 -100.000000000 -100.000000000 -100.000000000
-87.457113347 94.278954583 -40.531816363 66.949514140 500.000000000 500.000000000 500.000000000
0.788593453 1.101637399 -1.528535803 -1.348832256 -2.041643754 -1.649771842 -0.553071713

4.462805024
1.149444262 1.014631873 -2.200843948 -1.167539337 -2.671362988 1.920132382 2.275135831
-2.120124354 -0.655700851 -2.369372231 -0.529693893 26.993370012 100.000000000 100.000000000
-100.957684367 111.704551891 -56.204601632 -69.358245871 500.000000000 500.000000000 500.000000000
0.788428113 1.101591660 -1.528565129 -1.348947205 -2.041690460 -1.649758756 -0.553352455

4.463797865
1.123456663 1.031146790 -2.245010468 -1.187950872 -2.254696322 2.336799048 2.691802498
-6.237023871 3.963580013 -10.599964598 -4.898768555 100.000000000 100.000000000 100.000000000
6.300872136 21.809995690 114.615326573 -7.546908946 -476.900147405 -500.000000000 -500.000000000
0.788341635 1.101567848 -1.528580382 -1.349006961 -2.041714774 -1.649751969 -0.553498926

4.464798975
1.113250495 1.033592569 -2.269923789 -1.195550396 -2.671362988 1.920132382 2.275135831
-2.449480173 0.586986937 -5.979197081 -1.823885780 -100.000000000 -100.000000000 -100.000000000
91.228974614 -72.229494473 283.642300508 81.869762248 -500.000000000 -500.000000000 -500.000000000
0.788261589 1.101545855 -1.528594449 -1.349062114 -2.041737234 -1.649745696 -0.553634337

4.465798604
1.123396360 1.015533055 -2.250081446 -1.172536868 -3.088029655 1.503465715 1.858469164
2.435007569 -4.334283357 4.762162351 5.523246843 -100.000000000 -100.000000000 -100.000000000
16.490712825 -4.944410172 193.716875636 21.126543837 500.000000000 500.000000000 500.000000000
0.788178544 1.101523115 -1.528608990 -1.349119074 -2.041760453 -1.649739236 -0.553774567

4.466857348
1.123396360 1.015533055 -2.250081446 -1.172536868 -3.088029655 1.503465715 1.858469164
2.435007569 -4.334283357 4.762162351 5.523246843 -100.000000000 -100.000000000 -100.000000000
16.490712825 -4.944410172 193.716875636 21.126543837 500.000000000 500.000000000 500.000000000
0.788178544 1.101523115 -1.528608990 -1.349119074 -2.041760453 -1.649739236 -0.553774567

4.467807308
1.084364818 1.025440648 -2.297426515 -1.177305512 -2.564835066 2.336799048 2.691802498
-6.934860837 3.585437629 -10.465655721 -3.246492465 100.000000000 100.000000000 100.000000000
16.137679953 33.252201054 90.462822702 -60.580130848 -417.362226546 -500.000000000 -500.000000000
0.788010553 1.101477313 -1.528638242 -1.349233651 -2.041807222 -1.649726257 -0.554057581

4.468793228
1.074527121 1.026996751 -2.315273200 -1.177894399 -2.981501733 1.920132382 2.275135831
-2.361047307 0.373464539 -4.283204441 -0.141332853 -100.000000000 -100.000000000 -100.000000000
109.061790262 -64.105086142 286.191941690 47.737035363 -500.000000000 -500.000000000 -500.000000000
0.787927467 1.101454756 -1.528652630 -1.349290000 -2.041830256 -1.649719882 -0.554197232

4.469797903
1.079774167 1.016525214 -2.288028688 -1.156080897 -2.978613332 1.505248221 2.007173577
1.259291206 -2.513168759 6.538682865 5.235240289 0.693216228 -99.572198430 -64.310941015
18.560980818 -0.023490208 164.326145853 -14.312903034 500.000000000 500.000000000 500.000000000
0.787843021 1.101431889 -1.528667199 -1.349347076 -2.041853607 -1.649713425 -0.554338972

4.470805819
1.066184094 1.018151988 -2.287674344 -1.155322837 -2.561946666 1.921914888 2.423840244
-3.261617614 0.390425703 0.085042597 0.181934382 100.000000000 100.000000000 100.000000000
-54.378938720 58.754042657 -54.837508401 -124.031423617 79.811647973 500.000000000 500.000000000
0.787759667 1.101409387 -1.528681527 -1.349403184 -2.041876585 -1.649707086 -0.554478649

4.471827856
1.048354088 1.025783729 -2.302872342 -1.170028090 -2.145279999 2.338581555 2.840506910
-4.279201514 1.831617830 -3.647519582 -3.529260680 100.000000000 100.000000000 100.000000000
37.389909609 0.517225820 74.198429794 -23.046722280 -500.000000000 -500.000000000 -500.000000000
0.787676404 1.101386977 -1.528695786 -1.349459007 -2.041899467 -1.649700790 -0.554617949

4.472820448
1.048354088 1.025783729 -2.302872342 -1.170028090 -2.145279999 2.338581555 2.840506910
-4.279201514 1.831617830 -3.647519582 -3.529260680 100.000000000 100.000000000 100.000000000
37.389909609 0.517225820 74.198429794 -23.046722280 -500.000000000 -500.000000000 -500.000000000
0.787676404 1.101386977 -1.528695786 -1.349459007 -2.041899467 -1.649700790 -0.554617949

4.473845194
1.048354088 1.025783729 -2.302872342 -1.170028090 -2.145279999 2.338581555 2.840506910
-4.279201514 1.831617830 -3.647519582 -3.529260680 100.000000000 100.000000000 100.000000000
37.389909609 0.517225820 74.198429794 -23.046722280 -500.000000000 -500.000000000 -500.000000000
0.787676404 1.101386977 -1.528695786 -1.349459007 -2.041899467 -1.649700790 -0.554617949

4.474756305
1.065331408 1.001860414 -2.276798491 -1.151605718 -2.978613332 1.505248221 2.007173577
4.236495781 -4.703400238 6.678413852 5.390160256 -100.000000000 -100.000000000 -100.000000000
59.495649746 -29.077552743 150.364539648 52.628391019 -500.000000000 -500.000000000 -500.000000000
0.787423290 1.101319238 -1.528738814 -1.349627429 -2.041968636 -1.649681825 -0.555040126

4.475806545
1.093821345 0.972980135 -2.208467937 -1.102264025 -2.976302611 1.093242827 1.590506910
6.837585047 -6.931266942 16.399332826 11.842006373 0.554572982 -98.881294725 -100.000000000
-112.520727339 104.013887181 -58.762309423 -127.605376231 500.000000000 500.000000000 500.000000000
0.787336315 1.101296100 -1.528753490 -1.349684845 -2.041992262 -1.649675375 -0.555184736

4.476799298
1.100739237 0.966147311 -2.189627058 -1.093328446 -2.655114736 1.509909493 2.007173577
1.660294132 -1.639877863 4.521811070 2.144538934 77.085090178 100.000000000 100.000000000
-167.400204024 151.456935350 -260.015211789 -261.582209447 82.339575336 500.000000000 500.000000000
0.787253799 1.101274202 -1.528767360 -1.349739140 -2.042014623 -1.649669274 -0.555321748

4.477874762
1.100668508 0.975284304 -2.212458867 -1.114876746 -2.303390238 1.926576160 2.423840244
-0.016975162 2.192878369 -5.479634195 -5.171591933 84.413879356 100.000000000 100.000000000
-64.554426492 46.310246391 -24.350251681 -68.531848070 -500.000000000 -500.000000000 -500.000000000
0.787162793 1.101250128 -1.528782600 -1.349798767 -2.042039206 -1.649662586 -0.555472604

4.478799744
1.115521950 0.973516826 -2.224985155 -1.120028654 -2.648334268 1.509909493 2.007173577
3.564826206 -0.424194649 -3.006309150 -1.236457950 -82.786567080 -100.000000000 -100.000000000
-31.011068232 -31.260984992 177.960310574 79.939636546 -500.000000000 -500.000000000 -500.000000000
0.787084236 1.101229411 -1.528795706 -1.349850023 -2.042060358 -1.649656847 -0.555602611

4.479800864
1.145386022 0.953064077 -2.197906091 -1.087636612 -3.065000935 1.093242827 1.590506910
7.167377229 -4.908659936 6.498975249 7.774090013 -100.000000000 -100.000000000 -100.000000000
-104.140295533 21.255151497 129.745127848 1.747022026 500.000000000 500.000000000 500.000000000
0.786998996 1.101206990 -1.528809877 -1.349905452 -2.042083254 -1.649650642 -0.555743486

4.480807393
1.152189742 0.950873692 -2.203353175 -1.079209911 -3.065000935 1.509909493 1.967201091
1.632892928 -0.525692397 -1.307300104 2.022408280 0.000000000 100.000000000 90.406603282
-179.186247228 112.987490019 -63.069883504 -181.708684306 500.000000000 500.000000000 500.000000000
0.786914289 1.101184766 -1.528823906 -1.349960341 -2.042105947 -1.649644498 -0.555883283

4.481798790
1.138074812 0.972874442 -2.264771456 -1.099230448 -2.648334268 1.926576160 2.383867757
-3.387583203 5.280180061 -14.740387388 -4.804929017 100.000000000 100.000000000 100.000000000
-69.185403955 25.544955403 93.598929033 -67.523208629 102.289498771 -500.000000000 -500.000000000
0.786828865 1.101162432 -1.528838001 -1.350015441 -2.042128752 -1.649638349 -0.556024012

4.482851128
1.128702529 0.992705694 -2.310185506 -1.101655681 -2.333950029 1.509909493 1.967201091
-2.249348102 4.759500630 -10.899372079 -0.582055842 75.452217351 -100.000000000 -100.000000000
32.627069306 -92.774802246 368.401093275 71.020081025 -500.000000000 -500.000000000 -500.000000000
0.786737929 1.101138715 -1.528852947 -1.350073901 -2.042152969 -1.649631820 -0.556173622

4.483953326
1.128702529 0.992705694 -2.310185506 -1.101655681 -2.333950029 1.509909493 1.967201091
-2.249348102 4.759500630 -10.899372079 -0.582055842 75.452217351 -100.000000000 -100.000000000
32.627069306 -92.774802246 368.401093275 71.020081025 -500.000000000 -500.000000000 -500.000000000
0.786737929 1.101138715 -1.528852947 -1.350073901 -2.042152969 -1.649631820 -0.556173622

4.484783995
1.138611358 0.990684828 -2.314080956 -1.075104081 -2.534226273 1.093242827 1.550534424
2.378119083 -0.485007944 -0.934907843 6.372383973 -48.066298493 -100.000000000 -100.000000000
10.790502037 -84.346710599 296.120697444 -13.200705176 -500.000000000 500.000000000 500.000000000
0.786627806 1.101110093 -1.528870968 -1.350144368 -2.042182195 -1.649623963 -0.556354468

4.486008422
1.168528437 0.969322973 -2.295056355 -1.094563731 -2.828623907 1.926576160 2.383867757
1.159868082 -0.279811162 -2.539833788 -5.253267135 29.344567701 100.000000000 100.000000000
-158.117004216 110.001353005 -66.555395904 -39.409516598 500.000000000 -500.000000000 -500.000000000
0.786486098 1.101073434 -1.528894031 -1.350234480 -2.042219625 -1.649613945 -0.556586621

4.486884271
1.164666247 0.980824952 -2.316615529 -1.105757288 -2.411957241 1.509909493 1.967201091
-0.926925522 2.760474882 -5.174201638 -2.686453616 100.000000000 -100.000000000 -100.000000000
-61.401595537 18.771269305 127.412908221 79.498267850 -500.000000000 -500.000000000 -500.000000000
0.786400245 1.101051294 -1.528907933 -1.350288840 -2.042242233 -1.649607897 -0.556727027

4.487826265
1.175194233 0.977913042 -2.317876682 -1.085352217 -2.509445166 1.093242827 1.550534424
2.526716607 -0.698858235 -0.302676770 4.897216969 -23.397102203 -100.000000000 -100.000000000
-19.288089724 -43.186863380 182.254792351 29.275917168 -500.000000000 500.000000000 500.000000000
0.786314309 1.101029206 -1.528921797 -1.350343014 -2.042264786 -1.649601884 -0.556867333

4.489030873
1.175194233 0.977913042 -2.317876682 -1.085352217 -2.509445166 1.093242827 1.550534424
2.526716607 -0.698858235 -0.302676770 4.897216969 -23.397102203 -100.000000000 -100.000000000
-19.288089724 -43.186863380 182.254792351 29.275917168 -500.000000000 500.000000000 500.000000000
0.786314309 1.101029206 -1.528921797 -1.350343014 -2.042264786 -1.649601884 -0.556867333

4.505798451
1.253195274 0.992786901 -2.269198213 -1.161313509 -2.363386740 0.676576160 0.956878353
-1.543660548 1.262463349 4.027735416 5.333492568 100.000000000 -100.000000000 -100.000000000
-12.772312663 -40.309392585 99.431593210 69.259156907 -500.000000000 500.000000000 500.000000000
0.784743101 1.100636244 -1.529166324 -1.351297544 -2.042666014 -1.649497024 -0.559396378

4.506798605
1.259990767 0.981434599 -2.233667066 -1.171407427 -2.780053407 1.093242827 1.373545020
1.630918349 -2.724552654 8.527475186 -2.422540324 -100.000000000 100.000000000 100.000000000
-15.972006340 -14.464332685 -6.551519484 -125.668254873 -500.000000000 500.000000000 500.000000000
0.784655231 1.100614866 -1.529179512 -1.351348954 -2.042687841 -1.649491442 -0.559535830

4.507797765
1.270059038 0.966166306 -2.215193806 -1.204238013 -3.196720073 1.509909493 1.790211687
2.416384955 -3.664390144 4.433582492 -7.879340658 -100.000000000 100.000000000 100.000000000
-80.151920624 66.409079775 -100.100748295 30.456653724 500.000000000 -500.000000000 -500.000000000
0.784566308 1.100593288 -1.529192806 -1.351400790 -2.042709871 -1.649485816 -0.559676759

4.508797862
1.276679044 0.959815526 -2.187061860 -1.224562971 -3.056673125 1.093242827 1.373545020
1.588801412 -1.524187313 6.751666969 -4.877989897 33.611267570 -100.000000000 -100.000000000
-96.876972071 86.730501085 -20.071549900 142.870535424 500.000000000 -500.000000000 -500.000000000
0.784478179 1.100571966 -1.529205931 -1.351451958 -2.042731641 -1.649480270 -0.559816225

4.509806023
1.276530634 0.958874607 -2.146496814 -1.220045807 -2.640006459 0.676576160 0.956878353
-0.035618359 -0.225820433 9.735611028 1.084119371 100.000000000 -100.000000000 -100.000000000
-80.996114762 44.559390266 -69.247746541 84.870899216 -500.000000000 500.000000000 500.000000000
0.784388632 1.100550367 -1.529219216 -1.351503729 -2.042753692 -1.649474670 -0.559957712

4.511262130
1.276530634 0.958874607 -2.146496814 -1.220045807 -2.640006459 0.676576160 0.956878353
-0.035618359 -0.225820433 9.735611028 1.084119371 100.000000000 -100.000000000 -100.000000000
-80.996114762 44.559390266 -69.247746541 84.870899216 -500.000000000 500.000000000 500.000000000
0.784388632 1.100550367 -1.529219216 -1.351503729 -2.042753692 -1.649474670 -0.559957712

4.512014427
1.276530634 0.958874607 -2.146496814 -1.220045807 -2.640006459 0.676576160 0.956878353
-0.035618359 -0.225820433 9.735611028 1.084119371 100.000000000 -100.000000000 -100.000000000
-48.501833061 18.683984665 -132.984460820 -34.828179645 -500.000000000 500.000000000 500.000000000
0.784251678 1.100517449 -1.529239435 -1.351582531 -2.042787302 -1.649466153 -0.560173723

4.513715745
1.276530634 0.958874607 -2.146496814 -1.220045807 -2.640006459 0.676576160 0.956878353
-0.035618359 -0.225820433 9.735611028 1.084119371 100.000000000 -100.000000000 -100.000000000
-48.501833061 18.683984665 -132.984460820 -34.828179645 -500.000000000 500.000000000 500.000000000
0.784202343 1.100505622 -1.529246688 -1.351610814 -2.042799378 -1.649463095 -0.560251430

4.513955314
1.278197619 0.950599297 -2.120224096 -1.240355151 -3.056673125 1.093242827 1.373545020
0.400076291 -1.986074411 6.305452264 -4.874242662 -100.000000000 100.000000000 100.000000000
-48.515528479 18.680692778 -132.986482628 -34.836059871 -500.000000000 500.000000000 500.000000000
0.784202343 1.100505622 -1.529246688 -1.351610814 -2.042799378 -1.649463095 -0.560251430

4.514810458
1.257485822 0.960980235 -2.133455035 -1.292044859 -2.640006459 1.093242827 1.192698181
-2.592751847 1.982974412 0.166097215 -4.191252709 100.000000000 -100.000000000 -100.000000000
-0.865301907 4.605413008 127.317827335 156.572207844 101.382933144 -500.000000000 -500.000000000
0.783940348 1.100443160 -1.529284950 -1.351759876 -2.042863148 -1.649447046 -0.560662964

4.516110011
1.257485822 0.960980235 -2.133455035 -1.292044859 -2.640006459 1.093242827 1.192698181
-2.592751847 1.982974412 0.166097215 -4.191252709 100.000000000 -100.000000000 -100.000000000
-0.865301907 4.605413008 127.317827335 156.572207844 101.382933144 -500.000000000 -500.000000000
0.783940348 1.100443160 -1.529284950 -1.351759876 -2.042863148 -1.649447046 -0.560662964

4.516805247
1.257485822 0.960980235 -2.133455035 -1.292044859 -2.640006459 1.093242827 1.192698181
-2.592751847 1.982974412 0.166097215 -4.191252709 100.000000000 -100.000000000 -100.000000000
4.500489583 -25.713195827 57.095064182 77.853552496 -500.000000000 500.000000000 500.000000000
0.783940348 1.100443160 -1.529284950 -1.351759876 -2.042863148 -1.649447046 -0.560662964

4.517799117
1.245051489 0.953896113 -2.091689477 -1.281682420 -2.640006459 1.093242827 1.192698181
-0.315570401 -3.179203191 7.455695232 -2.677225074 -100.000000000 100.000000000 100.000000000
7.110519258 -16.255036886 7.983287491 -111.418875577 -500.000000000 500.000000000 500.000000000
0.783737651 1.100395202 -1.529314256 -1.351873990 -2.042912109 -1.649434806 -0.560980138

4.518806395
1.245645318 0.934472911 -2.073433310 -1.316665567 -3.056673125 1.509909493 1.609364847
0.142519010 -4.661568558 4.381480235 -8.395955278 -100.000000000 100.000000000 100.000000000
-39.826410921 78.232456325 -92.877307509 46.521742108 500.000000000 -500.000000000 -500.000000000
0.783673299 1.100380038 -1.529323506 -1.351910014 -2.042927590 -1.649430946 -0.561080626

4.519802173
1.245645318 0.934472911 -2.073433310 -1.316665567 -3.056673125 1.509909493 1.609364847
0.142519010 -4.661568558 4.381480235 -8.395955278 -100.000000000 100.000000000 100.000000000
-39.826410921 78.232456325 -92.877307509 46.521742108 500.000000000 -500.000000000 -500.000000000
0.783582642 1.100358729 -1.529336493 -1.351960591 -2.042949345 -1.649425532 -0.561222017

4.520798644
1.239578453 0.921721027 -2.008013600 -1.324522519 -2.495418292 0.676576160 0.776031514
-1.309485331 -0.638913172 9.024202313 2.378859549 100.000000000 -100.000000000 -100.000000000
-43.223554870 66.026083171 -81.904133348 83.532607488 -500.000000000 500.000000000 500.000000000
0.783402308 1.100316538 -1.529362176 -1.352060550 -2.042992417 -1.649414867 -0.561502618

4.521807327
1.234921294 0.909780143 -1.979560139 -1.342427157 -2.912084958 1.093242827 1.192698181
-1.117717930 -2.865812159 6.828830692 -4.297113201 -100.000000000 100.000000000 100.000000000
-19.427907797 30.637814491 -132.618903801 -50.330994042 -500.000000000 500.000000000 500.000000000
0.783402308 1.100316538 -1.529362176 -1.352060550 -2.042992417 -1.649414867 -0.561502618

4.522798269
1.225560668 0.899702744 -1.983754044 -1.373029273 -3.328751625 1.509909493 1.609364847
-2.246550427 -2.418575918 -1.006537153 -7.344507708 -100.000000000 100.000000000 100.000000000
-22.806566773 76.367779280 -91.558095571 84.973949518 500.000000000 -500.000000000 -500.000000000
0.783222786 1.100274764 -1.529387544 -1.352159308 -2.043035065 -1.649404343 -0.561781199

4.523806951
1.219176356 0.894753041 -1.966802165 -1.393988131 -3.186045552 1.093242827 1.192698181
-1.532234755 -1.187928558 4.068450999 -5.030125928 34.249457631 -100.000000000 -100.000000000
0.697220350 68.428720389 65.567393032 148.977150635 500.000000000 -500.000000000 -500.000000000
0.783130673 1.100253423 -1.529400483 -1.352209675 -2.043056853 -1.649398986 -0.561923829

4.524807330
1.213338990 0.890360092 -1.922235918 -1.395721688 -2.769378885 0.676576160 0.776031514
-1.400967806 -1.054307978 10.695899195 -0.416053823 100.000000000 -100.000000000 -100.000000000
-12.959873211 44.308609299 -37.628851865 104.780364163 -500.000000000 500.000000000 500.000000000
0.783040814 1.100232679 -1.529413058 -1.352258562 -2.043078028 -1.649393809 -0.562062726

4.525806323
1.202944003 0.881312961 -1.899525126 -1.415290649 -3.186045552 1.093242827 1.192698181
-2.494796871 -2.171311320 5.450590000 -4.696550460 -100.000000000 100.000000000 100.000000000
-15.010461514 42.073418330 -174.635697852 12.667389072 -500.000000000 500.000000000 500.000000000
0.782948141 1.100211334 -1.529425974 -1.352308820 -2.043099819 -1.649388480 -0.562205806

4.526805827
1.180628916 0.886971189 -1.918970254 -1.442988657 -3.186045552 1.509909493 1.422622025
-5.355621027 1.357974798 -4.666830690 -6.647522109 0.000000000 100.000000000 55.181722590
7.896351144 65.316063737 -72.001884729 100.229192061 500.000000000 -500.000000000 -500.000000000
0.782858957 1.100190854 -1.529438354 -1.352356985 -2.043120726 -1.649383382 -0.562343297

4.527805717
1.163901082 0.895258911 -1.916570337 -1.459699472 -2.769378885 1.093242827 1.005955358
-4.014680228 1.989053182 0.575980140 -4.010595446 100.000000000 -100.000000000 -100.000000000
67.335424698 -5.837529471 132.289803805 142.013609386 114.292482525 -500.000000000 -500.000000000
0.782767957 1.100170017 -1.529450938 -1.352405935 -2.043141999 -1.649378208 -0.562483391

4.528806085
1.150474224 0.900244311 -1.899337864 -1.441704728 -2.352712218 0.676576160 0.589288691
-3.222445786 1.196495921 4.135793626 4.318738605 100.000000000 -100.000000000 -100.000000000
42.180292065 -19.289953076 27.192337089 90.941262593 -500.000000000 500.000000000 500.000000000
0.782676794 1.100149203 -1.529463494 -1.352454772 -2.043163247 -1.649373053 -0.562623532

4.529806706
1.137539722 0.889233277 -1.876790102 -1.452608499 -2.769378885 1.093242827 1.005955358
-3.104280535 -2.642648010 5.411462718 -2.616905097 -100.000000000 100.000000000 100.000000000
27.669172748 -3.939429229 -45.728435556 -77.449776567 -500.000000000 500.000000000 500.000000000
0.782585392 1.100128394 -1.529476033 -1.352503541 -2.043184491 -1.649367912 -0.562763845

4.530806553
1.120467269 0.876720871 -1.877687246 -1.480367863 -3.186045552 1.509909493 1.422622025
-4.097388705 -3.002977552 -0.215314448 -6.662247293 -100.000000000 100.000000000 100.000000000
26.590177694 73.942471823 -73.497847478 62.348597673 500.000000000 -500.000000000 -500.000000000
0.782486362 1.100105926 -1.529489564 -1.352556124 -2.043207425 -1.649362386 -0.562915612

4.532357211
1.120467269 0.876720871 -1.877687246 -1.480367863 -3.186045552 1.509909493 1.422622025
-4.097388705 -3.002977552 -0.215314448 -6.662247293 -100.000000000 100.000000000 100.000000000
48.159586403 82.400303307 39.127410193 146.031377969 500.000000000 -500.000000000 -500.000000000
0.782486362 1.100105926 -1.529489564 -1.352556124 -2.043207425 -1.649362386 -0.562915612

4.532819900
1.120467269 0.876720871 -1.877687246 -1.480367863 -3.186045552 1.509909493 1.422622025
-4.097388705 -3.002977552 -0.215314448 -6.662247293 -100.000000000 100.000000000 100.000000000
48.159586403 82.400303307 39.127410193 146.031377969 500.000000000 -500.000000000 -500.000000000
0.782398115 1.100085949 -1.529501571 -1.352602836 -2.043227820 -1.649357470 -0.563050701

4.533949688
1.120467269 0.876720871 -1.877687246 -1.480367863 -3.186045552 1.509909493 1.422622025
-4.097388705 -3.002977552 -0.215314448 -6.662247293 -100.000000000 100.000000000 100.000000000
48.159586403 82.400303307 39.127410193 146.031377969 500.000000000 -500.000000000 -500.000000000
0.782309907 1.100066054 -1.529513528 -1.352649287 -2.043248128 -1.649352605 -0.563185496

4.534786496
1.120467269 0.876720871 -1.877687246 -1.480367863 -3.186045552 1.509909493 1.422622025
-4.097388705 -3.002977552 -0.215314448 -6.662247293 -100.000000000 100.000000000 100.000000000
48.122833434 82.391997783 39.122417970 146.011971285 500.000000000 -500.000000000 -500.000000000
0.782117763 1.100022883 -1.529539415 -1.352749920 -2.043292198 -1.649342064 -0.563478554

4.536103736
1.108855074 0.869199461 -1.858047794 -1.495256631 -3.036924687 1.093242827 1.005955358
-2.786926746 -1.805138436 4.713468410 -3.573304539 35.789007393 -100.000000000 -100.000000000
23.064803817 59.185110950 -61.418530267 85.716761932 -500.000000000 500.000000000 500.000000000
0.782031560 1.100003603 -1.529550959 -1.352794779 -2.043311879 -1.649337378 -0.563609741

4.536799772
1.108855074 0.869199461 -1.858047794 -1.495256631 -3.036924687 1.093242827 1.005955358
-2.786926746 -1.805138436 4.713468410 -3.573304539 35.789007393 -100.000000000 -100.000000000
23.064803817 59.185110950 -61.418530267 85.716761932 -500.000000000 500.000000000 500.000000000
0.782031560 1.100003603 -1.529550959 -1.352794779 -2.043311879 -1.649337378 -0.563609741

4.538225459
1.086284475 0.872118977 -1.779202451 -1.452214915 -2.203591354 0.259909493 0.172622025
-3.178200665 1.908350244 8.775808794 8.743079128 100.000000000 -100.000000000 -100.000000000
13.015901949 47.734836953 -174.320990074 -18.158572904 -500.000000000 500.000000000 500.000000000
0.781937380 1.099982601 -1.529563522 -1.352843583 -2.043333317 -1.649332291 -0.563752862

4.539104239
1.064030634 0.903798332 -1.779372423 -1.396646923 -1.786924687 -0.156757173 -0.244044642
-5.340921805 7.603045341 -0.040793288 13.336318126 100.000000000 -100.000000000 -100.000000000
33.120561670 -15.382585900 -150.553444514 -164.928960105 -500.000000000 500.000000000 500.000000000
0.781757843 1.099942736 -1.529587329 -1.352936059 -2.043374010 -1.649322671 -0.564025128

4.556807738
1.143089149 1.259161792 -1.817661410 -1.025911202 -1.786924687 -0.156757173 -0.244044642
1.634334546 12.280922583 -19.887337767 6.683312613 100.000000000 -100.000000000 -100.000000000
-139.237096437 -84.806129280 -40.819168778 -18.462552827 -500.000000000 500.000000000 500.000000000
0.780070991 1.099578924 -1.529802149 -1.353769621 -2.043745350 -1.649237304 -0.566547646

4.557799415
1.156828500 1.274142849 -1.807017413 -1.002794949 -2.203591354 0.259909493 0.172622025
3.297444261 3.595453751 2.554559200 5.547900785 -100.000000000 100.000000000 100.000000000
-68.988506722 -261.576738386 426.532681415 -166.452094118 -500.000000000 500.000000000 500.000000000
0.779975576 1.099558916 -1.529813834 -1.353814899 -2.043765770 -1.649232746 -0.566688444

4.558798634
1.183369668 1.250113552 -1.693461956 -1.016147854 -2.620258021 0.676576160 0.589288691
6.369880517 -5.767031364 27.253309527 -3.204697287 -100.000000000 100.000000000 100.000000000
-103.634177592 -89.367468327 -23.370826139 -146.060010645 500.000000000 -500.000000000 -500.000000000
0.779882512 1.099539452 -1.529825185 -1.353858892 -2.043785635 -1.649228320 -0.566825602

4.559798682
1.201371855 1.245717500 -1.617141247 -1.002494090 -2.203591354 0.259909493 0.172622025
4.320524680 -1.055052441 18.316970284 3.276903349 100.000000000 -100.000000000 -100.000000000
-167.746326025 100.283217293 -500.000000000 30.322841980 500.000000000 -500.000000000 -500.000000000
0.779787542 1.099519647 -1.529836719 -1.353903595 -2.043805847 -1.649223831 -0.566965375

4.560798591
1.210564809 1.289292525 -1.675894604 -0.968896181 -1.786924687 -0.156757173 -0.244044642
2.206308996 10.458006004 -14.100805745 8.063498333 100.000000000 -100.000000000 -100.000000000
-128.568924816 6.481263583 -357.608952914 -100.679017448 -500.000000000 500.000000000 500.000000000
0.779692354 1.099499865 -1.529848234 -1.353948179 -2.043826035 -1.649219372 -0.567105249

4.561798439
1.224299191 1.308775021 -1.673322294 -0.946948749 -2.203591354 0.259909493 0.172622025
3.296251809 4.675799219 0.617354569 5.267383561 -100.000000000 100.000000000 100.000000000
-87.213425408 -228.139386010 296.620751942 -199.775166443 -500.000000000 500.000000000 500.000000000
0.779596994 1.099480095 -1.529859720 -1.353992687 -2.043846212 -1.649214917 -0.567245215

4.562797553
1.247606506 1.291616035 -1.572672401 -0.967032410 -2.620258021 0.676576160 0.589288691
5.593755553 -4.118156647 24.155974163 -4.820078535 -100.000000000 100.000000000 100.000000000
-110.395255876 -114.445477031 1.999165980 -146.052064975 500.000000000 -500.000000000 -500.000000000
0.779501564 1.099460376 -1.529871167 -1.354037011 -2.043866335 -1.649210497 -0.567385068

4.563797997
1.264762770 1.294245881 -1.512120132 -0.957059768 -2.203591354 0.259909493 0.172622025
4.117503446 0.631163049 14.532544601 2.393433967 100.000000000 -100.000000000 -100.000000000
-158.685605230 63.147567026 -478.839359882 57.701110594 500.000000000 -500.000000000 -500.000000000
0.779402685 1.099440002 -1.529882977 -1.354082750 -2.043887128 -1.649205941 -0.567529784

4.564753002
1.277266609 1.344756819 -1.593593433 -0.922170811 -1.786924687 -0.156757173 -0.244044642
3.000921296 12.122625079 -19.553592313 8.373349699 100.000000000 -100.000000000 -100.000000000
-130.886077423 -32.103848933 -292.427176553 -87.570977498 -500.000000000 500.000000000 500.000000000
0.779309508 1.099420856 -1.529894060 -1.354125676 -2.043906667 -1.649201669 -0.567665979

4.565839112
1.291199071 1.367369807 -1.599801712 -0.898826064 -2.203591354 0.259909493 0.172622025
3.343790891 5.427116966 -1.489986895 5.602739368 -100.000000000 100.000000000 100.000000000
-109.814136065 -266.986097916 397.441783615 -210.662480426 -500.000000000 500.000000000 500.000000000
0.779309508 1.099420856 -1.529894060 -1.354125676 -2.043906667 -1.649201669 -0.567665979

4.567030365
1.313148318 1.347143563 -1.483549411 -0.920360182 -2.620258021 0.676576160 0.589288691
5.267819282 -4.854298484 27.900552301 -5.168188366 -100.000000000 100.000000000 100.000000000
-109.814136065 -266.986097916 397.441783615 -210.662480426 -500.000000000 500.000000000 500.000000000
0.779171224 1.099392542 -1.529910423 -1.354189050 -2.043935562 -1.649195377 -0.567867770

4.569146785
1.313148318 1.347143563 -1.483549411 -0.920360182 -2.620258021 0.676576160 0.589288691
5.267819282 -4.854298484 27.900552301 -5.168188366 -100.000000000 100.000000000 100.000000000
-158.759389400 72.309787370 -500.000000000 59.978466483 500.000000000 -500.000000000 -500.000000000
0.779118281 1.099381740 -1.529916662 -1.354213190 -2.043946585 -1.649192991 -0.567944905

4.569826860
1.313148318 1.347143563 -1.483549411 -0.920360182 -2.620258021 0.676576160 0.589288691
5.267819282 -4.854298484 27.900552301 -5.168188366 -100.000000000 100.000000000 100.000000000
-158.759389400 72.309787370 -500.000000000 59.978466483 500.000000000 -500.000000000 -500.000000000
0.778815599 1.099320288 -1.529952053 -1.354350198 -2.044009297 -1.649179464 -0.568384873

4.571023430
1.329703160 1.346145152 -1.408312761 -0.912165096 -2.203591354 0.259909493 0.172622025
3.973161969 -0.239618661 18.056795899 1.966820675 100.000000000 -100.000000000 -100.000000000
-158.759389400 72.309787370 -500.000000000 59.978466483 500.000000000 -500.000000000 -500.000000000
0.778815599 1.099320288 -1.529952053 -1.354350198 -2.044009297 -1.649179464 -0.568384873

4.571817727
1.346510760 1.370816219 -1.410696194 -0.893934339 -1.786924687 -0.156757173 -0.244044642
4.033824164 5.921056089 -0.572023750 4.375381714 100.000000000 -100.000000000 -100.000000000
-137.454336698 -145.572397224 -0.486077445 -133.552960112 -500.000000000 500.000000000 500.000000000
0.778633656 1.099283633 -1.529973100 -1.354431624 -2.044046701 -1.649171476 -0.568648403

4.572919399
1.367254439 1.448644826 -1.591651605 -0.879828104 -1.370258021 -0.573423840 -0.660711309
4.978482858 18.678865749 -43.429298694 3.385496390 100.000000000 -100.000000000 -100.000000000
-137.454336698 -145.572397224 -0.486077445 -133.552960112 -500.000000000 500.000000000 500.000000000
0.778633656 1.099283633 -1.529973100 -1.354431624 -2.044046701 -1.649171476 -0.568648403

4.573799687
1.381407310 1.486096422 -1.650673704 -0.851154754 -1.786924687 -0.156757173 -0.244044642
3.396689116 8.988382880 -14.165303833 6.881604017 -100.000000000 100.000000000 100.000000000
-158.441763625 -408.515446414 500.000000000 -115.174740659 -500.000000000 500.000000000 500.000000000
0.778533374 1.099263512 -1.529984629 -1.354476232 -2.044067232 -1.649167108 -0.568793380

4.574803615
1.401531686 1.465910929 -1.518948596 -0.836313667 -2.203591354 0.259909493 0.172622025
4.829850125 -4.844518241 31.614025832 3.561860823 -100.000000000 100.000000000 100.000000000
-128.231022810 -218.452917511 295.373856983 -187.968586286 500.000000000 -500.000000000 -500.000000000
0.778344780 1.099225850 -1.530006174 -1.354559543 -2.044105662 -1.649158986 -0.569065445

4.575772122
1.415363333 1.466016910 -1.445823549 -0.808305107 -1.786924687 -0.156757173 -0.244044642
3.319595297 0.025435547 17.550011315 6.722054342 100.000000000 -100.000000000 -100.000000000
-158.915693116 60.221856932 -500.000000000 -123.061804090 500.000000000 -500.000000000 -500.000000000
0.778248507 1.099206705 -1.530017103 -1.354601806 -2.044125197 -1.649154874 -0.569204061

4.576799011
1.435121949 1.520972481 -1.572311195 -0.801029149 -1.370258021 -0.573423840 -0.660711309
4.742067832 13.189336956 -30.357034973 1.746230052 100.000000000 -100.000000000 -100.000000000
-130.103388582 -37.189731471 -359.419581645 -189.070756703 -500.000000000 500.000000000 500.000000000
0.778151190 1.099187402 -1.530028102 -1.354644365 -2.044144894 -1.649150736 -0.569344012

4.577798588
1.451960708 1.552314993 -1.622614037 -0.776899792 -1.786924687 -0.156757173 -0.244044642
4.041302140 7.522202916 -12.072682080 5.791045561 -100.000000000 100.000000000 100.000000000
-160.538432521 -305.965246992 500.000000000 -90.286122705 -500.000000000 500.000000000 500.000000000
0.778054457 1.099168280 -1.530038990 -1.354686458 -2.044164406 -1.649146659 -0.569482914

4.578799045
1.474015781 1.526643822 -1.462650557 -0.766451336 -2.203591354 0.259909493 0.172622025
5.293217567 -6.161080984 38.391235160 2.507629534 -100.000000000 100.000000000 100.000000000
-148.216667892 -195.758729622 250.711146345 -173.599577778 500.000000000 -500.000000000 -500.000000000
0.777955732 1.099148822 -1.530050053 -1.354729225 -2.044184259 -1.649142525 -0.569624483

4.579770390
1.489518704 1.523970048 -1.377164510 -0.742819135 -1.786924687 -0.156757173 -0.244044642
3.720701599 -0.641705921 20.516651239 5.671728111 100.000000000 -100.000000000 -100.000000000
-175.470356242 80.472119671 -500.000000000 -108.980379578 500.000000000 -500.000000000 -500.000000000
0.777848118 1.099127682 -1.530062058 -1.354775618 -2.044205829 -1.649138055 -0.569778572

4.580801270
1.513969597 1.576742017 -1.512325510 -0.739034285 -1.370258021 -0.573423840 -0.660711309
5.868214275 12.665272621 -32.438639910 0.908364079 100.000000000 -100.000000000 -100.000000000
-145.581090600 -29.650118176 -425.622779580 -174.630210522 -500.000000000 500.000000000 500.000000000
0.777764413 1.099111277 -1.530071356 -1.354811574 -2.044222568 -1.649134588 -0.569898293

4.581811239
1.533042188 1.609254048 -1.575996617 -0.716187002 -1.786924687 -0.156757173 -0.244044642
4.577421810 7.802887490 -15.281065752 5.483348014 -100.000000000 100.000000000 100.000000000
-190.984803911 -301.068526366 500.000000000 -79.745010459 -500.000000000 500.000000000 500.000000000
0.777663180 1.099091502 -1.530082555 -1.354854851 -2.044242746 -1.649130432 -0.570042877

4.583288501
1.555148725 1.583726518 -1.408597119 -0.708441085 -2.203591354 0.259909493 0.172622025
5.305568879 -6.126607267 40.175879579 1.859019919 -100.000000000 100.000000000 100.000000000
-167.086336992 -207.074004448 310.212721284 -173.533745228 500.000000000 -500.000000000 -500.000000000
0.777565327 1.099072445 -1.530093332 -1.354896490 -2.044262189 -1.649126444 -0.570182439

4.583802517
1.571243350 1.578769499 -1.312106207 -0.687100977 -1.786924687 -0.156757173 -0.244044642
3.862710065 -1.189684516 23.157818939 5.121625935 100.000000000 -100.000000000 -100.000000000
-167.086336992 -207.074004448 310.212721284 -173.533745228 500.000000000 -500.000000000 -500.000000000
0.777466093 1.099053176 -1.530104214 -1.354938531 -2.044281848 -1.649122425 -0.570323784

4.584812310
1.599352433 1.628842639 -1.454778315 -0.685460790 -1.370258021 -0.573423840 -0.660711309
6.746179906 12.017553608 -34.241306012 0.393644847 100.000000000 -100.000000000 -100.000000000
-156.631927059 -24.177941948 -484.956179500 -169.216274144 -500.000000000 500.000000000 500.000000000
0.777368204 1.099034219 -1.530114901 -1.354979839 -2.044301191 -1.649118477 -0.570463045

4.585816454
1.620275862 1.662003562 -1.532433079 -0.663079628 -1.786924687 -0.156757173 -0.244044642
5.021622789 7.958621461 -18.637143373 5.371478964 -100.000000000 100.000000000 100.000000000
-217.122021051 -293.331914190 500.000000000 -74.824801831 -500.000000000 500.000000000 500.000000000
0.777270658 1.099015396 -1.530125505 -1.355020780 -2.044320395 -1.649114587 -0.570601598

4.588359328
1.620275862 1.662003562 -1.532433079 -0.663079628 -1.786924687 -0.156757173 -0.244044642
5.021622789 7.958621461 -18.637143373 5.371478964 -100.000000000 100.000000000 100.000000000
-217.122021051 -293.331914190 500.000000000 -74.824801831 -500.000000000 500.000000000 500.000000000
0.777270658 1.099015396 -1.530125505 -1.355020780 -2.044320395 -1.649114587 -0.570601598

4.607757253
1.902005430 1.656732589 0.975569844 -1.672370779 -3.235113506 1.394071263 1.005955358
8.424529930 1.733949532 -5.737347285 -2.061538054 -100.000000000 100.000000000 100.000000000
-243.305554606 -129.829132533 -422.474632276 30.036908722 500.000000000 -500.000000000 -500.000000000
0.775077880 1.098606507 -1.530352031 -1.355894529 -2.044737499 -1.649033714 -0.573669206

4.608755105
1.931662856 1.654831246 0.968576448 -1.670936519 -3.006264560 0.977404597 0.589288691
7.117782425 -0.456322417 -1.678415209 0.344222387 54.923747069 -100.000000000 -100.000000000
-281.183353520 -90.491598903 -135.845241782 72.878386061 500.000000000 -500.000000000 -500.000000000
0.775077880 1.098606507 -1.530352031 -1.355894529 -2.044737499 -1.649033714 -0.573669206

4.609863520
1.931662856 1.654831246 0.968576448 -1.670936519 -3.006264560 0.977404597 0.589288691
7.117782425 -0.456322417 -1.678415209 0.344222387 54.923747069 -100.000000000 -100.000000000
-281.183353520 -90.491598903 -135.845241782 72.878386061 500.000000000 -500.000000000 -500.000000000
0.774976355 1.098588218 -1.530361985 -1.355932884 -2.044756153 -1.649030268 -0.573809118

4.610820177
1.959136013 1.642223175 0.965488371 -1.653545190 -2.589597894 0.560737930 0.172622025
6.593557522 -3.025937030 -0.741138402 4.173918872 100.000000000 -100.000000000 -100.000000000
-250.287116232 6.155244920 -234.762267502 -53.717146753 -500.000000000 500.000000000 500.000000000
0.774976355 1.098588218 -1.530361985 -1.355932884 -2.044756153 -1.649030268 -0.573809118

4.611778595
1.986272223 1.614316775 0.957399564 -1.617811032 -2.178018278 0.218512124 -0.244044642
6.512690512 -6.697536099 -1.941313619 8.576198027 98.779107812 -82.134193565 -100.000000000
-251.403894125 82.374192257 -209.951878132 -145.343829563 -500.000000000 500.000000000 500.000000000
0.774771384 1.098551477 -1.530381941 -1.356009722 -2.044793624 -1.649023407 -0.574090990

4.612947913
2.013388665 1.599361713 0.971348483 -1.627244184 -3.011221858 0.929005339 0.589288691
2.899758162 -1.029677310 -0.241782710 -4.527820473 -100.000000000 100.000000000 100.000000000
-251.403894125 82.374192257 -209.951878132 -145.343829563 -500.000000000 500.000000000 500.000000000
0.774636052 1.098527336 -1.530395015 -1.356060073 -2.044818245 -1.649018927 -0.574276709

4.613756055
2.023419380 1.585676337 0.981188732 -1.627364147 -2.594555192 0.512338672 0.172622025
2.407371550 -3.284490081 2.361659714 -0.028791215 100.000000000 -100.000000000 -100.000000000
-181.876925428 -29.491047322 -245.339320754 117.672414142 500.000000000 -500.000000000 -500.000000000
0.774571043 1.098515777 -1.530401266 -1.356084137 -2.044830033 -1.649016795 -0.574365799

4.614765531
2.040394965 1.556700624 0.968548735 -1.602639390 -2.177888525 0.095672006 -0.244044642
4.074140383 -6.954171115 -3.033599375 5.933941757 100.000000000 -100.000000000 -100.000000000
-173.043714104 16.971716053 -298.393290749 27.699607281 -500.000000000 500.000000000 500.000000000
0.774360071 1.098478424 -1.530421427 -1.356161714 -2.044868125 -1.649009953 -0.574654401

4.615799867
2.047893995 1.545034514 0.969620229 -1.597128407 -2.594555192 0.512338672 0.172622025
1.799767227 -2.799866467 0.257158535 1.322635796 -100.000000000 100.000000000 100.000000000
-208.086296993 93.261202311 -189.225028705 -94.031067548 -500.000000000 500.000000000 500.000000000
0.774263883 1.098461470 -1.530430555 -1.356196835 -2.044885415 -1.649006868 -0.574785732

4.616864524
2.054077668 1.539792280 0.951305740 -1.617447366 -3.011221858 0.929005339 0.589288691
1.484081647 -1.258136192 -4.395477185 -4.876550129 -100.000000000 100.000000000 100.000000000
-163.358355743 11.340024947 -255.148249028 -2.359558649 500.000000000 -500.000000000 -500.000000000
0.774158377 1.098442929 -1.530440519 -1.356235178 -2.044904323 -1.649003508 -0.574929603

4.617804807
2.058464829 1.526493469 0.946965162 -1.618173415 -2.594555192 0.512338672 0.172622025
1.052918672 -3.191714707 -1.041738708 -0.174251739 100.000000000 -100.000000000 -100.000000000
-157.673562035 -18.972211297 -160.265082239 123.652221357 500.000000000 -500.000000000 -500.000000000
0.774061276 1.098425914 -1.530449647 -1.356270307 -2.044921675 -1.649000438 -0.575061850

4.618801395
2.069924462 1.499829537 0.924066682 -1.594063708 -2.177888525 0.095672006 -0.244044642
2.750311768 -6.399343666 -5.495635200 5.786329573 100.000000000 -100.000000000 -100.000000000
-149.498728803 21.027538644 -226.906706772 29.675345617 -500.000000000 500.000000000 500.000000000
0.773959467 1.098408137 -1.530459175 -1.356306931 -2.044939802 -1.648997257 -0.575200305

4.619793692
2.070862988 1.491443599 0.920012996 -1.589566791 -2.594555192 0.512338672 0.172622025
0.225246350 -2.012625162 -0.972884632 1.079260287 -100.000000000 100.000000000 100.000000000
-184.602734867 87.844733316 -135.539881738 -91.950913744 -500.000000000 500.000000000 500.000000000
0.773959467 1.098408137 -1.530459175 -1.356306931 -2.044939802 -1.648997257 -0.575200305

4.620824980
2.070862988 1.491443599 0.920012996 -1.589566791 -2.594555192 0.512338672 0.172622025
0.225246350 -2.012625162 -0.972884632 1.079260287 -100.000000000 100.000000000 100.000000000
-134.205681354 0.947145154 -225.590493233 1.737052563 500.000000000 -500.000000000 -500.000000000
0.773753851 1.098372387 -1.530478280 -1.356380401 -2.044976255 -1.648990895 -0.575479423

4.621850142
2.067632198 1.481522181 0.894715458 -1.611834942 -2.594555192 0.512338672 0.172622025
-0.522514882 -2.125329361 -1.266850975 -0.248599167 100.000000000 -100.000000000 -100.000000000
-124.548051151 -34.084318158 -146.956062087 127.357014823 500.000000000 -500.000000000 -500.000000000
0.773753851 1.098372387 -1.530478280 -1.356380401 -2.044976255 -1.648990895 -0.575479423

4.624198033
2.067632198 1.481522181 0.894715458 -1.611834942 -2.594555192 0.512338672 0.172622025
-0.522514882 -2.125329361 -1.266850975 -0.248599167 100.000000000 -100.000000000 -100.000000000
-124.548051151 -34.084318158 -146.956062087 127.357014823 500.000000000 -500.000000000 -500.000000000
0.773636528 1.098352085 -1.530489100 -1.356422010 -2.044996958 -1.648987307 -0.575638371

4.624808912
2.098451152 1.418631701 0.792782455 -1.553991129 -1.761221858 -0.320994661 -0.660711309
5.907936918 -9.833202525 -18.583073524 8.091916428 100.000000000 -100.000000000 -100.000000000
-250.666347571 164.631589717 139.331924846 -142.090606457 -500.000000000 500.000000000 500.000000000
0.773336242 1.098300446 -1.530516525 -1.356527447 -2.045049611 -1.648978280 -0.576044124

4.625773712
2.101036486 1.394293288 0.742154508 -1.492226631 -2.594555192 0.512338672 0.172622025
-0.853335530 -1.344089608 -4.257765859 5.447343590 -100.000000000 100.000000000 100.000000000
-162.601895557 59.783272178 -71.182343809 -171.683070101 500.000000000 -500.000000000 -500.000000000
0.773239984 1.098283991 -1.530525236 -1.356560926 -2.045066389 -1.648975431 -0.576173870

4.626761915
2.106249106 1.375999100 0.706881041 -1.451383228 -2.177888525 0.095672006 -0.244044642
1.251028886 -4.390605100 -8.465632013 9.802416822 100.000000000 -100.000000000 -100.000000000
-162.601895557 59.783272178 -71.182343809 -171.683070101 500.000000000 -500.000000000 -500.000000000
0.773239984 1.098283991 -1.530525236 -1.356560926 -2.045066389 -1.648975431 -0.576173870

4.627798486
2.106249106 1.375999100 0.706881041 -1.451383228 -2.177888525 0.095672006 -0.244044642
1.251028886 -4.390605100 -8.465632013 9.802416822 100.000000000 -100.000000000 -100.000000000
-158.337319548 60.037896498 -54.429411546 -186.571574790 -500.000000000 500.000000000 500.000000000
0.773033295 1.098248829 -1.530543809 -1.356632257 -2.045102238 -1.648969407 -0.576451905

4.628822469
2.187893973 1.293273727 0.437268726 -1.393996301 -1.344555192 -0.737661328 -1.077377975
13.165819425 -11.428837041 -41.453381120 3.805313194 100.000000000 -100.000000000 -100.000000000
-264.579283517 144.240541768 251.017995604 -194.029035290 -500.000000000 500.000000000 500.000000000
0.773033295 1.098248829 -1.530543809 -1.356632257 -2.045102238 -1.648969407 -0.576451905

4.629802405
2.204716157 1.269248502 0.353537067 -1.364354713 -1.761221858 -0.320994661 -0.660711309
4.037324041 -5.766054090 -20.095598110 7.113981136 -100.000000000 100.000000000 100.000000000
-404.815034283 209.072120948 500.000000000 -72.374168714 -500.000000000 500.000000000 500.000000000
0.772825926 1.098213755 -1.530562262 -1.356703160 -2.045137999 -1.648963446 -0.576730182

4.630815227
2.170749142 1.264757664 0.393417707 -1.336254232 -2.177888525 0.095672006 -0.244044642
-8.152083468 -1.077801076 9.571353639 6.744115240 -100.000000000 100.000000000 100.000000000
-223.935503936 98.217607064 213.502029317 -141.514467510 500.000000000 -500.000000000 -500.000000000
0.772722465 1.098196339 -1.530571402 -1.356738264 -2.045155755 -1.648960513 -0.576868746

4.631798080
2.155571775 1.254358472 0.389784690 -1.305020093 -1.761221858 -0.320994661 -0.660711309
-3.642568204 -2.495806065 -0.871924191 7.496193355 100.000000000 -100.000000000 -100.000000000
23.239001646 4.899888978 -383.825983643 -136.930707916 500.000000000 -500.000000000 -500.000000000
0.772618157 1.098178832 -1.530580572 -1.356773486 -2.045173603 -1.648957578 -0.577008275

4.632975810
2.155571775 1.254358472 0.389784690 -1.305020093 -1.761221858 -0.320994661 -0.660711309
-3.642568204 -2.495806065 -0.871924191 7.496193355 100.000000000 -100.000000000 -100.000000000
23.239001646 4.899888978 -383.825983643 -136.930707916 500.000000000 -500.000000000 -500.000000000
0.772618157 1.098178832 -1.530580572 -1.356773486 -2.045173603 -1.648957578 -0.577008275

4.633799066
2.181640424 1.213955002 0.223866359 -1.269189556 -1.761221858 -0.320994661 -0.660711309
0.010812724 -3.873423823 -12.936873203 6.861392559 -100.000000000 100.000000000 100.000000000
-65.443997660 34.298157298 -174.598042287 -155.099206324 -500.000000000 500.000000000 500.000000000
0.772513946 1.098161403 -1.530589688 -1.356808474 -2.045191370 -1.648954681 -0.577147475

4.634803810
2.134070521 1.208453105 0.290476724 -1.239290638 -2.177888525 0.095672006 -0.244044642
-11.416776793 -1.320455299 15.986487739 7.175740323 -100.000000000 100.000000000 100.000000000
-141.139361740 65.887372857 83.290948771 -145.993236632 500.000000000 -500.000000000 -500.000000000
0.772303870 1.098126426 -1.530607930 -1.356878497 -2.045227028 -1.648948909 -0.577427565

4.635804407
2.113357196 1.198752533 0.291880594 -1.205122584 -1.761221858 -0.320994661 -0.660711309
-4.971198019 -2.328137203 0.336928754 8.200332931 100.000000000 -100.000000000 -100.000000000
92.158870801 15.376438026 -500.000000000 -155.273592370 500.000000000 -500.000000000 -500.000000000
0.772201255 1.098109419 -1.530616775 -1.356912446 -2.045244365 -1.648946125 -0.577564122

4.636802903
2.143422442 1.176750114 0.154442458 -1.195774230 -1.344555192 -0.737661328 -1.077377975
7.215659189 -5.280580535 -32.985152520 2.243604930 100.000000000 -100.000000000 -100.000000000
-34.691633670 36.498432587 -188.988311987 -179.185644819 -500.000000000 500.000000000 500.000000000
0.772097482 1.098092277 -1.530625676 -1.356946589 -2.045261838 -1.648943341 -0.577702033

4.637900279
2.147194586 1.161241041 0.080299574 -1.166999769 -1.761221858 -0.320994661 -0.660711309
0.905314562 -3.722177564 -17.794292342 6.905870705 -100.000000000 100.000000000 100.000000000
-281.445679824 97.745826990 491.196236909 -60.989334563 -500.000000000 500.000000000 500.000000000
0.771992743 1.098075031 -1.530634616 -1.356980874 -2.045279417 -1.648940558 -0.577841048

4.659344096
1.498979196 1.111792203 0.870349957 -1.324665116 -2.747072368 0.929005339 0.352383158
-3.538956817 0.498039425 -4.964458382 -2.711375087 63.395877717 -100.000000000 -100.000000000
29.168549994 -56.705990629 -149.247736689 170.562857690 500.000000000 -500.000000000 -500.000000000
0.769868430 1.097736542 -1.530806528 -1.357639485 -2.045624380 -1.648889355 -0.580623480

4.660483776
1.496493735 1.104354469 0.832530805 -1.300330237 -2.330405701 0.512338672 -0.064283509
-0.596510585 -1.785055968 -9.076596324 5.840370907 100.000000000 -100.000000000 -100.000000000
-2.131940247 -11.366354508 -140.826480856 50.930064855 -500.000000000 500.000000000 500.000000000
0.769661565 1.097704709 -1.530822335 -1.357699952 -2.045656815 -1.648884899 -0.580890733

4.660891285
1.496493735 1.104354469 0.832530805 -1.300330237 -2.330405701 0.512338672 -0.064283509
-0.596510585 -1.785055968 -9.076596324 5.840370907 100.000000000 -100.000000000 -100.000000000
-2.131940247 -11.366354508 -140.826480856 50.930064855 -500.000000000 500.000000000 500.000000000
0.769661565 1.097704709 -1.530822335 -1.357699952 -2.045656815 -1.648884899 -0.580890733

4.661770662
1.486843421 1.109360177 0.803246284 -1.307061538 -2.747072368 0.929005339 0.352383158
-2.316075485 1.201369852 -7.028285222 -1.615512104 -100.000000000 100.000000000 100.000000000
-60.765047301 35.034299837 -54.804300288 -122.547878622 -500.000000000 500.000000000 500.000000000
0.769448003 1.097672062 -1.530838485 -1.357761677 -2.045690075 -1.648880411 -0.581165935

4.662834009
1.486843421 1.109360177 0.803246284 -1.307061538 -2.747072368 0.929005339 0.352383158
-2.316075485 1.201369852 -7.028285222 -1.615512104 -100.000000000 100.000000000 100.000000000
-25.418032092 -25.196208589 -92.842772397 27.240228175 500.000000000 -500.000000000 -500.000000000
0.769340303 1.097655673 -1.530846564 -1.357792558 -2.045706771 -1.648878179 -0.581304472

4.664577577
1.486843421 1.109360177 0.803246284 -1.307061538 -2.747072368 0.929005339 0.352383158
-2.316075485 1.201369852 -7.028285222 -1.615512104 -100.000000000 100.000000000 100.000000000
-25.428802073 -25.197847450 -92.843580342 27.237140010 500.000000000 -500.000000000 -500.000000000
0.769232720 1.097639350 -1.530854590 -1.357823252 -2.045723401 -1.648875970 -0.581442699

4.664807635
1.481365148 1.117484690 0.742550466 -1.325806241 -3.163739034 1.345672006 0.769049825
-1.314785329 1.949883025 -14.566996232 -4.498728768 -100.000000000 100.000000000 100.000000000
-44.917536236 -40.982194469 63.999419010 86.772874260 500.000000000 -500.000000000 -500.000000000
0.769124269 1.097622946 -1.530862638 -1.357854028 -2.045740113 -1.648873764 -0.581581876

4.665773576
1.481365148 1.117484690 0.742550466 -1.325806241 -3.163739034 1.345672006 0.769049825
-1.314785329 1.949883025 -14.566996232 -4.498728768 -100.000000000 100.000000000 100.000000000
-44.917536236 -40.982194469 63.999419010 86.772874260 500.000000000 -500.000000000 -500.000000000
0.769015422 1.097606550 -1.530870672 -1.357884698 -2.045756815 -1.648871595 -0.581721343

4.667068763
1.494780103 1.120493935 0.627254701 -1.342817624 -3.163739034 1.762338672 1.099281274
3.219589120 0.722218838 -27.670983589 -4.082731969 0.000000000 100.000000000 79.255547767
-136.968250476 -16.733115274 337.607134475 80.147932028 111.798221948 -500.000000000 -500.000000000
0.768907201 1.097590287 -1.530878615 -1.357915064 -2.045773383 -1.648869443 -0.581859878

4.667811486
1.505426207 1.124903061 0.542428588 -1.350666727 -2.760989871 1.345672006 0.682614607
2.555064837 1.058190321 -20.358267078 -1.883784792 96.659799205 -100.000000000 -100.000000000
-136.979072584 -16.734741594 337.606340173 80.144895347 111.796565166 -500.000000000 -500.000000000
0.768799672 1.097574188 -1.530886465 -1.357945042 -2.045789781 -1.648867343 -0.581997332

4.668801620
1.500256090 1.136725105 0.507216948 -1.329609137 -2.344323204 0.929005339 0.265947940
-1.240828055 2.837290415 -8.450793619 5.053821681 100.000000000 -100.000000000 -100.000000000
-124.763950203 -23.896693768 199.833836211 36.947864420 -500.000000000 500.000000000 500.000000000
0.768691967 1.097558113 -1.530894286 -1.357974903 -2.045806155 -1.648865261 -0.582134844

4.669804354
1.500256090 1.136725105 0.507216948 -1.329609137 -2.344323204 0.929005339 0.265947940
-1.240828055 2.837290415 -8.450793619 5.053821681 100.000000000 -100.000000000 -100.000000000
-48.339851109 -60.662507414 -34.795250987 -103.913010184 -500.000000000 500.000000000 500.000000000
0.768577624 1.097541100 -1.530902541 -1.358006438 -2.045823485 -1.648863071 -0.582280663

4.670812718
1.486984197 1.151508614 0.490604086 -1.278052023 -1.927656538 0.512338672 -0.150718726
-3.185254280 3.548042249 -3.987086926 12.373707279 100.000000000 -100.000000000 -100.000000000
-48.351285472 -60.664208773 -34.796076552 -103.916163679 -500.000000000 500.000000000 500.000000000
0.768465681 1.097524505 -1.530910577 -1.358037112 -2.045840388 -1.648860961 -0.582423221

4.671752821
1.486984197 1.151508614 0.490604086 -1.278052023 -1.927656538 0.512338672 -0.150718726
-3.185254280 3.548042249 -3.987086926 12.373707279 100.000000000 -100.000000000 -100.000000000
-8.146766016 -76.359255908 -122.409727822 -255.472654426 -500.000000000 500.000000000 500.000000000
0.768365534 1.097509703 -1.530917727 -1.358064406 -2.045855463 -1.648859093 -0.582550607

4.672833624
1.440814465 1.184588823 0.555485060 -1.261980505 -2.344323204 0.929005339 0.265947940
-11.080735594 7.939250148 15.571433686 3.857164324 -100.000000000 100.000000000 100.000000000
154.369818771 -167.492914913 -500.000000000 -86.751676572 500.000000000 -500.000000000 -500.000000000
0.768257177 1.097493736 -1.530925422 -1.358093787 -2.045871727 -1.648857092 -0.582688284

4.673810548
1.386305113 1.224914626 0.626352088 -1.279595265 -2.760989871 1.345672006 0.682614607
-13.082244505 9.678192744 17.008086857 -4.227542429 -100.000000000 100.000000000 100.000000000
154.358983019 -167.494511697 -500.000000000 -86.754614671 500.000000000 -500.000000000 -500.000000000
0.768148471 1.097477780 -1.530933101 -1.358123059 -2.045887977 -1.648855123 -0.582826202

4.675480099
1.386305113 1.224914626 0.626352088 -1.279595265 -2.760989871 1.345672006 0.682614607
-13.082244505 9.678192744 17.008086857 -4.227542429 -100.000000000 100.000000000 100.000000000
154.358983019 -167.494511697 -500.000000000 -86.754614671 500.000000000 -500.000000000 -500.000000000
0.768148471 1.097477780 -1.530933101 -1.358123059 -2.045887977 -1.648855123 -0.582826202

4.675807355
1.386305113 1.224914626 0.626352088 -1.279595265 -2.760989871 1.345672006 0.682614607
-13.082244505 9.678192744 17.008086857 -4.227542429 -100.000000000 100.000000000 100.000000000
154.358983019 -167.494511697 -500.000000000 -86.754614671 500.000000000 -500.000000000 -500.000000000
0.768148471 1.097477780 -1.530933101 -1.358123059 -2.045887977 -1.648855123 -0.582826202

4.677138702
1.357904343 1.246192840 0.638541602 -1.274700841 -2.494194309 0.929005339 0.265947940
-6.816184843 5.106771335 2.925483368 1.174661873 64.030934850 -100.000000000 -100.000000000
77.324632439 -117.010363044 -275.458781223 -31.841729882 -500.000000000 500.000000000 500.000000000
0.767913699 1.097443476 -1.530949536 -1.358185765 -2.045922912 -1.648850930 -0.583123542

4.677970213
1.358258516 1.246258254 0.577685230 -1.242829090 -2.077527642 0.512338672 -0.150718726
0.085001456 0.015699424 -14.605529330 7.649220230 100.000000000 -100.000000000 -100.000000000
77.324632439 -117.010363044 -275.458781223 -31.841729882 -500.000000000 500.000000000 500.000000000
0.767796425 1.097426423 -1.530957671 -1.358216825 -2.045940281 -1.648848865 -0.583271801

4.678786900
1.424658842 1.221088164 0.268964521 -1.149461369 -2.077527642 0.512338672 -0.150718726
5.677698483 -0.932254209 -31.576839668 8.156186375 -100.000000000 100.000000000 100.000000000
-268.498290795 89.415265671 500.000000000 -302.521137626 -500.000000000 500.000000000 500.000000000
0.767591142 1.097396737 -1.530971794 -1.358270655 -2.045970511 -1.648845351 -0.583530787

4.679934257
1.401995844 1.227538648 0.245621875 -1.170077523 -2.494194309 0.929005339 0.265947940
-5.439119555 1.548116279 -5.602234989 -4.947877105 -100.000000000 100.000000000 100.000000000
-179.260739730 6.275941460 451.543161860 -184.004656131 500.000000000 -500.000000000 -500.000000000
0.767591142 1.097396737 -1.530971794 -1.358270655 -2.045970511 -1.648845351 -0.583530787

4.680870290
1.377108149 1.232191875 0.247725621 -1.163037673 -2.077527642 0.512338672 -0.150718726
-5.973046928 1.116774333 0.504899094 1.689564180 100.000000000 -100.000000000 -100.000000000
45.329503951 -43.978303639 -65.615514127 80.135001014 500.000000000 -500.000000000 -500.000000000
0.767382434 1.097366734 -1.530985998 -1.358324805 -2.046001062 -1.648841855 -0.583793508

4.681852295
1.381480192 1.233371106 0.176595633 -1.127165439 -1.660860976 0.095672006 -0.567385393
1.049290458 0.283015632 -17.071197094 8.609336160 100.000000000 -100.000000000 -100.000000000
45.329503951 -43.978303639 -65.615514127 80.135001014 500.000000000 -500.000000000 -500.000000000
0.767272448 1.097350998 -1.530993422 -1.358353100 -2.046017086 -1.648840048 -0.583931714

4.682969982
1.358409730 1.239646448 0.175886714 -1.112607311 -2.077527642 0.512338672 -0.150718726
-5.536910860 1.506082078 -0.170140744 3.493950535 -100.000000000 100.000000000 100.000000000
-82.406583599 -19.262323503 170.665036354 -195.305489375 -500.000000000 500.000000000 500.000000000
0.767162247 1.097335283 -1.531000817 -1.358381281 -2.046033088 -1.648838262 -0.584070020

4.683872588
1.305125796 1.246277747 0.244903264 -1.143459292 -2.494194309 0.929005339 0.265947940
-12.788144334 1.591511681 16.563972049 -7.404475298 -100.000000000 100.000000000 100.000000000
51.613468819 -44.352758117 -167.285938129 -94.456407684 500.000000000 -500.000000000 -500.000000000
0.767051516 1.097319548 -1.531008205 -1.358409419 -2.046049109 -1.648836496 -0.584208812

4.684809223
1.305125796 1.246277747 0.244903264 -1.143459292 -2.494194309 0.929005339 0.265947940
-12.788144334 1.591511681 16.563972049 -7.404475298 -100.000000000 100.000000000 100.000000000
201.955458708 -46.726053545 -500.000000000 126.594493207 500.000000000 -500.000000000 -500.000000000
0.766942398 1.097304089 -1.531015442 -1.358436994 -2.046064849 -1.648834775 -0.584345427

4.685904612
1.299996398 1.243349467 0.138030476 -1.107347373 -1.660860976 0.095672006 -0.567385393
5.247007642 -1.150728540 -28.469680495 8.376274378 100.000000000 -100.000000000 -100.000000000
78.442117598 -24.042833897 -235.171188521 -27.430571705 -500.000000000 500.000000000 500.000000000
0.766942398 1.097304089 -1.531015442 -1.358436994 -2.046064849 -1.648834775 -0.584345427

4.686848954
1.299996398 1.243349467 0.138030476 -1.107347373 -1.660860976 0.095672006 -0.567385393
5.247007642 -1.150728540 -28.469680495 8.376274378 100.000000000 -100.000000000 -100.000000000
-158.256650416 8.408466036 402.488286193 -192.637237164 -500.000000000 500.000000000 500.000000000
0.766831422 1.097288419 -1.531022761 -1.358464869 -2.046080803 -1.648833050 -0.584484196

4.687889026
1.296277128 1.245033934 0.083491916 -1.094491423 -2.077527642 0.512338672 -0.150718726
-0.892624740 0.404272066 -13.089254480 3.085427888 -100.000000000 100.000000000 100.000000000
-158.256650416 8.408466036 402.488286193 -192.637237164 -500.000000000 500.000000000 500.000000000
0.766660519 1.097264397 -1.531033948 -1.358507444 -2.046105259 -1.648830451 -0.584697550

4.706859998
1.020687035 1.227827758 -0.130490944 -1.154665475 -2.235586527 0.512338672 -0.150718726
-1.431423680 1.218991489 -7.072151114 4.884858382 100.000000000 -100.000000000 -100.000000000
167.297667909 27.227748928 -262.334969845 278.429020010 500.000000000 -500.000000000 -500.000000000
0.764490920 1.096969848 -1.531167307 -1.359014246 -2.046405037 -1.648802318 -0.587372052

4.707848319
1.050589252 1.245584598 -0.252937347 -1.090963691 -1.818919860 0.095672006 -0.567385393
7.176532078 4.261641532 -29.387136610 15.288428381 100.000000000 -100.000000000 -100.000000000
3.008862132 -37.465620740 1.375386031 -118.132044702 -500.000000000 500.000000000 500.000000000
0.764377826 1.096955012 -1.531173827 -1.359038991 -2.046420132 -1.648801093 -0.587509776

4.708770176
1.044791652 1.254530386 -0.286993694 -1.061148560 -2.235586527 0.512338672 -0.150718726
-1.391424115 2.146989157 -8.173523352 7.155631406 -100.000000000 100.000000000 100.000000000
-172.151784149 -100.095789205 459.919084205 -332.576097680 -500.000000000 500.000000000 500.000000000
0.764258181 1.096939379 -1.531180681 -1.359064967 -2.046436036 -1.648799833 -0.587655278

4.709805273
1.001499194 1.243956933 -0.218776801 -1.088680764 -2.652253194 0.929005339 0.265947940
-10.390189954 -2.537628706 16.372054343 -6.607729162 -100.000000000 100.000000000 100.000000000
-0.224864800 -58.698883834 39.051768379 -172.904268876 500.000000000 -500.000000000 -500.000000000
0.764151438 1.096925477 -1.531186756 -1.359087998 -2.046450180 -1.648798728 -0.587784942

4.710803905
0.973081012 1.236574228 -0.173082914 -1.091837237 -2.235586527 0.512338672 -0.150718726
-6.820363503 -1.771849276 10.966532977 -0.757553362 100.000000000 -100.000000000 -100.000000000
184.069023505 36.049428496 -458.682082344 105.113859882 500.000000000 -500.000000000 -500.000000000
0.764037001 1.096910615 -1.531193226 -1.359112549 -2.046465300 -1.648797556 -0.587923809

4.711804830
0.989752109 1.242515140 -0.253836332 -1.061374885 -1.818919860 0.095672006 -0.567385393
4.001063146 1.425818914 -19.380820414 7.310964445 100.000000000 -100.000000000 -100.000000000
115.502868894 21.470624238 -355.141690780 -11.576464004 -500.000000000 500.000000000 500.000000000
0.763924917 1.096896115 -1.531199524 -1.359136416 -2.046480050 -1.648796441 -0.588059642

4.712803936
0.988062533 1.243169577 -0.288730045 -1.056483199 -2.235586527 0.512338672 -0.150718726
-0.405498276 0.157064931 -8.374491088 1.174004563 -100.000000000 100.000000000 100.000000000
-102.603982100 -43.078280780 259.880089096 -175.995442024 -500.000000000 500.000000000 500.000000000
0.763811758 1.096881528 -1.531205840 -1.359160344 -2.046494889 -1.648795342 -0.588196608

4.713876271
0.957108591 1.229983671 -0.247998625 -1.098542173 -2.652253194 0.929005339 0.265947940
-7.428945944 -3.164617542 9.775540834 -10.094153670 -100.000000000 100.000000000 100.000000000
-14.315111979 -17.770103562 43.242242220 -53.747805715 500.000000000 -500.000000000 -500.000000000
0.763698334 1.096866955 -1.531212131 -1.359184170 -2.046509711 -1.648794262 -0.588333737

4.714800340
0.957108591 1.229983671 -0.247998625 -1.098542173 -2.652253194 0.929005339 0.265947940
-7.428945944 -3.164617542 9.775540834 -10.094153670 -100.000000000 100.000000000 100.000000000
-14.315111979 -17.770103562 43.242242220 -53.747805715 500.000000000 -500.000000000 -500.000000000
0.763698334 1.096866955 -1.531212131 -1.359184170 -2.046509711 -1.648794262 -0.588333737

4.718301167
0.940021096 1.222577923 -0.228688099 -1.106314696 -2.235586527 0.512338672 -0.150718726
-4.100998751 -1.777379448 4.634526092 -1.865405484 100.000000000 -100.000000000 -100.000000000
129.237893169 49.980679278 -323.832167290 175.818873699 500.000000000 -500.000000000 -500.000000000
0.763584676 1.096852403 -1.531218392 -1.359207881 -2.046524513 -1.648793205 -0.588470981

4.718765859
0.960548343 1.230410079 -0.315236477 -1.075415493 -1.818919860 0.095672006 -0.567385393
4.926539172 1.879717519 -20.771610706 7.415808650 100.000000000 -100.000000000 -100.000000000
64.376332994 22.975037017 -222.943551133 12.018791174 -500.000000000 500.000000000 500.000000000
0.763148125 1.096796973 -1.531242061 -1.359297465 -2.046580889 -1.648789358 -0.588996630

4.719925022
1.033580189 1.269001369 -0.615581916 -1.000939377 -1.818919860 0.095672006 -0.567385393
2.588459059 2.371323237 -18.665491305 7.852351083 -100.000000000 100.000000000 100.000000000
-324.750632360 -154.044399380 500.000000000 -233.002786442 -500.000000000 500.000000000 500.000000000
0.763014189 1.096780114 -1.531249200 -1.359324472 -2.046598033 -1.648788250 -0.589157418

4.720750749
1.000298685 1.243525672 -0.531157087 -1.005533602 -2.235586527 0.512338672 -0.150718726
-7.987561161 -6.114167192 20.261958810 -1.102613991 -100.000000000 100.000000000 100.000000000
-78.825781189 -64.648590190 281.743097676 -192.885531088 500.000000000 -500.000000000 -500.000000000
0.762893593 1.096764998 -1.531255582 -1.359348587 -2.046613404 -1.648787285 -0.589301992

4.721896791
0.979918451 1.228722093 -0.485453420 -0.988992176 -1.818919860 0.095672006 -0.567385393
-4.891256070 -3.552859131 10.968880140 3.969942446 100.000000000 -100.000000000 -100.000000000
136.010714040 107.607276410 -500.000000000 -13.329218590 500.000000000 -500.000000000 -500.000000000
0.762893593 1.096764998 -1.531255582 -1.359348587 -2.046613404 -1.648787285 -0.589301992

4.722817590
1.009170009 1.241345894 -0.614538323 -0.973225122 -1.402253194 -0.320994661 -0.984052060
7.020373958 3.029712327 -30.980376737 3.784092791 100.000000000 -100.000000000 -100.000000000
76.108953378 57.859763858 -323.958537290 -116.437207424 -500.000000000 500.000000000 500.000000000
0.762671731 1.096737320 -1.531267201 -1.359392524 -2.046641549 -1.648785561 -0.589567529

4.723811376
1.018405279 1.242329213 -0.676988469 -0.955627406 -1.818919860 0.095672006 -0.567385393
2.216464886 0.235996531 -14.988034864 4.223451885 -100.000000000 100.000000000 100.000000000
-165.057306981 -75.055103888 500.000000000 -114.298595973 -500.000000000 500.000000000 500.000000000
0.762557650 1.096723161 -1.531273114 -1.359414884 -2.046655947 -1.648784708 -0.589703832

4.724839018
0.986776214 1.208150587 -0.572368889 -0.967550206 -2.235586527 0.512338672 -0.150718726
-7.590975683 -8.202870076 25.108699212 -2.861471949 -100.000000000 100.000000000 100.000000000
-69.914060663 -19.280535835 214.332232686 -124.847785471 500.000000000 -500.000000000 -500.000000000
0.762439954 1.096708603 -1.531279173 -1.359437790 -2.046670749 -1.648783851 -0.589844290

4.725800386
0.968856922 1.189524086 -0.520615313 -0.953086684 -1.818919860 0.095672006 -0.567385393
-4.300629985 -4.470360242 12.420858220 3.471245236 100.000000000 -100.000000000 -100.000000000
129.385887650 152.913203065 -500.000000000 18.040680618 500.000000000 -500.000000000 -500.000000000
0.762327109 1.096694704 -1.531284944 -1.359459560 -2.046684879 -1.648783067 -0.589978771

4.726798368
1.000825276 1.201613825 -0.654931138 -0.936807976 -1.402253194 -0.320994661 -0.984052060
7.672404954 2.901537358 -32.235797988 3.906889819 100.000000000 -100.000000000 -100.000000000
65.359618342 80.124266618 -349.484127511 -110.062192281 -500.000000000 500.000000000 500.000000000
0.762211810 1.096680538 -1.531290796 -1.359481694 -2.046699283 -1.648782267 -0.590116059

4.727808297
1.013825566 1.202339759 -0.723562429 -0.918351919 -1.818919860 0.095672006 -0.567385393
3.120069490 0.174224094 -16.471509965 4.429453831 -100.000000000 100.000000000 100.000000000
-177.309445724 -68.524075954 500.000000000 -120.405168110 -500.000000000 500.000000000 500.000000000
0.762097228 1.096666518 -1.531296573 -1.359503500 -2.046713536 -1.648781510 -0.590252305

4.728811436
0.986262991 1.165464167 -0.614715422 -0.930073341 -2.235586527 0.512338672 -0.150718726
-6.615017913 -8.850142049 26.123281680 -2.813141367 -100.000000000 100.000000000 100.000000000
-87.574223600 -14.051806037 248.656784914 -132.704234791 500.000000000 -500.000000000 -500.000000000
0.761982078 1.096652481 -1.531302338 -1.359525247 -2.046727805 -1.648780776 -0.590389058

4.729945693
0.970103415 1.144446388 -0.556369489 -0.914547541 -1.818919860 0.095672006 -0.567385393
-3.878298207 -5.044267132 14.003023985 3.726192128 100.000000000 -100.000000000 -100.000000000
109.872266960 170.121672338 -500.000000000 13.317636738 500.000000000 -500.000000000 -500.000000000
0.761866733 1.096638459 -1.531308070 -1.359546903 -2.046742060 -1.648780050 -0.590525911

4.731135876
0.970103415 1.144446388 -0.556369489 -0.914547541 -1.818919860 0.095672006 -0.567385393
-3.878298207 -5.044267132 14.003023985 3.726192128 100.000000000 -100.000000000 -100.000000000
56.742295862 96.104549819 -377.554337862 -119.023778835 -500.000000000 500.000000000 500.000000000
0.761751076 1.096624460 -1.531313779 -1.359568428 -2.046756290 -1.648779360 -0.590662946

4.732495878
1.004380664 1.156395554 -0.695957715 -0.897623752 -1.402253194 -0.320994661 -0.984052060
8.226539610 2.867799858 -33.501174270 4.061709375 100.000000000 -100.000000000 -100.000000000
56.742295862 96.104549819 -377.554337862 -119.023778835 -500.000000000 500.000000000 500.000000000
0.761751076 1.096624460 -1.531313779 -1.359568428 -2.046756290 -1.648779360 -0.590662946

4.732857075
1.021175582 1.157043668 -0.771481743 -0.879512209 -1.818919860 0.095672006 -0.567385393
4.030780345 0.155547406 -18.125766833 4.346770269 -100.000000000 100.000000000 100.000000000
-188.805339529 -63.334505344 500.000000000 -127.430798832 -500.000000000 500.000000000 500.000000000
0.761515135 1.096596040 -1.531325296 -1.359611884 -2.046785179 -1.648778004 -0.590942035

4.733802530
1.021175582 1.157043668 -0.771481743 -0.879512209 -1.818919860 0.095672006 -0.567385393
4.030780345 0.155547406 -18.125766833 4.346770269 -100.000000000 100.000000000 100.000000000
-106.581651594 -9.155710927 286.530981452 -134.945372884 500.000000000 -500.000000000 -500.000000000
0.761403928 1.096582721 -1.531330666 -1.359632122 -2.046798715 -1.648777405 -0.591073335

4.735239382
1.021175582 1.157043668 -0.771481743 -0.879512209 -1.818919860 0.095672006 -0.567385393
4.030780345 0.155547406 -18.125766833 4.346770269 -100.000000000 100.000000000 100.000000000
-106.592772291 -9.157042835 286.530444373 -134.947396712 500.000000000 -500.000000000 -500.000000000
0.761403928 1.096582721 -1.531330666 -1.359632122 -2.046798715 -1.648777405 -0.591073335

4.737086106
1.021175582 1.157043668 -0.771481743 -0.879512209 -1.818919860 0.095672006 -0.567385393
4.030780345 0.155547406 -18.125766833 4.346770269 -100.000000000 100.000000000 100.000000000
-106.592772291 -9.157042835 286.530444373 -134.947396712 500.000000000 -500.000000000 -500.000000000
0.761288003 1.096568888 -1.531336225 -1.359653052 -2.046812773 -1.648776810 -0.591210038

4.759754744
1.160231985 0.740494980 -0.424027387 -0.924410524 -2.652253194 0.929005339 0.265947940
-3.035887065 -6.380555911 20.967495025 -11.096317786 -100.000000000 100.000000000 100.000000000
-240.882667513 50.742671878 253.278371940 -15.716101050 500.000000000 -500.000000000 -500.000000000
0.758353473 1.096234624 -1.531463678 -1.360131744 -2.047152305 -1.648769103 -0.594618912

4.760820669
1.160231985 0.740494980 -0.424027387 -0.924410524 -2.652253194 0.929005339 0.265947940
-3.035887065 -6.380555911 20.967495025 -11.096317786 -100.000000000 100.000000000 100.000000000
20.529890066 163.185082607 -500.000000000 178.354233679 500.000000000 -500.000000000 -500.000000000
0.758234158 1.096221677 -1.531468335 -1.360149140 -2.047165448 -1.648769100 -0.594755431

4.761802179
1.142103163 0.723786909 -0.322940253 -0.923860044 -2.235586527 0.512338672 -0.150718726
-4.350917427 -4.009937256 24.260912270 0.132115101 100.000000000 -100.000000000 -100.000000000
20.517958606 163.183787832 -500.000000000 178.352494095 500.000000000 -500.000000000 -500.000000000
0.758115477 1.096208835 -1.531472927 -1.360166324 -2.047178484 -1.648769104 -0.594891099

4.762855896
1.191972628 0.734655972 -0.426745553 -0.880169116 -1.818919860 0.095672006 -0.567385393
11.968671742 2.608575212 -24.913272025 10.485822734 100.000000000 -100.000000000 -100.000000000
48.619579994 117.440937755 -500.000000000 -46.272930006 -500.000000000 500.000000000 500.000000000
0.757995622 1.096195926 -1.531477525 -1.360183487 -2.047191586 -1.648769147 -0.595027922

4.763791449
1.234057956 0.739095531 -0.508427240 -0.869902526 -2.235586527 0.512338672 -0.150718726
10.100478615 1.065494179 -19.603604932 2.463981702 -100.000000000 100.000000000 100.000000000
-282.771135495 -16.017508865 387.792243280 -257.717891800 -500.000000000 500.000000000 500.000000000
0.757876745 1.096183166 -1.531482046 -1.360200368 -2.047204536 -1.648769206 -0.595163483

4.764834839
1.220548009 0.715044235 -0.421186048 -0.915585210 -2.652253194 0.929005339 0.265947940
-3.242387110 -5.772311134 20.937885968 -10.963844191 -100.000000000 100.000000000 100.000000000
-249.627693401 14.398879912 289.766618078 -98.309418308 500.000000000 -500.000000000 -500.000000000
0.757757119 1.096170369 -1.531486554 -1.360217219 -2.047217524 -1.648769281 -0.595299757

4.765863979
1.199075464 0.698061568 -0.311054376 -0.920655075 -2.235586527 0.512338672 -0.150718726
-5.153411001 -4.075840061 26.431601460 -1.216767622 100.000000000 -100.000000000 -100.000000000
18.568653162 153.558836094 -500.000000000 174.813682891 500.000000000 -500.000000000 -500.000000000
0.757626875 1.096156495 -1.531491417 -1.360235375 -2.047231605 -1.648769394 -0.595447937

4.766841223
1.248112074 0.708258738 -0.410687967 -0.883208352 -1.818919860 0.095672006 -0.567385393
11.768786445 2.447320756 -23.912062026 8.987213392 100.000000000 -100.000000000 -100.000000000
58.923361139 121.326293914 -500.000000000 -19.622677621 -500.000000000 500.000000000 500.000000000
0.757518361 1.096144979 -1.531495433 -1.360250363 -2.047243291 -1.648769509 -0.595571255

4.767975041
1.290129923 0.712718647 -0.489543522 -0.877303767 -2.235586527 0.512338672 -0.150718726
10.084283843 1.070378182 -18.925332989 1.417100613 -100.000000000 100.000000000 100.000000000
-284.435100166 -10.157790990 366.160493957 -227.448468949 -500.000000000 500.000000000 500.000000000
0.757398887 1.096132352 -1.531499819 -1.360266695 -2.047256102 -1.648769667 -0.595706860

4.768825481
1.274936285 0.690493713 -0.401490051 -0.924861698 -2.652253194 0.929005339 0.265947940
-3.646473023 -5.333983973 21.132832878 -11.413903665 -100.000000000 100.000000000 100.000000000
-254.958780464 16.933806932 274.311030051 -76.638305144 500.000000000 -500.000000000 -500.000000000
0.757279082 1.096119730 -1.531504175 -1.360282950 -2.047268911 -1.648769835 -0.595842712

4.769778959
1.251690314 0.675827308 -0.291519314 -0.930550525 -2.235586527 0.512338672 -0.150718726
-5.579033082 -3.519937356 26.392976842 -1.365318355 100.000000000 -100.000000000 -100.000000000
21.163740124 147.242281075 -500.000000000 184.735948114 500.000000000 -500.000000000 -500.000000000
0.757159196 1.096107155 -1.531508496 -1.360299034 -2.047281669 -1.648770037 -0.595978476

4.770835519
1.301575349 0.687453184 -0.392349674 -0.893225823 -1.818919860 0.095672006 -0.567385393
11.972408260 2.790210210 -24.199286260 8.957928386 100.000000000 -100.000000000 -100.000000000
62.127549844 112.426731800 -500.000000000 -15.668483779 -500.000000000 500.000000000 500.000000000
0.757039255 1.096094608 -1.531512777 -1.360315016 -2.047294400 -1.648770242 -0.596114187

4.773401259
1.301575349 0.687453184 -0.392349674 -0.893225823 -1.818919860 0.095672006 -0.567385393
11.972408260 2.790210210 -24.199286260 8.957928386 100.000000000 -100.000000000 -100.000000000
62.127549844 112.426731800 -500.000000000 -15.668483779 -500.000000000 500.000000000 500.000000000
0.757039255 1.096094608 -1.531512777 -1.360315016 -2.047294400 -1.648770242 -0.596114187

4.773759829
1.344555419 0.693676950 -0.473698775 -0.887207400 -2.235586527 0.512338672 -0.150718726
10.315216925 1.493703967 -19.523784254 1.444421523 -100.000000000 100.000000000 100.000000000
-293.901774584 -14.940061741 370.069414926 -225.867486962 -500.000000000 500.000000000 500.000000000
0.756689105 1.096058285 -1.531525055 -1.360360695 -2.047331248 -1.648771017 -0.596509400

4.774776453
1.327324077 0.673787509 -0.385481336 -0.934372278 -2.652253194 0.929005339 0.265947940
-4.135522034 -4.773465771 21.172185383 -11.319570648 -100.000000000 100.000000000 100.000000000
-265.092518338 10.363893982 284.693003687 -76.203960518 500.000000000 -500.000000000 -500.000000000
0.756673621 1.096056683 -1.531525589 -1.360362701 -2.047332873 -1.648771048 -0.596526861

4.775766937
1.327324077 0.673787509 -0.385481336 -0.934372278 -2.652253194 0.929005339 0.265947940
-4.135522034 -4.773465771 21.172185383 -11.319570648 -100.000000000 100.000000000 100.000000000
25.633800618 137.695040152 -500.000000000 183.790890438 500.000000000 -500.000000000 -500.000000000
0.756429057 1.096031569 -1.531533957 -1.360393785 -2.047358345 -1.648771715 -0.596802074

4.776833676
1.300298484 0.660899299 -0.270535073 -0.940035917 -2.235586527 0.512338672 -0.150718726
-6.486142408 -3.093170407 27.587102956 -1.359273443 100.000000000 -100.000000000 -100.000000000
25.633800618 137.695040152 -500.000000000 183.790890438 500.000000000 -500.000000000 -500.000000000
0.756429057 1.096031569 -1.531533957 -1.360393785 -2.047358345 -1.648771715 -0.596802074

4.778174873
1.348608532 0.673242623 -0.367004847 -0.903358216 -1.818919860 0.095672006 -0.567385393
11.594411486 2.962397663 -23.152745636 8.802648339 100.000000000 -100.000000000 -100.000000000
-291.117670887 -16.970232382 346.601613997 -221.757963757 -500.000000000 500.000000000 500.000000000
0.756314120 1.096019832 -1.531537834 -1.360408186 -2.047370250 -1.648772056 -0.596931204

4.779201283
1.372240002 0.662971897 -0.360241738 -0.945148154 -2.652253194 0.929005339 0.265947940
-4.426290989 -4.187283764 20.569898188 -11.384385821 -100.000000000 100.000000000 100.000000000
-265.405773481 7.112677583 270.375818787 -73.367003962 500.000000000 -500.000000000 -500.000000000
0.756073622 1.095995406 -1.531545829 -1.360437885 -2.047395022 -1.648772829 -0.597200960

4.779935783
1.344869120 0.652373323 -0.249381946 -0.951553298 -2.235586527 0.512338672 -0.150718726
-6.569011590 -2.543657852 26.606350095 -1.537234510 100.000000000 -100.000000000 -100.000000000
26.909181842 127.048026219 -500.000000000 186.158743294 500.000000000 -500.000000000 -500.000000000
0.756073622 1.095995406 -1.531545829 -1.360437885 -2.047395022 -1.648772829 -0.597200960

4.781150392
1.394221384 0.665658482 -0.348677708 -0.915558783 -1.818919860 0.095672006 -0.567385393
11.844543281 3.188438281 -23.830983067 8.638683581 100.000000000 -100.000000000 -100.000000000
72.488595627 95.234144724 -500.000000000 -10.145239228 -500.000000000 500.000000000 500.000000000
0.755831510 1.095971013 -1.531553722 -1.360467153 -2.047419756 -1.648773705 -0.597471895

4.781966991
1.394221384 0.665658482 -0.348677708 -0.915558783 -1.818919860 0.095672006 -0.567385393
11.844543281 3.188438281 -23.830983067 8.638683581 100.000000000 -100.000000000 -100.000000000
72.488595627 95.234144724 -500.000000000 -10.145239228 -500.000000000 500.000000000 500.000000000
0.755831510 1.095971013 -1.531553722 -1.360467153 -2.047419756 -1.648773705 -0.597471895

4.782818444
1.436949870 0.674164346 -0.430629135 -0.910093542 -2.235586527 0.512338672 -0.150718726
10.254836636 2.041407401 -19.668342378 1.311657769 -100.000000000 100.000000000 100.000000000
-273.220638249 1.351309323 283.274001310 -71.271954315 500.000000000 -500.000000000 -500.000000000
0.755710815 1.095958920 -1.531557597 -1.360481532 -2.047432019 -1.648774170 -0.597606743

4.783829041
1.416646633 0.658664674 -0.345520387 -0.957132992 -2.652253194 0.929005339 0.265947940
-4.872776853 -3.719921312 20.426099390 -11.289468045 -100.000000000 100.000000000 100.000000000
31.346322815 118.126291653 -500.000000000 185.452667941 500.000000000 -500.000000000 -500.000000000
0.755468869 1.095934828 -1.531565251 -1.360509868 -2.047456443 -1.648775182 -0.597876572

4.784815630
1.432679274 0.663130966 -0.324591956 -0.928208725 -1.818919860 0.095672006 -0.567385393
11.229175488 3.279672178 -22.517253773 8.477541590 100.000000000 -100.000000000 -100.000000000
84.584614491 88.802159843 -500.000000000 -8.983454938 -500.000000000 500.000000000 500.000000000
0.755346876 1.095922753 -1.531569052 -1.360523924 -2.047468684 -1.648775727 -0.598012390

4.785867444
1.473324227 0.672240058 -0.402462258 -0.922866174 -2.235586527 0.512338672 -0.150718726
9.754788600 2.186182214 -18.688872667 1.282212366 -100.000000000 100.000000000 100.000000000
-292.316749558 -22.314264816 329.647365852 -212.782351649 -500.000000000 500.000000000 500.000000000
0.755225582 1.095910785 -1.531572789 -1.360537781 -2.047480818 -1.648776278 -0.598147306

4.786842243
1.452522665 0.658987382 -0.321748385 -0.969867871 -2.652253194 0.929005339 0.265947940
-4.992374746 -3.180642376 19.371329544 -11.280407240 -100.000000000 100.000000000 100.000000000
-292.316749558 -22.314264816 329.647365852 -212.782351649 -500.000000000 500.000000000 500.000000000
0.755225582 1.095910785 -1.531572789 -1.360537781 -2.047480818 -1.648776278 -0.598147306

4.787769273
1.423514626 0.651922666 -0.215857795 -0.976927757 -2.235586527 0.512338672 -0.150718726
-6.961929382 -1.695531909 25.413741720 -1.694372691 100.000000000 -100.000000000 -100.000000000
-266.905636506 -1.356571648 260.866400266 -69.411407999 500.000000000 -500.000000000 -500.000000000
0.755103882 1.095898835 -1.531576503 -1.360551496 -2.047492930 -1.648776869 -0.598282488

4.788764494
1.471852181 0.666417565 -0.314846678 -0.942195689 -1.818919860 0.095672006 -0.567385393
11.601013179 3.478775981 -23.757332006 8.335696396 100.000000000 -100.000000000 -100.000000000
30.105616635 107.303992802 -500.000000000 186.539782325 500.000000000 -500.000000000 -500.000000000
0.754860115 1.095875036 -1.531583823 -1.360578527 -2.047517050 -1.648778113 -0.598552817

4.808814350
1.823588507 0.780695372 -1.181981973 -1.002945908 -2.652253194 0.942521116 0.265947940
-1.329078877 -6.818147420 19.360926346 -12.757274443 -100.000000000 100.000000000 100.000000000
-192.513335851 -32.983631490 231.579253328 63.946149852 500.000000000 -500.000000000 -500.000000000
0.752397124 1.095644970 -1.531649204 -1.360818406 -2.047750060 -1.648795586 -0.601250633

4.809803986
1.805370153 0.763001824 -1.093937535 -1.005167225 -2.235586527 0.525854449 -0.150718726
-4.372404990 -4.246451484 21.130665012 -0.533115994 100.000000000 -100.000000000 -100.000000000
-80.537560847 167.857908142 -422.185249999 219.358239024 500.000000000 -500.000000000 -500.000000000
0.752272920 1.095633865 -1.531652096 -1.360828914 -2.047761298 -1.648796706 -0.601385078

4.810798355
1.805370153 0.763001824 -1.093937535 -1.005167225 -2.235586527 0.525854449 -0.150718726
-4.372404990 -4.246451484 21.130665012 -0.533115994 100.000000000 -100.000000000 -100.000000000
-17.861623475 118.192233700 -466.384756288 -24.903849092 -500.000000000 500.000000000 500.000000000
0.752148313 1.095622770 -1.531654959 -1.360839309 -2.047772525 -1.648797854 -0.601519810

4.812003222
1.807348815 0.789454952 -1.144767208 -0.968907911 -1.818919860 0.109187782 -0.567385393
0.474878863 6.348750504 -12.199121361 8.702235206 100.000000000 -100.000000000 -100.000000000
-115.017627458 -96.358228219 205.293652076 -213.237843909 -500.000000000 500.000000000 500.000000000
0.752023807 1.095611728 -1.531657781 -1.360849556 -2.047783698 -1.648799017 -0.601654291

4.812879734
1.801742810 0.780414910 -1.103752031 -1.013974612 -2.652253194 0.942521116 0.265947940
-1.995156211 -4.777847470 14.709024226 -11.167739868 -100.000000000 100.000000000 100.000000000
-118.797514334 -22.635835518 60.645820974 -46.375352774 500.000000000 -500.000000000 -500.000000000
0.751899362 1.095600734 -1.531660563 -1.360859662 -2.047794823 -1.648800195 -0.601788569

4.813798317
1.794410593 0.775897834 -1.063788724 -1.021149962 -2.235586527 0.525854449 -0.150718726
-1.759732004 -1.084098172 9.591193575 -1.722083895 100.000000000 -100.000000000 -100.000000000
-65.081220630 127.075531842 -336.971337694 188.666292382 500.000000000 -500.000000000 -500.000000000
0.751899362 1.095600734 -1.531660563 -1.360859662 -2.047794823 -1.648800195 -0.601788569

4.815039817
1.794410593 0.775897834 -1.063788724 -1.021149962 -2.235586527 0.525854449 -0.150718726
-1.759732004 -1.084098172 9.591193575 -1.722083895 100.000000000 -100.000000000 -100.000000000
-65.081220630 127.075531842 -336.971337694 188.666292382 500.000000000 -500.000000000 -500.000000000
0.751899362 1.095600734 -1.531660563 -1.360859662 -2.047794823 -1.648800195 -0.601788569

4.816033991
1.794410593 0.775897834 -1.063788724 -1.021149962 -2.235586527 0.525854449 -0.150718726
-1.759732004 -1.084098172 9.591193575 -1.722083895 100.000000000 -100.000000000 -100.000000000
-65.081220630 127.075531842 -336.971337694 188.666292382 500.000000000 -500.000000000 -500.000000000
0.751899362 1.095600734 -1.531660563 -1.360859662 -2.047794823 -1.648800195 -0.601788569

4.817028883
1.807024946 0.810091524 -1.146011914 -0.989106919 -1.818919860 0.109187782 -0.567385393
3.027444762 8.206485721 -19.733565534 7.690330192 100.000000000 -100.000000000 -100.000000000
-166.073947360 -135.579892342 356.106170354 -190.982877216 -500.000000000 500.000000000 500.000000000
0.751399593 1.095557059 -1.531671353 -1.360898727 -2.047839006 -1.648805167 -0.602326292

4.817771346
1.807836136 0.819846927 -1.156666062 -0.986222536 -2.235586527 0.525854449 -0.150718726
0.194685501 2.341296698 -2.556995603 0.692251952 -100.000000000 100.000000000 100.000000000
-109.537364295 -19.254920837 13.639382980 -51.312658120 500.000000000 -500.000000000 -500.000000000
0.751274174 1.095546217 -1.531673966 -1.360908151 -2.047849971 -1.648806473 -0.602460855

4.819053922
1.809003545 0.819208790 -1.159798276 -1.022404833 -2.652253194 0.942521116 0.265947940
0.280178248 -0.153152991 -0.751731317 -8.683751245 -100.000000000 100.000000000 100.000000000
-111.376502130 30.696802510 -22.152942660 139.824693130 500.000000000 -500.000000000 -500.000000000
0.751126275 1.095533495 -1.531676999 -1.360919062 -2.047862836 -1.648808048 -0.602619334

4.819872591
1.809003545 0.819208790 -1.159798276 -1.022404833 -2.652253194 0.942521116 0.265947940
0.280178248 -0.153152991 -0.751731317 -8.683751245 -100.000000000 100.000000000 100.000000000
-111.376502130 30.696802510 -22.152942660 139.824693130 500.000000000 -500.000000000 -500.000000000
0.751126275 1.095533495 -1.531676999 -1.360919062 -2.047862836 -1.648808048 -0.602619334

4.820824744
1.793549523 0.793455905 -1.101422626 -1.087381548 -3.068919860 1.359187782 0.682614607
-3.708965320 -6.180692252 14.010156049 -15.594411529 -100.000000000 100.000000000 100.000000000
-111.391292048 30.695530325 -22.153245964 139.823601960 500.000000000 -500.000000000 -500.000000000
0.751015788 1.095524022 -1.531679227 -1.360927116 -2.047872417 -1.648809227 -0.602737621

4.821898525
1.776123835 0.778110067 -1.040321369 -1.119869933 -2.835490683 0.942521116 0.265947940
-4.182165303 -3.683001124 14.664301782 -7.797212474 56.023002592 -100.000000000 -100.000000000
-30.086428713 153.819602438 -323.229027294 284.532790639 500.000000000 -500.000000000 -500.000000000
0.750770427 1.095503130 -1.531684075 -1.360944537 -2.047893541 -1.648811932 -0.602999844

4.822799745
1.769830685 0.788292952 -1.033720221 -1.110326872 -2.418824016 0.525854449 -0.150718726
-1.510355979 2.443892331 1.584275512 2.290334660 100.000000000 -100.000000000 -100.000000000
-18.892034686 105.399328783 -342.422306292 131.836789094 -500.000000000 500.000000000 500.000000000
0.750645554 1.095492567 -1.531686487 -1.360953182 -2.047904219 -1.648813343 -0.603133076

4.823753496
1.763819762 0.794749735 -1.044166810 -1.134210153 -2.835490683 0.942521116 0.265947940
-1.442621425 1.549627944 -2.507181519 -5.731987531 -100.000000000 100.000000000 100.000000000
-71.711393509 -18.157885107 -81.482136888 -70.869324169 -500.000000000 500.000000000 500.000000000
0.750504119 1.095480653 -1.531689172 -1.360962814 -2.047916264 -1.648814960 -0.603283816

4.824798582
1.755549036 0.799337299 -1.075326760 -1.178349631 -3.252157349 1.359187782 0.682614607
-1.984974142 1.101015229 -7.478387889 -10.593474556 -100.000000000 100.000000000 100.000000000
-72.479135821 -0.919467116 1.391394174 91.964484520 500.000000000 -500.000000000 -500.000000000
0.750396026 1.095471595 -1.531691195 -1.360970023 -2.047925419 -1.648816228 -0.603398871

4.825806659
1.747645156 0.807817493 -1.082069421 -1.201542423 -3.011775596 0.942521116 0.265947940
-1.896931400 2.035246716 -1.618238615 -5.566270179 57.691620716 -100.000000000 -100.000000000
-60.815818241 7.593125091 103.931314262 193.607451869 500.000000000 -500.000000000 -500.000000000
0.750270142 1.095461076 -1.531693511 -1.360978325 -2.047936052 -1.648817703 -0.603532761

4.826805714
1.734345590 0.820438577 -1.063791924 -1.189346121 -2.595108930 0.525854449 -0.150718726
-3.191895793 3.029060084 4.386599200 2.927112477 100.000000000 -100.000000000 -100.000000000
-61.798873327 -11.940576041 -12.597636749 95.381813411 -500.000000000 500.000000000 500.000000000
0.750143525 1.095450556 -1.531695806 -1.360986482 -2.047946683 -1.648819232 -0.603667242

4.827806134
1.710385341 0.821801508 -1.032675180 -1.203152213 -3.011775596 0.942521116 0.265947940
-5.750459663 0.327103459 7.468018543 -3.313462127 -100.000000000 100.000000000 100.000000000
-34.582290593 -33.080003744 -134.522372227 -75.706285672 -500.000000000 500.000000000 500.000000000
0.750017786 1.095440143 -1.531698045 -1.360994475 -2.047957206 -1.648820753 -0.603800678

4.828805846
1.694164828 0.835635643 -1.054683684 -1.236595096 -3.011775596 1.359187782 0.450510115
-3.892923105 3.320192333 -5.282041017 -8.026291853 0.000000000 100.000000000 44.294921982
18.972437719 20.821794341 -199.262657395 50.485016350 500.000000000 -500.000000000 -500.000000000
0.749890461 1.095429648 -1.531700275 -1.361002410 -2.047967812 -1.648822320 -0.603935639

4.829805878
1.689246693 0.858398472 -1.084523911 -1.251818689 -2.595108930 0.942521116 0.033843449
-1.180352370 5.463078974 -7.161654326 -3.653662314 100.000000000 -100.000000000 -100.000000000
-16.568974614 -40.424446131 57.939161253 148.085105610 96.380778480 -500.000000000 -500.000000000
0.749764030 1.095419271 -1.531702451 -1.361010151 -2.047978297 -1.648823895 -0.604069510

4.830808450
1.680639040 0.881784857 -1.107503914 -1.227539073 -2.178442263 0.525854449 -0.382823218
-2.065836721 5.612732503 -5.515200858 5.827107774 100.000000000 -100.000000000 -100.000000000
-70.341218941 -85.559499560 98.515232498 62.154100104 -500.000000000 500.000000000 500.000000000
0.749637051 1.095408898 -1.531704599 -1.361017766 -2.047988777 -1.648825503 -0.604203803

4.831800535
1.653323608 0.880865754 -1.072931122 -1.237219247 -2.595108930 0.942521116 0.033843449
-6.555703733 -0.220584847 8.297470044 -2.323241691 -100.000000000 100.000000000 100.000000000
-51.783464520 -90.892245966 67.883948697 -129.890024789 -500.000000000 500.000000000 500.000000000
0.749509957 1.095398560 -1.531706710 -1.361025248 -2.047999221 -1.648827132 -0.604338074

4.832797209
1.617699678 0.870446055 -1.032343394 -1.275333333 -3.011775596 1.359187782 0.450510115
-8.549743132 -2.500727716 9.741054885 -9.147380606 -100.000000000 100.000000000 100.000000000
40.732709525 25.864977588 -211.826959649 34.084233659 500.000000000 -500.000000000 -500.000000000
0.749384197 1.095388381 -1.531708763 -1.361032492 -2.048009503 -1.648828772 -0.604470779

4.833809063
1.594794850 0.871868708 -1.006630281 -1.293018438 -2.764768885 0.942521116 0.033843449
-5.497158757 0.341436767 6.171147151 -4.244425225 59.281610783 -100.000000000 -100.000000000
84.163314509 72.508786897 -244.757634685 174.377696191 500.000000000 -500.000000000 -500.000000000
0.749255207 1.095377984 -1.531710830 -1.361039783 -2.048020004 -1.648830472 -0.604606749

4.834868329
1.594794850 0.871868708 -1.006630281 -1.293018438 -2.764768885 0.942521116 0.033843449
-5.497158757 0.341436767 6.171147151 -4.244425225 59.281610783 -100.000000000 -100.000000000
84.163314509 72.508786897 -244.757634685 174.377696191 500.000000000 -500.000000000 -500.000000000
0.749255207 1.095377984 -1.531710830 -1.361039783 -2.048020004 -1.648830472 -0.604606749

4.836122374
1.594794850 0.871868708 -1.006630281 -1.293018438 -2.764768885 0.942521116 0.033843449
-5.497158757 0.341436767 6.171147151 -4.244425225 59.281610783 -100.000000000 -100.000000000
84.163314509 72.508786897 -244.757634685 174.377696191 500.000000000 -500.000000000 -500.000000000
0.749255207 1.095377984 -1.531710830 -1.361039783 -2.048020004 -1.648830472 -0.604606749

4.836921624
1.594794850 0.871868708 -1.006630281 -1.293018438 -2.764768885 0.942521116 0.033843449
-5.497158757 0.341436767 6.171147151 -4.244425225 59.281610783 -100.000000000 -100.000000000
25.389210810 15.522192217 -175.930997988 78.086370018 -500.000000000 500.000000000 500.000000000
0.749009064 1.095358277 -1.531714667 -1.361053269 -2.048039906 -1.648833783 -0.604865783

4.837969795
1.585932031 0.890739396 -1.014209657 -1.277698243 -2.348102218 0.525854449 -0.382823218
-2.127076647 4.528965115 -1.819050308 3.676846726 100.000000000 -100.000000000 -100.000000000
25.364596501 15.520221585 -175.931381631 78.085021361 -500.000000000 500.000000000 500.000000000
0.748861613 1.095346555 -1.531716898 -1.361061085 -2.048051742 -1.648835805 -0.605020691

4.838766511
1.569568115 0.900571430 -1.016320144 -1.295356563 -2.764768885 0.942521116 0.033843449
-3.927339852 2.359688064 -0.506516869 -4.237996705 -100.000000000 100.000000000 100.000000000
-41.165508885 -70.118586412 -15.369717950 -81.873218662 -500.000000000 500.000000000 500.000000000
0.748748459 1.095337592 -1.531718574 -1.361066978 -2.048060793 -1.648837364 -0.605139459

4.839837274
1.552455102 0.915288883 -1.053411730 -1.326243077 -3.181435552 1.359187782 0.450510115
-4.107123062 3.532188776 -8.901980625 -7.412763341 -100.000000000 100.000000000 100.000000000
-3.535168576 -27.717145034 -41.409505604 78.188892576 500.000000000 -500.000000000 -500.000000000
0.748620744 1.095327532 -1.531720433 -1.361073451 -2.048070949 -1.648839163 -0.605273335

4.841058116
1.540539924 0.950525569 -1.145216396 -1.356167566 -3.181435552 1.775854449 0.786464195
-2.859642778 8.456804779 -22.033120006 -7.181877328 0.000000000 100.000000000 80.628979208
1.759025399 -52.639910620 130.208742214 144.772229386 500.000000000 -500.000000000 -500.000000000
0.748489911 1.095317270 -1.531722297 -1.361079942 -2.048081308 -1.648841023 -0.605410336

4.860950132
0.997122789 1.144745505 -0.918872577 -1.413626613 -2.946682721 0.957641993 0.040392362
-1.607369548 3.859832304 -1.829485638 -1.019072755 19.238437795 100.000000000 100.000000000
63.565526485 9.081828480 -231.330238123 -152.329897975 97.856783109 500.000000000 500.000000000
0.745918365 1.095125148 -1.531751065 -1.361177054 -2.048275048 -1.648882118 -0.608072389

4.861809799
0.997122789 1.144745505 -0.918872577 -1.413626613 -2.946682721 0.957641993 0.040392362
-1.607369548 3.859832304 -1.829485638 -1.019072755 19.238437795 100.000000000 100.000000000
7.010444181 -82.159853628 -24.698270417 25.625982585 -294.929168796 -500.000000000 -500.000000000
0.745659525 1.095106800 -1.531753145 -1.361183679 -2.048293528 -1.648886722 -0.608337161

4.862769238
1.000272401 1.193264336 -0.989642306 -1.451993250 -3.023188670 0.962154231 0.040392362
-0.009997553 4.401183789 -4.514790739 -1.944505440 0.000000000 -98.917062764 -100.000000000
-40.783538461 -152.848638514 193.306636492 153.540494530 464.718066475 -500.000000000 -500.000000000
0.745659525 1.095106800 -1.531753145 -1.361183679 -2.048293528 -1.648886722 -0.608337161

4.863853461
0.996088536 1.205155581 -0.964562667 -1.435118445 -2.606522003 0.545487564 -0.376274305
-1.004127500 2.853898900 6.019113252 4.049953211 100.000000000 -100.000000000 -100.000000000
-25.277097578 -97.840537763 36.084611399 47.970690501 97.488397974 500.000000000 500.000000000
0.745385909 1.095087606 -1.531755186 -1.361190045 -2.048312856 -1.648891691 -0.608616408

4.864804710
0.988845745 1.220405989 -0.946084991 -1.447760832 -2.618992391 0.962154231 0.040392362
-1.738269782 3.660097853 4.434642221 -3.034172917 -2.992893162 100.000000000 100.000000000
-4.987712740 -68.084775563 -177.101516942 -73.606224279 -500.000000000 500.000000000 500.000000000
0.745265586 1.095079226 -1.531756032 -1.361192651 -2.048321292 -1.648893904 -0.608739010

4.866900575
0.976918529 1.234274526 -0.946517709 -1.482811399 -3.035659058 1.378820898 0.457059029
-2.862532043 3.328448793 -0.103852337 -8.412136154 -100.000000000 100.000000000 100.000000000
10.407379717 -85.734633321 -147.259948501 69.340276491 116.924973192 -500.000000000 -500.000000000
0.745134515 1.095070143 -1.531756918 -1.361195348 -2.048330436 -1.648896335 -0.608872423

4.867808617
0.976918529 1.234274526 -0.946517709 -1.482811399 -3.035659058 1.378820898 0.457059029
-2.862532043 3.328448793 -0.103852337 -8.412136154 -100.000000000 100.000000000 100.000000000
34.054424026 -80.490641406 -56.446988558 180.403985244 500.000000000 -500.000000000 -500.000000000
0.744877491 1.095052460 -1.531758546 -1.361200225 -2.048348234 -1.648901164 -0.609133621

4.868895774
0.964791401 1.258980198 -0.893125614 -1.480220169 -2.618992391 0.548143348 -0.376274305
-1.146791585 3.038259589 9.044120052 3.221796282 100.000000000 -100.000000000 -100.000000000
12.805160990 -72.948869066 -135.494566570 65.242431862 98.731082371 500.000000000 500.000000000
0.744745513 1.095043448 -1.531759327 -1.361202515 -2.048357303 -1.648903675 -0.609267526

4.869751353
0.964791401 1.258980198 -0.893125614 -1.480220169 -2.618992391 0.548143348 -0.376274305
-1.146791585 3.038259589 9.044120052 3.221796282 100.000000000 -100.000000000 -100.000000000
12.805160990 -72.948869066 -135.494566570 65.242431862 98.731082371 500.000000000 500.000000000
0.744745513 1.095043448 -1.531759327 -1.361202515 -2.048357303 -1.648903675 -0.609267526

4.870808045
0.953398581 1.302348340 -0.885817010 -1.530023516 -3.041892474 1.381476682 0.457059029
-1.818191591 5.345474015 -2.153147131 -8.422906177 -100.000000000 100.000000000 100.000000000
-3.314545325 -119.761716803 -143.635693945 83.970278494 87.606333534 -500.000000000 -500.000000000
0.744486494 1.095025894 -1.531760751 -1.361206583 -2.048374964 -1.648908670 -0.609529899

4.873469052
0.953398581 1.302348340 -0.885817010 -1.530023516 -3.041892474 1.381476682 0.457059029
-1.818191591 5.345474015 -2.153147131 -8.422906177 -100.000000000 100.000000000 100.000000000
-3.314545325 -119.761716803 -143.635693945 83.970278494 87.606333534 -500.000000000 -500.000000000
0.744486494 1.095025894 -1.531760751 -1.361206583 -2.048374964 -1.648908670 -0.609529899

4.873799381
0.953398581 1.302348340 -0.885817010 -1.530023516 -3.041892474 1.381476682 0.457059029
-1.818191591 5.345474015 -2.153147131 -8.422906177 -100.000000000 100.000000000 100.000000000
15.472623061 -127.641724914 -21.531431500 185.339816811 500.000000000 -500.000000000 -500.000000000
0.744090874 1.094999425 -1.531762651 -1.361211713 -2.048401586 -1.648916465 -0.609929550

4.874774676
0.946708715 1.338299102 -0.836236453 -1.526523336 -2.625225807 0.551395834 -0.376274305
-0.655173633 4.081099338 9.317474672 3.317840386 100.000000000 -100.000000000 -100.000000000
-1.526888823 -113.571180934 -117.307519004 67.469540066 99.349088782 500.000000000 500.000000000
0.743962112 1.094990894 -1.531763196 -1.361213115 -2.048410165 -1.648919037 -0.610059352

4.876219998
0.946708715 1.338299102 -0.836236453 -1.526523336 -2.625225807 0.551395834 -0.376274305
-0.655173633 4.081099338 9.317474672 3.317840386 100.000000000 -100.000000000 -100.000000000
-1.526888823 -113.571180934 -117.307519004 67.469540066 99.349088782 500.000000000 500.000000000
0.743962112 1.094990894 -1.531763196 -1.361213115 -2.048410165 -1.648919037 -0.610059352

4.876799491
0.941386151 1.396422601 -0.810899910 -1.568990435 -2.785540000 1.384729168 0.457059029
-0.630957124 8.017305616 1.246853892 -7.002984910 -36.995101665 100.000000000 100.000000000
-7.089437480 -145.450183482 -168.245188829 81.642067032 87.903566942 -500.000000000 -500.000000000
0.743698016 1.094973536 -1.531764207 -1.361215553 -2.048427616 -1.648924386 -0.610325143

4.877800501
0.941744850 1.424489336 -0.795706124 -1.569505535 -2.731659909 0.968062501 0.040392362
0.086087849 6.736016529 3.646508469 -0.123624055 12.931221645 -100.000000000 -100.000000000
-7.149671029 -190.491018780 -97.023507577 160.837186379 500.000000000 -500.000000000 -500.000000000
0.743567167 1.094965009 -1.531764655 -1.361216529 -2.048436186 -1.648927077 -0.610456600

4.878797825
0.947951773 1.453963868 -0.769478202 -1.538996823 -2.314993243 0.551395834 -0.376274305
1.489661404 7.073887519 6.294701457 7.322090932 100.000000000 -100.000000000 -100.000000000
-21.539525302 -167.672763320 -146.536022417 23.301381651 -190.302060525 500.000000000 500.000000000
0.743435929 1.094956491 -1.531765065 -1.361217398 -2.048444747 -1.648929783 -0.610588334

4.879798252
0.946083977 1.481455205 -0.744007158 -1.537827753 -2.674810237 0.968062501 0.040392362
-0.448270995 6.597921009 6.113050484 0.280576664 -86.356078503 100.000000000 100.000000000
-50.244812481 -177.378488068 -202.122715484 -128.663876226 -500.000000000 500.000000000 500.000000000
0.743304488 1.094948014 -1.531765442 -1.361218097 -2.048453264 -1.648932529 -0.610720101

4.880805597
0.941404359 1.511278883 -0.748811346 -1.557815905 -3.091476903 1.384729168 0.457059029
-1.123108370 7.157682581 -1.153005210 -4.797156426 -100.000000000 100.000000000 100.000000000
-11.312528965 -170.609139323 -201.036838115 12.049432346 500.000000000 -500.000000000 -500.000000000
0.743169225 1.094939324 -1.531765790 -1.361218709 -2.048461996 -1.648935357 -0.610855589

4.881807505
0.953564588 1.526600915 -0.765640023 -1.581302681 -2.924908227 0.968062501 0.084685042
2.918454944 3.677287645 -4.038882399 -5.636826273 39.976482221 -100.000000000 -89.369756910
2.638653993 -184.787607498 -55.235340171 115.602848083 500.000000000 -500.000000000 -500.000000000
0.743039122 1.094931015 -1.531766089 -1.361219141 -2.048470344 -1.648938107 -0.610985751

4.882802975
0.971871585 1.536835528 -0.771964552 -1.594292057 -2.556972003 0.556193447 -0.293330833
4.393679411 2.456307194 -1.517886937 -3.117450186 88.304693834 -98.848573034 -90.723809791
-79.421645475 -116.712742845 4.165041372 134.744879443 -500.000000000 500.000000000 500.000000000
0.742907807 1.094922679 -1.531766358 -1.361219418 -2.048478715 -1.648940913 -0.611116967

4.883888745
0.971871585 1.536835528 -0.771964552 -1.594292057 -2.556972003 0.556193447 -0.293330833
4.393679411 2.456307194 -1.517886937 -3.117450186 88.304693834 -98.848573034 -90.723809791
-79.421645475 -116.712742845 4.165041372 134.744879443 -500.000000000 500.000000000 500.000000000
0.742907807 1.094922679 -1.531766358 -1.361219418 -2.048478715 -1.648940913 -0.611116967

4.884801685
0.981005024 1.539870407 -0.797547868 -1.618240677 -2.871553203 0.930596711 0.037771704
2.192025238 0.728371064 -6.139995939 -5.747668863 -75.499488078 89.856783504 79.464608716
-110.785310500 -93.318398248 -45.622468295 85.656249864 -500.000000000 500.000000000 500.000000000
0.742645075 1.094906117 -1.531766782 -1.361219604 -2.048495349 -1.648946568 -0.611379124

4.885819421
0.988117320 1.572310868 -0.942093624 -1.678341874 -3.288219870 1.763930045 0.776103201
0.949655564 5.833074201 -21.458115857 -6.753148389 0.000000000 100.000000000 77.199559373
-39.297443253 -84.362757244 196.749115030 182.321193867 500.000000000 -500.000000000 -500.000000000
0.742512806 1.094897843 -1.531766941 -1.361219492 -2.048503656 -1.648949443 -0.611510896

4.886806920
0.987295968 1.585542143 -0.982400394 -1.697517287 -2.885931239 1.347263378 0.359436534
-0.197124339 3.175505804 -9.673624739 -4.602099126 96.549271522 -100.000000000 -100.000000000
-43.553562611 -164.402786514 370.194985481 166.775205976 123.971621387 -500.000000000 -500.000000000
0.742379969 1.094889581 -1.531767065 -1.361219233 -2.048511951 -1.648952355 -0.611643088

4.890048684
0.981811358 1.584080408 -0.981713903 -1.685812917 -2.469264572 0.930596711 -0.057230132
-1.316306553 -0.350816406 0.164757906 2.809048929 100.000000000 -100.000000000 -100.000000000
-43.553562611 -164.402786514 370.194985481 166.775205976 123.971621387 -500.000000000 -500.000000000
0.742379969 1.094889581 -1.531767065 -1.361219233 -2.048511951 -1.648952355 -0.611643088

4.909819459
0.707940382 1.515466067 -0.838796550 -1.691441390 -2.771652660 0.930596711 -0.306312657
-4.817256192 -1.546258612 3.309338576 -1.357136512 -100.000000000 100.000000000 100.000000000
43.390656498 -25.673121390 -174.229647788 -76.003927062 -500.000000000 500.000000000 500.000000000
0.739411832 1.094716432 -1.531760515 -1.361177129 -2.048685454 -1.649022923 -0.614560177

4.910801106
0.686676963 1.517117967 -0.865272018 -1.713874130 -3.188319327 1.347263378 0.110354010
-5.103220660 0.396456045 -6.354112446 -5.383857670 -100.000000000 100.000000000 100.000000000
99.477610678 -11.150591251 -135.483090038 60.169538897 500.000000000 -500.000000000 -500.000000000
0.739167383 1.094703129 -1.531759194 -1.361170631 -2.048698756 -1.649029190 -0.614797368

4.911979260
0.671326760 1.514661633 -0.861861596 -1.720909324 -2.925948424 0.930596711 -0.306312657
-3.684048681 -0.589520333 0.818501452 -1.688446532 62.969016765 -100.000000000 -100.000000000
107.313455155 -50.170604740 60.433531384 142.947503361 500.000000000 -500.000000000 -500.000000000
0.739030901 1.094695765 -1.531758405 -1.361166804 -2.048706117 -1.649032720 -0.614929595

4.912747871
0.660342269 1.509908774 -0.833736300 -1.703891804 -2.509281757 0.513930045 -0.722979324
-2.636277866 -1.140686044 6.750070860 4.084204874 100.000000000 -100.000000000 -100.000000000
80.451387684 -30.206180099 -83.359710012 69.743182652 -500.000000000 500.000000000 500.000000000
0.739030901 1.094695765 -1.531758405 -1.361166804 -2.048706117 -1.649032720 -0.614929595

4.913807057
0.640255333 1.505472467 -0.823200220 -1.711852910 -2.925948424 0.930596711 -0.306312657
-4.820864663 -1.064713641 2.528659272 -1.910665472 -100.000000000 100.000000000 100.000000000
60.578771898 -18.708418705 -204.803532890 -47.411140764 -500.000000000 500.000000000 500.000000000
0.738763694 1.094681476 -1.531756757 -1.361158906 -2.048720397 -1.649039691 -0.615188066

4.914852565
0.621495561 1.512194919 -0.861063165 -1.730786116 -3.342615090 1.347263378 0.110354010
-4.502345361 1.613388505 -9.087106837 -4.543969373 -100.000000000 100.000000000 100.000000000
106.268129322 -19.784826340 -121.428839119 73.282709781 500.000000000 -500.000000000 -500.000000000
0.738621401 1.094673934 -1.531755821 -1.361154489 -2.048727933 -1.649043434 -0.615325490

4.915790967
0.621495561 1.512194919 -0.861063165 -1.730786116 -3.342615090 1.347263378 0.110354010
-4.502345361 1.613388505 -9.087106837 -4.543969373 -100.000000000 100.000000000 100.000000000
101.759491280 -74.019868676 114.672871128 127.842550118 500.000000000 -500.000000000 -500.000000000
0.738493207 1.094667179 -1.531754945 -1.361150380 -2.048734680 -1.649046823 -0.615449169

4.916801352
0.606577677 1.512702386 -0.862664312 -1.739115864 -3.078898703 0.930596711 -0.306312657
-3.580291971 0.121792008 -0.384275165 -1.999139596 63.291932971 -100.000000000 -100.000000000
84.797392363 -44.239360836 -59.223560033 77.779340326 -500.000000000 500.000000000 500.000000000
0.738357416 1.094660073 -1.531753984 -1.361145878 -2.048741777 -1.649050442 -0.615580028

4.917765001
0.597401176 1.511625857 -0.843553597 -1.729597801 -2.662232036 0.513930045 -0.722979324
-2.202360369 -0.258366884 4.586571548 2.284335052 100.000000000 -100.000000000 -100.000000000
84.783813261 -44.240071518 -59.223463908 77.779790526 -500.000000000 500.000000000 500.000000000
0.738203400 1.094652060 -1.531752849 -1.361140619 -2.048749777 -1.649054565 -0.615728294

4.918807285
0.581113351 1.513157109 -0.849819598 -1.741042056 -3.078898703 0.930596711 -0.306312657
-3.909078047 0.367500324 -1.503840277 -2.746621073 -100.000000000 100.000000000 100.000000000
58.127429788 -36.530042050 -160.551356202 -8.840982814 -500.000000000 500.000000000 500.000000000
0.738085446 1.094645965 -1.531751951 -1.361136459 -2.048755861 -1.649057746 -0.615841714

4.919806986
0.581113351 1.513157109 -0.849819598 -1.741042056 -3.078898703 0.930596711 -0.306312657
-3.909078047 0.367500324 -1.503840277 -2.746621073 -100.000000000 100.000000000 100.000000000
93.878770444 -49.201120825 -38.116429720 92.922981067 500.000000000 -500.000000000 -500.000000000
0.737949897 1.094638993 -1.531750882 -1.361131579 -2.048762821 -1.649061408 -0.615971946

4.920816391
0.561765429 1.540979434 -0.913957133 -1.770034923 -2.662232036 0.930596711 -0.556583288
-1.890255493 2.468846505 -3.443824646 -1.450666116 100.000000000 -100.000000000 -100.000000000
71.895752323 -127.775589691 175.769372808 150.438330604 103.013588217 -500.000000000 -500.000000000
0.737812281 1.094631971 -1.531749765 -1.361126449 -2.048769827 -1.649065164 -0.616103993

4.921799392
0.555884055 1.545486183 -0.916694885 -1.743501777 -2.245565370 0.513930045 -0.973249955
-1.411529822 1.081619648 -0.657060392 6.367954924 100.000000000 -100.000000000 -100.000000000
55.409795067 -94.011676448 7.097229731 69.904169701 -500.000000000 500.000000000 500.000000000
0.737664882 1.094624489 -1.531748525 -1.361120827 -2.048777292 -1.649069197 -0.616245294

4.922798405
0.535241436 1.542009723 -0.916560340 -1.746488279 -2.662232036 0.930596711 -0.556583288
-4.954228584 -0.834350348 0.032290786 -0.716760298 -100.000000000 100.000000000 100.000000000
46.408679133 -66.718562306 -48.364156227 -89.121003393 -500.000000000 500.000000000 500.000000000
0.737538457 1.094618113 -1.531747429 -1.361115875 -2.048783652 -1.649072676 -0.616366360

4.923745741
0.509682563 1.542679341 -0.946043968 -1.769702530 -3.078898703 1.347263378 -0.139916621
-6.134129513 0.160708437 -7.076070773 -5.571420336 -100.000000000 100.000000000 100.000000000
119.314273743 -28.052154071 -62.164524662 52.872446266 500.000000000 -500.000000000 -500.000000000
0.737395296 1.094610940 -1.531746152 -1.361110117 -2.048790804 -1.649076641 -0.616503299

4.924798416
0.490761242 1.538666630 -0.943498099 -1.774078400 -2.810383703 0.930596711 -0.556583288
-4.541117185 -0.963050740 0.611008487 -1.050208880 64.443600104 -100.000000000 -100.000000000
145.453863551 -48.021008848 82.951197072 152.287648050 500.000000000 -500.000000000 -500.000000000
0.737256971 1.094604056 -1.531744881 -1.361104410 -2.048797667 -1.649080494 -0.616635469

4.925764355
0.478050533 1.533352638 -0.918538086 -1.751923608 -2.393717036 0.513930045 -0.973249955
-3.050570138 -1.275358187 5.990403274 5.317150184 100.000000000 -100.000000000 -100.000000000
115.471916593 -25.145242607 -71.044847956 62.301576668 -500.000000000 500.000000000 500.000000000
0.737121971 1.094597384 -1.531743607 -1.361098692 -2.048804317 -1.649084281 -0.616764313

4.926807551
0.454774150 1.525904141 -0.906036877 -1.757337531 -2.810383703 0.930596711 -0.556583288
-5.586331862 -1.787639163 3.000290000 -1.299341643 -100.000000000 100.000000000 100.000000000
86.918546585 -18.368361647 -181.128617629 -67.260512056 -500.000000000 500.000000000 500.000000000
0.736985218 1.094590658 -1.531742278 -1.361092794 -2.048811020 -1.649088122 -0.616894722

4.928732247
0.430583356 1.528244945 -0.937776674 -1.778069630 -3.227050369 1.347263378 -0.139916621
-5.805790510 0.561793008 -7.617551188 -4.975703587 -100.000000000 100.000000000 100.000000000
86.918546585 -18.368361647 -181.128617629 -67.260512056 -500.000000000 500.000000000 500.000000000
0.736985218 1.094590658 -1.531742278 -1.361092794 -2.048811020 -1.649088122 -0.616894722

4.928896578
0.430583356 1.528244945 -0.937776674 -1.778069630 -3.227050369 1.347263378 -0.139916621
-5.805790510 0.561793008 -7.617551188 -4.975703587 -100.000000000 100.000000000 100.000000000
139.947743999 -7.378565022 -122.576340093 65.611306609 500.000000000 -500.000000000 -500.000000000
0.736985218 1.094590658 -1.531742278 -1.361092794 -2.048811020 -1.649088122 -0.616894722

4.929997559
0.430583356 1.528244945 -0.937776674 -1.778069630 -3.227050369 1.347263378 -0.139916621
-5.805790510 0.561793008 -7.617551188 -4.975703587 -100.000000000 100.000000000 100.000000000
146.755996346 -54.601288875 92.954463324 141.211755305 500.000000000 -500.000000000 -500.000000000
0.736985218 1.094590658 -1.531742278 -1.361092794 -2.048811020 -1.649088122 -0.616894722

4.931271591
0.396383394 1.565731607 -1.061923899 -1.821044259 -2.818277657 1.347263378 -0.237687887
-3.597183793 3.799414122 -11.434410761 -4.285720644 98.105450913 -100.000000000 -100.000000000
124.736724912 -149.480675217 315.472705818 164.775085065 117.821965800 -500.000000000 -500.000000000
0.736448175 1.094564694 -1.531736729 -1.361068221 -2.048836877 -1.649103453 -0.617405433

4.931914288
0.381847355 1.568969394 -1.077135505 -1.806714554 -2.401610990 0.930596711 -0.654354553
-3.488649444 0.777068960 -3.650785445 3.439129131 100.000000000 -100.000000000 -100.000000000
105.950153953 -123.104973658 181.706932213 131.712016689 -500.000000000 500.000000000 500.000000000
0.736311307 1.094558175 -1.531735225 -1.361061650 -2.048843368 -1.649107397 -0.617535276

4.932802360
0.381847355 1.568969394 -1.077135505 -1.806714554 -2.401610990 0.930596711 -0.654354553
-3.488649444 0.777068960 -3.650785445 3.439129131 100.000000000 -100.000000000 -100.000000000
105.219384086 -62.982501087 27.555736886 -24.217292180 -500.000000000 500.000000000 500.000000000
0.736311307 1.094558175 -1.531735225 -1.361061650 -2.048843368 -1.649107397 -0.617535276

4.933807475
0.319270820 1.570795434 -1.157376348 -1.830650168 -3.234944324 1.763930045 0.178978780
-8.177552490 0.930676392 -13.472848351 -3.595334480 -100.000000000 100.000000000 100.000000000
175.097943912 -37.388123501 72.649676955 88.445794575 500.000000000 -500.000000000 -500.000000000
0.736034535 1.094545136 -1.531732082 -1.361047906 -2.048856341 -1.649115456 -0.617797387

4.935330425
0.283591635 1.589419490 -1.238455400 -1.842951399 -3.234944324 2.180596711 0.595645447
-8.563004440 4.469773416 -19.458972269 -2.952295510 0.000000000 100.000000000 100.000000000
205.227421298 -66.238557619 232.021393681 118.866915726 500.000000000 -500.000000000 -500.000000000
0.735898713 1.094538808 -1.531730490 -1.361040940 -2.048862633 -1.649119452 -0.617925794

4.935798436
0.251245135 1.597171608 -1.278784605 -1.849572685 -3.008156478 1.763930045 0.178978780
-7.763159885 1.860508220 -9.679009361 -1.589108528 54.429083067 -100.000000000 -100.000000000
216.490796664 -138.883536486 359.851936327 107.236956137 118.608169046 -500.000000000 -500.000000000
0.735762239 1.094532486 -1.531728853 -1.361033826 -2.048868920 -1.649123476 -0.618054699

4.936800993
0.223300255 1.587859676 -1.276752723 -1.835813783 -2.790734085 1.347263378 -0.237687887
-6.706771213 -2.234863748 0.487651762 3.302136463 52.181374192 -100.000000000 -100.000000000
203.714908116 -87.474076600 168.285762413 80.636056372 -500.000000000 500.000000000 500.000000000
0.735625775 1.094526204 -1.531727181 -1.361026589 -2.048875167 -1.649127517 -0.618183468

4.937798468
0.186754103 1.579651291 -1.301790534 -1.831512952 -3.190589946 1.763930045 0.178978780
-8.771076581 -1.970012262 -6.009074753 1.032199311 -95.965406496 100.000000000 100.000000000
185.367976273 -4.636072224 -35.250481082 -18.564009875 -500.000000000 500.000000000 500.000000000
0.735488206 1.094519918 -1.531725463 -1.361019140 -2.048881412 -1.649131618 -0.618313129

4.938800456
0.149142179 1.587022284 -1.354342020 -1.827122509 -3.190589946 2.180596711 0.595645447
-9.026861587 1.769038202 -12.612356602 1.053706422 0.000000000 100.000000000 100.000000000
230.294941979 -9.112892035 97.188002189 26.405394977 500.000000000 -500.000000000 -500.000000000
0.735350691 1.094513676 -1.531723709 -1.361011566 -2.048887615 -1.649135735 -0.618442608

4.939807383
0.119803728 1.587493074 -1.374826950 -1.821419532 -2.969912952 1.763930045 0.178978780
-7.041228304 0.112989669 -4.916383041 1.368714411 52.962478464 -100.000000000 -100.000000000
239.158082921 -84.631624757 234.508963120 25.536965802 114.170233109 -500.000000000 -500.000000000
0.735212181 1.094507436 -1.531721909 -1.361003791 -2.048893812 -1.649139908 -0.618572878

4.940808388
0.098294312 1.574741235 -1.361870861 -1.799843721 -2.757025626 1.347263378 -0.237687887
-5.162259819 -3.060441222 3.109461346 5.178194615 51.092958172 -100.000000000 -100.000000000
202.365411406 -51.558357162 82.638164824 18.667285914 -500.000000000 500.000000000 500.000000000
0.735074329 1.094501262 -1.531720081 -1.360995936 -2.048899944 -1.649144072 -0.618702410

4.941805602
0.068913952 1.563108682 -1.378052655 -1.791987210 -3.157323720 1.763930045 0.178978780
-7.051286313 -2.791812933 -3.883630600 1.885562743 -96.071542408 100.000000000 100.000000000
166.923198061 13.184827071 -79.174148951 -59.679113800 -500.000000000 500.000000000 500.000000000
0.734933265 1.094494989 -1.531718174 -1.360987758 -2.048906173 -1.649148354 -0.618834817

4.942807405
0.037976606 1.567362976 -1.423408538 -1.786725012 -3.157323720 2.180596711 0.595645447
-7.424963037 1.021030673 -10.885411956 1.262927566 0.000000000 100.000000000 100.000000000
207.627657544 8.974889360 62.306060122 5.388690280 500.000000000 -500.000000000 -500.000000000
0.734798093 1.094489024 -1.531716314 -1.360979774 -2.048912092 -1.649152484 -0.618961548

4.960797431
-0.189386992 1.470358813 -1.703628974 -1.690730413 -3.160791588 1.763930045 0.595645447
-1.418240818 -4.154248016 -1.419640452 0.426021567 -97.581032847 100.000000000 100.000000000
83.263832928 28.149238827 -74.434683621 -39.251736477 -500.000000000 500.000000000 500.000000000
0.732283635 1.094385434 -1.531675700 -1.360808073 -2.049014612 -1.649232792 -0.621295592

4.961796987
-0.201771630 1.466881451 -1.737909894 -1.691093791 -3.160791588 2.180596712 1.012312113
-2.972313166 -0.834566729 -8.227420749 -0.087210708 0.000000000 100.000000000 100.000000000
120.531879009 45.487622445 45.588136511 24.471802682 500.000000000 -500.000000000 -500.000000000
0.732141945 1.094380009 -1.531673077 -1.360797099 -2.049019963 -1.649237514 -0.621425805

4.962811105
-0.205681968 1.462677835 -1.748402374 -1.691638865 -2.951244604 1.763930045 0.595645447
-0.938481118 -1.008867880 -2.518195213 -0.130817779 50.291276089 -100.000000000 -100.000000000
152.837620876 -20.558809602 185.172096707 34.773883385 111.177162504 -500.000000000 -500.000000000
0.732014594 1.094375172 -1.531670689 -1.360787115 -2.049024733 -1.649241777 -0.621542721

4.963799177
-0.200011348 1.449743154 -1.730081434 -1.677078636 -2.753156537 1.347263378 0.178978780
1.360948919 -3.104323514 4.397025655 3.494454886 47.541136177 -100.000000000 -100.000000000
112.539278576 -16.652908721 72.037072721 35.701530614 -500.000000000 500.000000000 500.000000000
0.732014594 1.094375172 -1.531670689 -1.360787115 -2.049024733 -1.649241777 -0.621542721

4.964925345
-0.201956123 1.432971910 -1.735531472 -1.675649485 -3.160186563 1.763930045 0.595645447
-0.466746071 -4.025098461 -1.308009258 0.342996277 -97.687206295 100.000000000 100.000000000
65.968246069 26.549092408 -68.099146612 -38.258727628 -500.000000000 500.000000000 500.000000000
0.731739051 1.094364818 -1.531665425 -1.360765158 -2.049034938 -1.649251049 -0.621795324

4.966991598
-0.201956123 1.432971910 -1.735531472 -1.675649485 -3.160186563 1.763930045 0.595645447
-0.466746071 -4.025098461 -1.308009258 0.342996277 -97.687206295 100.000000000 100.000000000
65.968246069 26.549092408 -68.099146612 -38.258727628 -500.000000000 500.000000000 500.000000000
0.731739051 1.094364818 -1.531665425 -1.360765158 -2.049034938 -1.649251049 -0.621795324

4.967786016
-0.201956123 1.432971910 -1.735531472 -1.675649485 -3.160186563 1.763930045 0.595645447
-0.466746071 -4.025098461 -1.308009258 0.342996277 -97.687206295 100.000000000 100.000000000
102.704438799 46.641260039 46.546789900 24.628507187 500.000000000 -500.000000000 -500.000000000
0.731376794 1.094351465 -1.531658307 -1.360735476 -2.049048085 -1.649263373 -0.622126607

4.968762015
-0.210833548 1.429584147 -1.768705653 -1.676252065 -3.160186563 2.180596712 1.012312113
-2.130582050 -0.813063273 -7.961803429 -0.144619163 0.000000000 100.000000000 100.000000000
102.686794349 46.640606197 46.547133733 24.629942022 500.000000000 -500.000000000 -500.000000000
0.731376794 1.094351465 -1.531658307 -1.360735476 -2.049048085 -1.649263373 -0.622126607

4.970123563
-0.224063322 1.426109157 -1.845327585 -1.674224377 -3.160186563 1.765194242 1.132769173
-0.639051935 -1.394395355 -5.227267090 0.454333779 0.000000000 -99.696592637 -71.090305665
145.978999215 -44.965472800 292.429244193 30.893697201 111.113112487 -382.986717036 -500.000000000
0.731028514 1.094338884 -1.531651245 -1.360706134 -2.049060462 -1.649275335 -0.622444290

4.970801628
-0.217055805 1.406104681 -1.823942958 -1.662988382 -3.145897101 1.348527576 0.716102506
1.681804168 -4.801074282 5.132310415 2.696638792 3.429470965 -100.000000000 -100.000000000
108.290222321 -5.289120206 135.912975744 22.265148749 111.112610119 500.000000000 500.000000000
0.730887966 1.094333882 -1.531648337 -1.360694056 -2.049065379 -1.649280199 -0.622572254

4.971794357
-0.220339865 1.395617697 -1.826323733 -1.665090035 -3.120755726 1.765194242 1.132769173
-0.788174468 -2.516876079 -0.571386046 -0.504396631 6.033929861 100.000000000 100.000000000
108.290222321 -5.289120206 135.912975744 22.265148749 111.112610119 500.000000000 500.000000000
0.730887966 1.094333882 -1.531648337 -1.360694056 -2.049065379 -1.649280199 -0.622572254

4.972764722
-0.220339865 1.395617697 -1.826323733 -1.665090035 -3.120755726 1.765194242 1.132769173
-0.788174468 -2.516876079 -0.571386046 -0.504396631 6.033929861 100.000000000 100.000000000
61.158293706 64.844405730 -73.416746224 -23.703343281 41.093752905 500.000000000 500.000000000
0.730729230 1.094328281 -1.531645011 -1.360680266 -2.049070883 -1.649285714 -0.622716624

4.973805816
-0.231580531 1.397086327 -1.855682132 -1.674483669 -2.965233319 2.181860909 1.549435840
-2.697759744 0.352471060 -7.046015771 -2.254472249 37.325377868 100.000000000 100.000000000
150.170811299 -37.325762341 173.324353453 76.471136963 -500.000000000 -500.000000000 -500.000000000
0.730468062 1.094319192 -1.531639448 -1.360657174 -2.049079805 -1.649294859 -0.622953756

4.974799155
-0.221109320 1.369462721 -1.841731721 -1.652952617 -3.143677549 1.354128645 0.793657646
2.649510288 -4.949241238 5.849429242 4.510679770 0.000000000 -98.655743266 -81.386766403
42.167532441 71.470471833 -85.979357510 -60.984051135 109.459774437 500.000000000 500.000000000
0.730326081 1.094314308 -1.531636373 -1.360644444 -2.049084598 -1.649299854 -0.623082489

4.975761433
-0.221491565 1.364313594 -1.853919017 -1.651450258 -3.127698648 1.770795312 1.210324313
-0.091738699 -1.235790601 -2.924951124 0.360566153 3.834936270 100.000000000 100.000000000
42.153334348 71.469983429 -85.979050017 -60.982778058 109.459295164 500.000000000 500.000000000
0.730326081 1.094314308 -1.531636373 -1.360644444 -2.049084598 -1.649299854 -0.623082489

4.976806893
-0.230333046 1.372680104 -1.893661701 -1.659864056 -2.907684018 2.187461979 1.626990980
-2.121955432 2.007962544 -9.538244110 -2.019311431 52.803511209 100.000000000 100.000000000
42.153334348 71.469983429 -85.979050017 -60.982778058 109.459295164 500.000000000 500.000000000
0.730152097 1.094308377 -1.531632557 -1.360628673 -2.049090415 -1.649305996 -0.623240067

4.977811543
-0.228541992 1.372788662 -1.912909935 -1.657064430 -2.977552830 1.770795312 1.210324313
0.429852954 0.026053791 -4.619576070 0.671910093 -16.768514800 -100.000000000 -100.000000000
138.476688582 -67.996792606 226.968038914 70.310769833 -500.000000000 -500.000000000 -500.000000000
0.729886919 1.094299471 -1.531626645 -1.360604217 -2.049099143 -1.649315433 -0.623479820

4.978812724
-0.215021157 1.359710859 -1.899637750 -1.636897522 -2.975454209 1.358284180 0.874466188
3.245000213 -3.138672625 3.185324359 4.840058066 0.503668861 -99.002671656 -80.605949954
87.245831933 -28.369994937 130.519850346 16.207819434 428.215664676 500.000000000 500.000000000
0.729743984 1.094294725 -1.531623407 -1.360590862 -2.049103792 -1.649320539 -0.623608874

4.979800603
-0.213478064 1.357391148 -1.898773640 -1.636794917 -2.649412932 1.774950847 1.291132855
0.370342397 -0.556730775 0.207386433 0.024625157 78.249906479 100.000000000 100.000000000
29.576509845 36.231839057 -26.905052930 -69.170495377 82.561664548 500.000000000 500.000000000
0.729743984 1.094294725 -1.531623407 -1.360590862 -2.049103792 -1.649320539 -0.623608874

4.980825049
-0.218293105 1.359794196 -1.908954021 -1.646595878 -2.232746266 2.191617514 1.707799522
-1.155609918 0.576731552 -2.443291453 -2.352230668 100.000000000 100.000000000 100.000000000
86.902768845 -15.175440496 32.567582401 27.129091748 -500.000000000 -500.000000000 -500.000000000
0.729471771 1.094285809 -1.531617146 -1.360565046 -2.049112518 -1.649330325 -0.623854267

4.982003062
-0.211273265 1.352997995 -1.926492316 -1.642802771 -2.649412932 1.774950847 1.291132855
1.684761700 -1.631088223 -4.209190938 0.910345805 -100.000000000 -100.000000000 -100.000000000
86.902768845 -15.175440496 32.567582401 27.129091748 -500.000000000 -500.000000000 -500.000000000
0.729471771 1.094285809 -1.531617146 -1.360565046 -2.049112518 -1.649330325 -0.623854267

4.983014451
-0.191871906 1.332999950 -1.932267410 -1.612935852 -3.066079599 1.358284180 0.874466188
4.656326196 -4.799530785 -1.386022562 7.168060533 -100.000000000 -100.000000000 -100.000000000
60.361907925 6.749986079 123.671741365 10.018530800 500.000000000 500.000000000 500.000000000
0.729193670 1.094276869 -1.531610624 -1.360538141 -2.049121258 -1.649340412 -0.624104437

4.983848050
-0.191871906 1.332999950 -1.932267410 -1.612935852 -3.066079599 1.358284180 0.874466188
4.656326196 -4.799530785 -1.386022562 7.168060533 -100.000000000 -100.000000000 -100.000000000
60.361907925 6.749986079 123.671741365 10.018530800 500.000000000 500.000000000 500.000000000
0.729193670 1.094276869 -1.531610624 -1.360538141 -2.049121258 -1.649340412 -0.624104437

4.984806825
-0.190806982 1.336759048 -1.978089675 -1.603936395 -2.638776229 2.191617514 1.707799522
-1.198837106 2.420472779 -7.525384374 -1.108242878 100.000000000 100.000000000 100.000000000
-1.019966327 72.118307592 67.786129897 -118.121439600 500.000000000 500.000000000 500.000000000
0.728908941 1.094267876 -1.531603809 -1.360510091 -2.049130041 -1.649350809 -0.624360060

4.985853101
-0.185588016 1.343019326 -1.996838210 -1.596906617 -2.503150231 1.774950847 1.291132855
1.252551819 1.502466711 -4.499648412 1.687146587 32.550239465 -100.000000000 -100.000000000
115.948334410 -72.658572841 195.156274099 46.507487955 -500.000000000 -500.000000000 -500.000000000
0.728765213 1.094263405 -1.531600319 -1.360495717 -2.049134404 -1.649356096 -0.624488880

4.986836466
-0.167052430 1.334413347 -2.003628393 -1.570926593 -2.919816898 1.358284180 0.874466188
4.448540784 -2.065435125 -1.629643963 6.235205863 -100.000000000 -100.000000000 -100.000000000
66.384286509 -54.924926393 136.516757371 -10.101841691 -500.000000000 500.000000000 500.000000000
0.728623520 1.094259033 -1.531596843 -1.360481433 -2.049138668 -1.649361318 -0.624615761

4.987822585
-0.153758055 1.319412626 -2.021447698 -1.549719564 -3.336483565 1.774950847 1.291132855
3.190649938 -3.600172976 -4.276633037 5.089686923 -100.000000000 100.000000000 100.000000000
0.596779254 17.293271148 79.796034319 -103.659601324 500.000000000 500.000000000 500.000000000
0.728481187 1.094254686 -1.531593318 -1.360466947 -2.049142905 -1.649366587 -0.624743075

4.989268933
-0.153758055 1.319412626 -2.021447698 -1.549719564 -3.336483565 1.774950847 1.291132855
3.190649938 -3.600172976 -4.276633037 5.089686923 -100.000000000 100.000000000 100.000000000
0.596779254 17.293271148 79.796034319 -103.659601324 500.000000000 500.000000000 500.000000000
0.728481187 1.094254686 -1.531593318 -1.360466947 -2.049142905 -1.649366587 -0.624743075

4.989747870
-0.154334533 1.323377540 -2.061503357 -1.541808932 -3.122358355 2.191617514 1.707799522
-0.138354734 0.951579263 -9.613358161 1.898551733 51.390050369 100.000000000 100.000000000
24.410925477 49.487665509 134.518098732 -82.868476749 500.000000000 -500.000000000 -500.000000000
0.728481187 1.094254686 -1.531593318 -1.360466947 -2.049142905 -1.649366587 -0.624743075

4.990801813
-0.147101121 1.328394389 -2.078454846 -1.537639702 -2.710769947 1.774950847 1.291132855
1.736018981 1.204043866 -4.068357529 1.000615144 98.781217938 -100.000000000 -100.000000000
91.020292980 -41.944725110 245.258879931 -19.833910065 -500.000000000 -500.000000000 -500.000000000
0.728051487 1.094241816 -1.531582473 -1.360422413 -2.049155436 -1.649382619 -0.625126631

4.991838063
-0.147101121 1.328394389 -2.078454846 -1.537639702 -2.710769947 1.774950847 1.291132855
1.736018981 1.204043866 -4.068357529 1.000615144 98.781217938 -100.000000000 -100.000000000
52.794881143 -47.496134630 136.054387924 -2.290574006 -500.000000000 500.000000000 500.000000000
0.728051487 1.094241816 -1.531582473 -1.360422413 -2.049155436 -1.649382619 -0.625126631

4.992814765
-0.113717008 1.343131390 -2.083181688 -1.483725331 -2.298788551 0.941617514 0.457799522
5.426555423 0.457108117 -0.340217311 8.777155735 -1.124465105 -100.000000000 -100.000000000
52.794881143 -47.496134630 136.054387924 -2.290574006 -500.000000000 500.000000000 500.000000000
0.727766347 1.094233476 -1.531575104 -1.360392233 -2.049163546 -1.649393342 -0.625380514

4.993767869
-0.113717008 1.343131390 -2.083181688 -1.483725331 -2.298788551 0.941617514 0.457799522
5.426555423 0.457108117 -0.340217311 8.777155735 -1.124465105 -100.000000000 -100.000000000
-24.382773002 -34.031953762 61.965004605 -163.209804832 47.451802640 500.000000000 500.000000000
0.727766347 1.094233476 -1.531575104 -1.360392233 -2.049163546 -1.649393342 -0.625380514

4.994803006
-0.069092758 1.313292486 -2.065200317 -1.486846428 -3.102544643 1.774950847 1.291132855
4.490422505 -2.993048061 0.535604749 -2.559948730 -92.901462020 100.000000000 100.000000000
-42.846630199 60.212325661 -22.012388210 -24.637262595 500.000000000 -500.000000000 -500.000000000
0.727481260 1.094225312 -1.531567607 -1.360361511 -2.049171472 -1.649404156 -0.625633801

5.015826252
0.151831736 1.342769380 -1.802437371 -1.434648524 -2.753968923 1.376921077 0.874466188
2.508693296 1.548457001 2.605320140 1.802760944 57.499872210 100.000000000 100.000000000
7.117132207 -55.830558106 -25.011549018 -28.594381076 -500.000000000 -500.000000000 -500.000000000
0.724551881 1.094150898 -1.531482932 -1.360016130 -2.049243139 -1.649519785 -0.628206487

5.016959607
0.156837193 1.358775316 -1.816190071 -1.445558791 -2.569659892 1.793587743 1.291132855
1.201309644 3.841424680 -3.300647931 -2.618463951 44.234167351 100.000000000 100.000000000
7.098148543 -55.830988234 -25.010958868 -28.591979460 -500.000000000 -500.000000000 -500.000000000
0.724306830 1.094145446 -1.531475229 -1.359984816 -2.049248335 -1.649529828 -0.628419260

5.017792915
0.156837193 1.358775316 -1.816190071 -1.445558791 -2.569659892 1.793587743 1.291132855
1.201309644 3.841424680 -3.300647931 -2.618463951 44.234167351 100.000000000 100.000000000
7.098148543 -55.830988234 -25.010958868 -28.591979460 -500.000000000 -500.000000000 -500.000000000
0.724306830 1.094145446 -1.531475229 -1.359984816 -2.049248335 -1.649529828 -0.628419260

5.018802433
0.167093642 1.395165204 -1.882756636 -1.492117272 -2.650513351 1.793587743 1.291132855
2.331499258 2.975899178 -8.006846673 -4.375605012 -100.000000000 -100.000000000 -100.000000000
54.077176139 -144.015815771 191.174998150 147.360572599 -500.000000000 -500.000000000 -500.000000000
0.724011381 1.094139026 -1.531465814 -1.359946581 -2.049254443 -1.649542006 -0.628675305

5.019815689
0.167093642 1.395165204 -1.882756636 -1.492117272 -2.650513351 1.793587743 1.291132855
2.331499258 2.975899178 -8.006846673 -4.375605012 -100.000000000 -100.000000000 -100.000000000
9.061788733 -89.620601298 195.266015629 100.729169390 500.000000000 500.000000000 500.000000000
0.723866208 1.094135935 -1.531461139 -1.359927596 -2.049257379 -1.649548020 -0.628800919

5.020798458
0.193169344 1.391275785 -1.902145960 -1.475629521 -3.048809875 1.793587743 1.291132855
1.552408286 0.994410946 -3.569114113 0.760463163 4.408834026 100.000000000 100.000000000
-40.398682283 9.257781878 57.267823324 -52.044890496 500.000000000 500.000000000 500.000000000
0.723725609 1.094132982 -1.531456580 -1.359909081 -2.049260179 -1.649553867 -0.628922446

5.021797817
0.188785171 1.412453722 -1.939921896 -1.487296284 -2.632143209 2.210254410 1.707799522
-1.052201673 5.082704803 -9.066224776 -2.800023025 100.000000000 100.000000000 100.000000000
22.007460777 -49.602499214 108.451220263 -3.637219258 11.778289111 -500.000000000 -500.000000000
0.723580388 1.094129967 -1.531451836 -1.359889849 -2.049263037 -1.649559917 -0.629047855

5.022806419
0.192896545 1.426869316 -1.961560695 -1.485357140 -2.549994275 1.793587743 1.291132855
0.986729739 3.459742727 -5.193311697 0.465394507 19.715744106 -100.000000000 -100.000000000
74.523555200 -133.486471536 222.171501539 68.741103950 -500.000000000 -500.000000000 -500.000000000
0.723434703 1.094126984 -1.531447045 -1.359870423 -2.049265860 -1.649566006 -0.629173534

5.024211937
0.209550896 1.421620548 -1.958676860 -1.462484806 -2.966660942 1.376921077 0.874466188
3.997044234 -1.259704330 0.692120404 5.489360259 -100.000000000 -100.000000000 -100.000000000
33.319221082 -102.469087789 146.877598956 3.240781521 -344.242040667 500.000000000 500.000000000
0.723288930 1.094124047 -1.531442220 -1.359850837 -2.049268635 -1.649572129 -0.629299141

5.024783887
0.220528730 1.411869150 -1.964220675 -1.444253473 -3.383327608 1.793587743 1.291132855
2.634680209 -2.340335503 -1.330515667 4.375519706 -100.000000000 100.000000000 100.000000000
-28.567081272 -7.555563535 28.881055867 -99.523808356 500.000000000 500.000000000 500.000000000
0.723137027 1.094121024 -1.531437155 -1.359830311 -2.049271489 -1.649578521 -0.629429909

5.025805102
0.218260703 1.424026254 -2.003049700 -1.439284109 -3.160709762 2.210254410 1.707799522
-0.544326328 2.917704963 -9.318965896 1.192647468 53.428283181 100.000000000 100.000000000
-2.432774486 15.031897406 69.888665329 -79.068077841 500.000000000 -500.000000000 -500.000000000
0.722995958 1.094118261 -1.531432422 -1.359811107 -2.049274092 -1.649584484 -0.629551212

5.026804476
0.222234381 1.437916286 -2.023595039 -1.439254387 -2.752340455 1.793587743 1.291132855
0.953682608 3.333607601 -4.930881487 0.007133179 98.008633568 -100.000000000 -100.000000000
61.360051971 -91.344898575 233.541045745 -15.905649158 -500.000000000 -500.000000000 -500.000000000
0.722850262 1.094115443 -1.531427498 -1.359791164 -2.049276745 -1.649590653 -0.629676378

5.027804058
0.241287477 1.431889491 -2.011279253 -1.415343127 -3.006597800 1.376921077 0.874466188
4.572742977 -1.446430825 2.955788802 5.738702412 -61.021762627 -100.000000000 -100.000000000
30.987935994 -101.052236305 147.834383881 7.803658805 -500.000000000 500.000000000 500.000000000
0.722704228 1.094112667 -1.531422534 -1.359771021 -2.049279352 -1.649596869 -0.629801686

5.029487975
0.252450228 1.426551943 -2.012446238 -1.401872419 -2.998690185 1.793587743 1.213847727
2.679060276 -1.281011558 -0.280076385 3.232970082 1.897827415 100.000000000 81.451569398
-43.313184365 -4.849065847 -11.130104188 -109.216837642 500.000000000 500.000000000 500.000000000
0.722557935 1.094109919 -1.531417524 -1.359750745 -2.049281933 -1.649603100 -0.629927112

5.029776325
0.252450228 1.426551943 -2.012446238 -1.401872419 -2.998690185 1.793587743 1.213847727
2.679060276 -1.281011558 -0.280076385 3.232970082 1.897827415 100.000000000 81.451569398
-6.570434759 -7.623971266 53.704399057 -60.447234223 56.984276945 -500.000000000 -500.000000000
0.722410134 1.094107189 -1.531412431 -1.359730110 -2.049284490 -1.649609425 -0.630053684

5.030811098
0.252450228 1.426551943 -2.012446238 -1.401872419 -2.998690185 1.793587743 1.213847727
2.679060276 -1.281011558 -0.280076385 3.232970082 1.897827415 100.000000000 81.451569398
-6.570434759 -7.623971266 53.704399057 -60.447234223 56.984276945 -500.000000000 -500.000000000
0.722410134 1.094107189 -1.531412431 -1.359730110 -2.049284490 -1.649609425 -0.630053684

5.031876679
0.257715933 1.450533152 -2.066106942 -1.399309776 -2.451768061 1.793587743 1.213847727
1.524285682 2.651678735 -5.339434596 1.639647176 31.261309778 -100.000000000 -100.000000000
52.299901782 -96.614231766 202.027893355 25.135511445 -500.000000000 -500.000000000 -500.000000000
0.722117549 1.094101904 -1.531402250 -1.359688888 -2.049289430 -1.649621999 -0.630303865

5.033048670
0.277730313 1.444257337 -2.064655696 -1.374278463 -2.868434728 1.376921077 0.797181061
4.803451197 -1.506195485 0.348299000 6.007514979 -100.000000000 -100.000000000 -100.000000000
15.954447911 -88.676699483 160.259161132 -28.830854715 -500.000000000 500.000000000 500.000000000
0.721970367 1.094099309 -1.531397079 -1.359667954 -2.049291850 -1.649628355 -0.630429518

5.033822225
0.296506423 1.428112052 -2.064276977 -1.355917241 -3.285101395 1.793587743 1.213847727
4.506266230 -3.874868417 0.090892486 4.406693372 -100.000000000 100.000000000 100.000000000
-51.645018612 -4.891893162 46.359881674 -118.689248666 500.000000000 500.000000000 500.000000000
0.721815410 1.094096622 -1.531391600 -1.359645774 -2.049294351 -1.649635069 -0.630561667

5.034898919
0.300345932 1.433020509 -2.099702790 -1.351747035 -3.060226396 2.210254410 1.630514394
0.921482172 1.178029530 -8.502194998 1.000849342 53.969999621 100.000000000 100.000000000
-51.645018612 -4.891893162 46.359881674 -118.689248666 500.000000000 500.000000000 500.000000000
0.721815410 1.094096622 -1.531391600 -1.359645774 -2.049294351 -1.649635069 -0.630561667

5.035802891
0.307824186 1.443200238 -2.123977162 -1.350326810 -2.647530310 1.793587743 1.213847727
1.794781123 2.443135026 -5.825849451 0.340854135 99.047060683 -100.000000000 -100.000000000
23.703407564 -57.453216487 226.875513471 -20.804859517 -500.000000000 -500.000000000 -500.000000000
0.721523054 1.094091672 -1.531381161 -1.359603549 -2.049298945 -1.649647790 -0.630810611

5.036802029
0.331157926 1.435255454 -2.115236090 -1.325485295 -2.899546877 1.376921077 0.797181061
5.600097440 -1.906748050 2.097857291 5.961963409 -60.483975985 -100.000000000 -100.000000000
5.474264253 -83.773557125 175.776589128 -7.744756648 -500.000000000 500.000000000 500.000000000
0.721384196 1.094089374 -1.531376157 -1.359583330 -2.049301073 -1.649653852 -0.630928681

5.037799674
0.354088380 1.416826717 -2.108354398 -1.308836433 -3.316213543 1.793587743 1.213847727
5.503309093 -4.422896985 1.651606190 3.995726983 -100.000000000 100.000000000 100.000000000
-72.979321819 4.018352953 16.428847562 -122.649071584 500.000000000 500.000000000 500.000000000
0.721236701 1.094086979 -1.531370811 -1.359561707 -2.049303285 -1.649660320 -0.631053953

5.038750885
0.360380625 1.420439857 -2.143465589 -1.306721363 -3.088564207 2.210254410 1.630514394
1.510138633 0.867153626 -8.426685826 0.507616856 54.635840762 100.000000000 100.000000000
-73.351349776 56.183965889 24.666234912 -84.987067067 500.000000000 -500.000000000 -500.000000000
0.721075271 1.094084407 -1.531364923 -1.359537889 -2.049305655 -1.649667427 -0.631190906

5.039801042
0.369022807 1.430424135 -2.170705303 -1.307374110 -2.672206614 1.793587743 1.213847727
2.074123827 2.396226686 -6.537531468 -0.156659384 99.925822208 -100.000000000 -100.000000000
5.866692013 -49.978617504 229.743783072 -15.433989743 -500.000000000 -500.000000000 -500.000000000
0.720940404 1.094082291 -1.531359972 -1.359517889 -2.049307603 -1.649673372 -0.631305221

5.040798379
0.394291243 1.422138446 -2.161058181 -1.283411904 -2.924712418 1.376921077 0.797181061
6.064424517 -1.988565452 2.315309387 5.750929530 -60.601392949 -100.000000000 -100.000000000
-6.290716897 -81.558718166 194.685162456 -2.081190197 -500.000000000 500.000000000 500.000000000
0.720794818 1.094080041 -1.531354596 -1.359496189 -2.049309669 -1.649679803 -0.631428507

5.041806727
0.420081547 1.402997379 -2.151105835 -1.266647429 -3.341379085 1.793587743 1.213847727
6.189673044 -4.593855946 2.388562913 4.023473878 -100.000000000 100.000000000 100.000000000
-88.638132780 6.965468592 16.664170787 -122.627019149 500.000000000 500.000000000 500.000000000
0.720646418 1.094077801 -1.531349087 -1.359473907 -2.049311720 -1.649686397 -0.631554017

5.042798959
0.427890966 1.405877702 -2.186633117 -1.264391100 -3.110847788 2.210254410 1.630514394
1.874260654 0.691277373 -8.526547568 0.541519163 55.327511119 100.000000000 100.000000000
-93.736973730 60.985161064 14.204416559 -89.752125276 500.000000000 -500.000000000 -500.000000000
0.720504672 1.094075692 -1.531343792 -1.359452523 -2.049313646 -1.649692703 -0.631673796

5.043798502
0.437051977 1.415790191 -2.216517781 -1.265270405 -2.694181122 1.793587743 1.213847727
2.198642578 2.378997375 -7.172319500 -0.211033270 100.000000000 -100.000000000 -100.000000000
-8.223842508 -45.005748371 236.059883863 -20.336525581 -500.000000000 -500.000000000 -500.000000000
0.720336530 1.094073240 -1.531337472 -1.359427005 -2.049315881 -1.649700205 -0.631815729

5.044798349
0.463865129 1.407305529 -2.205363027 -1.241067197 -2.949844636 1.376921077 0.797181061
6.435156362 -2.036318897 2.677140988 5.808769842 -61.359243421 -100.000000000 -100.000000000
-15.644396291 -79.751642553 211.964420955 -5.194994651 -500.000000000 500.000000000 500.000000000
0.720202342 1.094071325 -1.531332399 -1.359406510 -2.049317621 -1.649706217 -0.631928869

5.045769006
0.492273197 1.387714281 -2.191559536 -1.223601693 -3.366511303 1.793587743 1.213847727
6.817936447 -4.701899420 3.312837969 4.191721093 -100.000000000 100.000000000 100.000000000
-103.069405883 9.402957576 13.860243042 -128.009328171 500.000000000 500.000000000 500.000000000
0.720202342 1.094071325 -1.531332399 -1.359406510 -2.049317621 -1.649706217 -0.631928869

5.047607473
0.492273197 1.387714281 -2.191559536 -1.223601693 -3.366511303 1.793587743 1.213847727
6.817936447 -4.701899420 3.312837969 4.191721093 -100.000000000 100.000000000 100.000000000
-103.069405883 9.402957576 13.860243042 -128.009328171 500.000000000 500.000000000 500.000000000
0.720202342 1.094071325 -1.531332399 -1.359406510 -2.049317621 -1.649706217 -0.631928869

5.073944991
0.809392897 1.329454129 -2.277760795 -1.184376335 -2.609225835 2.215500385 1.786756301
-2.098176929 4.348407141 -11.952891418 -2.999504026 100.000000000 100.000000000 100.000000000
-50.217128887 -13.608526576 87.459387393 -62.642869030 97.653768872 -500.000000000 -500.000000000
0.716017249 1.094028137 -1.531160911 -1.358715643 -2.049354813 -1.649901529 -0.635405450

5.074816539
0.806069032 1.345932719 -2.314766962 -1.185435569 -2.440063384 1.798833719 1.370089635
-0.797727457 3.954861583 -8.881480078 -0.254216053 40.598988168 -100.000000000 -100.000000000
32.609249946 -110.510849113 313.718554577 42.559114720 -500.000000000 -500.000000000 -500.000000000
0.715699075 1.094026148 -1.531146842 -1.358659080 -2.049356303 -1.649916994 -0.635665690

5.075820392
0.822523500 1.342192732 -2.305896248 -1.164347995 -2.856730051 1.382167052 0.953422968
3.949072286 -0.897596759 2.128971337 5.061017770 -100.000000000 -100.000000000 -100.000000000
6.917553357 -104.287888697 255.991613529 -12.238030084 -500.000000000 500.000000000 500.000000000
0.715573375 1.094025409 -1.531141244 -1.358636589 -2.049356845 -1.649923123 -0.635768355

5.076803548
0.845356407 1.325236497 -2.280921250 -1.150622957 -3.273396717 1.798833719 1.370089635
5.479897590 -4.069496400 5.993999424 3.294008971 -100.000000000 100.000000000 100.000000000
-89.676458232 -6.864797116 34.896073648 -120.649214844 500.000000000 500.000000000 500.000000000
0.715428051 1.094024595 -1.531134746 -1.358610460 -2.049357428 -1.649930234 -0.635886922

5.077894178
0.847523399 1.328660004 -2.306203198 -1.153655813 -3.039177579 2.215500385 1.786756301
0.520078023 0.821641633 -6.067667469 -0.727885356 56.212593138 100.000000000 100.000000000
-122.590787410 58.268737799 -44.901338007 -86.678929676 500.000000000 -500.000000000 -500.000000000
0.715268038 1.094023741 -1.531127556 -1.358581557 -2.049358026 -1.649938082 -0.636017340

5.078965841
0.846614075 1.342142336 -2.337850459 -1.158419609 -2.622510913 1.798833719 1.370089635
-0.218237601 3.235759665 -7.595342566 -1.143311140 100.000000000 -100.000000000 -100.000000000
-23.627096486 -39.896458943 198.860913587 -5.934867298 -500.000000000 -500.000000000 -500.000000000
0.715268038 1.094023741 -1.531127556 -1.358581557 -2.049358026 -1.649938082 -0.636017340

5.079831483
0.864856872 1.338818026 -2.326975602 -1.137635809 -2.884689420 1.382167052 0.953422968
4.378271154 -0.797834440 2.609965730 4.988111948 -62.922841645 -100.000000000 -100.000000000
-8.784695068 -89.527127805 232.579811720 2.852722087 -500.000000000 500.000000000 500.000000000
0.715119604 1.094022991 -1.531120855 -1.358554616 -2.049358537 -1.649945385 -0.636138191

5.080779754
0.889409208 1.322866939 -2.303866480 -1.126064800 -3.301356086 1.798833719 1.370089635
5.892560775 -3.828260792 5.546189117 2.777042199 -100.000000000 100.000000000 100.000000000
-102.553690300 -8.522885115 27.386819745 -121.851470952 500.000000000 500.000000000 500.000000000
0.714823429 1.094021600 -1.531107388 -1.358500530 -2.049359450 -1.649959994 -0.636378991

5.081790552
0.892313815 1.327417031 -2.334696971 -1.131134148 -3.063120466 2.215500385 1.786756301
0.697105518 1.092021920 -7.399317690 -1.216643326 57.176548740 100.000000000 100.000000000
-135.309793420 53.680681922 -33.647873146 -78.784416899 500.000000000 -500.000000000 -500.000000000
0.714672265 1.094020961 -1.531100472 -1.358472703 -2.049359841 -1.649967498 -0.636501674

5.082817850
0.891620041 1.341456106 -2.371424935 -1.137582714 -2.646453800 1.798833719 1.370089635
-0.166505592 3.369377993 -8.814711428 -1.547655904 100.000000000 -100.000000000 -100.000000000
-135.309793420 53.680681922 -33.647873146 -78.784416899 500.000000000 -500.000000000 -500.000000000
0.714672265 1.094020961 -1.531100472 -1.358472703 -2.049359841 -1.649967498 -0.636501674

5.084845405
0.891620041 1.341456106 -2.371424935 -1.137582714 -2.646453800 1.798833719 1.370089635
-0.166505592 3.369377993 -8.814711428 -1.547655904 100.000000000 -100.000000000 -100.000000000
-31.706265290 -45.180045367 228.346003641 1.599011012 -500.000000000 -500.000000000 -500.000000000
0.714508464 1.094020302 -1.531092937 -1.358442445 -2.049360232 -1.649975630 -0.636634504

5.085767193
0.911255339 1.337943642 -2.360022019 -1.117294867 -2.913388404 1.382167052 0.953422968
4.712471410 -0.842991302 2.736699967 4.869083337 -64.064305045 -100.000000000 -100.000000000
-14.381045884 -92.131140229 260.327428316 8.867144922 -500.000000000 500.000000000 500.000000000
0.714203179 1.094019204 -1.531078797 -1.358385648 -2.049360824 -1.649990856 -0.636881658

5.086753811
0.967265553 1.314930177 -2.270835407 -1.052250175 -3.330055071 1.382167052 0.882243893
3.829926939 -0.154240737 3.482637446 3.173390737 0.000000000 100.000000000 82.917022018
-215.974590318 85.224408848 -283.015589679 -278.035444322 500.000000000 500.000000000 500.000000000
0.713909874 1.094018308 -1.531065091 -1.358330583 -2.049361229 -1.650005565 -0.637118617

5.087762211
0.967265553 1.314930177 -2.270835407 -1.052250175 -3.330055071 1.382167052 0.882243893
3.829926939 -0.154240737 3.482637446 3.173390737 0.000000000 100.000000000 82.917022018
-215.974590318 85.224408848 -283.015589679 -278.035444322 500.000000000 500.000000000 500.000000000
0.713767467 1.094017918 -1.531058390 -1.358303707 -2.049361380 -1.650012719 -0.637233521

5.088799968
0.955746201 1.372763789 -2.409036470 -1.079210238 -2.521674223 1.382167052 0.882243893
-0.779354228 6.662777471 -13.572737215 -1.504476994 94.011403382 -100.000000000 -100.000000000
15.183203655 -169.444215989 474.052857340 70.782548092 -500.000000000 -500.000000000 -500.000000000
0.713613900 1.094017549 -1.531051137 -1.358274565 -2.049361489 -1.650020471 -0.637357273

5.089979299
0.976469491 1.374928819 -2.394404930 -1.050724486 -2.612126993 0.965500385 0.465577227
4.973589646 0.519607313 3.511569472 6.836580436 -21.708664777 -100.000000000 -100.000000000
-8.626145538 -161.130173360 359.253277544 2.183107181 -500.000000000 500.000000000 500.000000000
0.713456539 1.094017208 -1.531043670 -1.358244587 -2.049361562 -1.650028426 -0.637483964

5.090807460
1.014664860 1.357789278 -2.332626769 -1.047984013 -3.028793660 1.382167052 0.882243893
9.166888445 -4.113489825 14.826758708 0.657713508 -100.000000000 100.000000000 100.000000000
-125.773088164 -38.483307309 16.104736601 -167.483618761 490.449838693 500.000000000 500.000000000
0.713310327 1.094016926 -1.531036699 -1.358216625 -2.049361595 -1.650035829 -0.637601570

5.091801036
1.032541434 1.359843018 -2.329613802 -1.072627354 -2.955873558 1.798833719 1.298910560
4.290377830 0.492897498 0.723112020 -5.914401878 17.500824440 100.000000000 100.000000000
-213.473222196 55.892561325 -216.376167216 -44.177531355 500.000000000 -500.000000000 -500.000000000
0.713159094 1.094016685 -1.531029463 -1.358187546 -2.049361575 -1.650043523 -0.637723060

5.092799397
1.040065052 1.376294439 -2.349379704 -1.085967452 -2.539206891 1.382167052 0.882243893
1.805668337 3.948341144 -4.743816388 -3.201623374 100.000000000 -100.000000000 -100.000000000
-117.745790626 -36.440583261 65.396193531 89.732018435 -259.365290477 -500.000000000 -500.000000000
0.713007273 1.094016472 -1.531022163 -1.358158261 -2.049361526 -1.650051251 -0.637844925

5.093800755
1.053939678 1.383421507 -2.351313070 -1.062189564 -2.339720700 0.965500385 0.465577227
3.329910307 1.710496191 -0.464007872 5.706693032 47.876685884 -100.000000000 -100.000000000
-68.819144688 -107.194619539 176.712081824 36.813386572 -500.000000000 500.000000000 500.000000000
0.712853802 1.094016304 -1.531014754 -1.358128513 -2.049361427 -1.650059091 -0.637967970

5.094800197
1.083236562 1.371717429 -2.312161034 -1.070591334 -2.756387367 1.382167052 0.882243893
7.031252185 -2.808978537 9.396488561 -2.016424706 -100.000000000 100.000000000 100.000000000
-100.706793750 -63.150444095 91.309989015 -143.727755501 -500.000000000 500.000000000 500.000000000
0.712702086 1.094016177 -1.531007398 -1.358098983 -2.049361289 -1.650066859 -0.638089486

5.095806621
1.119022963 1.352975358 -2.271757008 -1.098129573 -3.173054034 1.798833719 1.298910560
8.588736127 -4.498097219 9.696966385 -6.609177447 -100.000000000 100.000000000 100.000000000
-177.678491313 28.409445457 -109.814407600 11.577729164 500.000000000 -500.000000000 -500.000000000
0.712550088 1.094016088 -1.530999997 -1.358069275 -2.049361110 -1.650074661 -0.638211103

5.096807607
1.146848566 1.346230555 -2.240750168 -1.115953417 -3.173054034 1.382394022 0.885996109
6.678144860 -1.618752653 7.441641505 -4.277722482 0.000000000 -99.945527271 -99.099468285
-212.422010064 64.066017482 -119.863626606 106.189578810 500.000000000 -500.000000000 -500.000000000
0.712397870 1.094016038 -1.530992552 -1.358039407 -2.049360892 -1.650082490 -0.638332777

5.097758345
1.165962480 1.348174545 -2.212315542 -1.116312883 -2.756387367 0.965727355 0.469329442
4.587339349 0.466557651 6.824310261 -0.086271823 100.000000000 -100.000000000 -100.000000000
-177.007966870 7.153601421 -77.857068535 61.345850648 112.369314120 500.000000000 500.000000000
0.712244293 1.094016023 -1.530985008 -1.358009162 -2.049360637 -1.650090399 -0.638455424

5.098807678
1.172754910 1.358880731 -2.225779245 -1.138002998 -2.516456885 1.382394022 0.885996109
1.630183076 2.569484591 -3.231288829 -5.205627620 57.583315731 100.000000000 100.000000000
-137.118605732 -34.747005223 -68.353151789 -22.444191424 -500.000000000 500.000000000 500.000000000
0.712092555 1.094016056 -1.530977525 -1.357979125 -2.049360333 -1.650098247 -0.638576454

5.100179838
1.172754910 1.358880731 -2.225779245 -1.138002998 -2.516456885 1.382394022 0.885996109
1.630183076 2.569484591 -3.231288829 -5.205627620 57.583315731 100.000000000 100.000000000
-137.118605732 -34.747005223 -68.353151789 -22.444191424 -500.000000000 500.000000000 500.000000000
0.712092555 1.094016056 -1.530977525 -1.357979125 -2.049360333 -1.650098247 -0.638576454

5.100799897
1.195061456 1.354949935 -2.257681737 -1.211188302 -3.288982981 2.215727355 1.719329442
2.509529191 -0.945842253 -5.378913852 -8.705387001 -100.000000000 100.000000000 100.000000000
-104.132089296 -26.536514871 115.982888537 158.875394295 500.000000000 -500.000000000 -500.000000000
0.711787686 1.094016241 -1.530962398 -1.357918414 -2.049359600 -1.650114070 -0.638819255

5.101797246
1.197797593 1.359475202 -2.274709509 -1.240009305 -3.288982981 1.801408136 1.436452100
0.656672833 1.086063915 -4.086665292 -6.917040547 0.000000000 -99.436612563 -67.890561977
-98.517960774 -7.176524336 180.250210919 159.434728887 500.000000000 -500.000000000 -500.000000000
0.711634021 1.094016388 -1.530954723 -1.357887647 -2.049359177 -1.650122063 -0.638941466

5.102798547
1.201292127 1.363154997 -2.263103189 -1.257170956 -2.926870567 1.384741469 1.019785434
0.838688333 0.883150809 2.785516768 -4.118796256 86.906979281 -100.000000000 -100.000000000
-61.749813817 -48.267159686 156.108784463 126.552976692 123.962380375 500.000000000 500.000000000
0.711482173 1.094016580 -1.530947111 -1.357857095 -2.049358708 -1.650129993 -0.639062086

5.104140102
1.201292127 1.363154997 -2.263103189 -1.257170956 -2.926870567 1.384741469 1.019785434
0.838688333 0.883150809 2.785516768 -4.118796256 86.906979281 -100.000000000 -100.000000000
-61.749813817 -48.267159686 156.108784463 126.552976692 123.962380375 500.000000000 500.000000000
0.711482173 1.094016580 -1.530947111 -1.357857095 -2.049358708 -1.650129993 -0.639062086

5.124812074
1.158117325 1.256334398 -2.233042474 -1.155078743 -2.586550427 1.810916114 1.822453163
-1.453125573 2.695242701 -6.759555164 -6.225264908 70.508701166 100.000000000 100.000000000
-76.807745948 26.967957952 -82.370652895 -26.039903840 -500.000000000 -500.000000000 -500.000000000
0.708092641 1.094030905 -1.530769187 -1.357143921 -2.049337898 -1.650311699 -0.641723095

5.125803172
1.158117325 1.256334398 -2.233042474 -1.155078743 -2.586550427 1.810916114 1.822453163
-1.453125573 2.695242701 -6.759555164 -6.225264908 70.508701166 100.000000000 100.000000000
-76.807745948 26.967957952 -82.370652895 -26.039903840 -500.000000000 -500.000000000 -500.000000000
0.708092641 1.094030905 -1.530769187 -1.357143921 -2.049337898 -1.650311699 -0.641723095

